location,type,state,country,industrial_relevance,priority,primary_page_planned,existing_page,top_materials,top_product_forms,top_industries,safe_claims,unsafe_claims_to_avoid,status,notes
Mumbai,city,Maharashtra,India,"Industrial buyer, fabrication, EPC or trade enquiry market",P1,https://rubinoxmetal.com/locations/mumbai.html,https://rubinoxmetal.com/locations/mumbai.html,stainless steel; duplex; nickel alloys; carbon steel,pipes; tubes; sheets; plates; flanges; fittings; bars; rods,fabrication; EPC; chemical; engineering; infrastructure; maintenance,supplier support for Mumbai buyers; RFQ coordination from Mumbai/PAN India,"local office, local warehouse, stockyard, ready stock, same-day delivery",existing mapped,Improve only after keyword and Search Console review.
Navi Mumbai,city,Maharashtra,India,"Industrial buyer, fabrication, EPC or trade enquiry market",P2,https://rubinoxmetal.com/locations/navi-mumbai.html,https://rubinoxmetal.com/locations/navi-mumbai.html,stainless steel; duplex; nickel alloys; carbon steel,pipes; tubes; sheets; plates; flanges; fittings; bars; rods,fabrication; EPC; chemical; engineering; infrastructure; maintenance,supplier support for Navi Mumbai buyers; RFQ coordination from Mumbai/PAN India,"local office, local warehouse, stockyard, ready stock, same-day delivery",existing mapped,Improve only after keyword and Search Console review.
Thane,city,Maharashtra,India,"Industrial buyer, fabrication, EPC or trade enquiry market",P2,https://rubinoxmetal.com/locations/thane.html,https://rubinoxmetal.com/locations/thane.html,stainless steel; duplex; nickel alloys; carbon steel,pipes; tubes; sheets; plates; flanges; fittings; bars; rods,fabrication; EPC; chemical; engineering; infrastructure; maintenance,supplier support for Thane buyers; RFQ coordination from Mumbai/PAN India,"local office, local warehouse, stockyard, ready stock, same-day delivery",existing mapped,Improve only after keyword and Search Console review.
Pune,city,Maharashtra,India,"Industrial buyer, fabrication, EPC or trade enquiry market",P1,https://rubinoxmetal.com/locations/pune.html,https://rubinoxmetal.com/locations/pune.html,stainless steel; duplex; nickel alloys; carbon steel,pipes; tubes; sheets; plates; flanges; fittings; bars; rods,fabrication; EPC; chemical; engineering; infrastructure; maintenance,supplier support for Pune buyers; RFQ coordination from Mumbai/PAN India,"local office, local warehouse, stockyard, ready stock, same-day delivery",existing mapped,Improve only after keyword and Search Console review.
Chennai,city,Tamil Nadu,India,"Industrial buyer, fabrication, EPC or trade enquiry market",P1,https://rubinoxmetal.com/locations/chennai.html,https://rubinoxmetal.com/locations/chennai.html,stainless steel; duplex; nickel alloys; carbon steel,pipes; tubes; sheets; plates; flanges; fittings; bars; rods,fabrication; EPC; chemical; engineering; infrastructure; maintenance,supplier support for Chennai buyers; RFQ coordination from Mumbai/PAN India,"local office, local warehouse, stockyard, ready stock, same-day delivery",existing mapped,Improve only after keyword and Search Console review.
Bengaluru,city,Karnataka,India,"Industrial buyer, fabrication, EPC or trade enquiry market",P1,https://rubinoxmetal.com/locations/bengaluru.html,https://rubinoxmetal.com/locations/bengaluru.html,stainless steel; duplex; nickel alloys; carbon steel,pipes; tubes; sheets; plates; flanges; fittings; bars; rods,fabrication; EPC; chemical; engineering; infrastructure; maintenance,supplier support for Bengaluru buyers; RFQ coordination from Mumbai/PAN India,"local office, local warehouse, stockyard, ready stock, same-day delivery",existing mapped,Improve only after keyword and Search Console review.
Hyderabad,city,Telangana,India,"Industrial buyer, fabrication, EPC or trade enquiry market",P1,https://rubinoxmetal.com/locations/hyderabad.html,https://rubinoxmetal.com/locations/hyderabad.html,stainless steel; duplex; nickel alloys; carbon steel,pipes; tubes; sheets; plates; flanges; fittings; bars; rods,fabrication; EPC; chemical; engineering; infrastructure; maintenance,supplier support for Hyderabad buyers; RFQ coordination from Mumbai/PAN India,"local office, local warehouse, stockyard, ready stock, same-day delivery",existing mapped,Improve only after keyword and Search Console review.
Delhi,city,Delhi,India,"Industrial buyer, fabrication, EPC or trade enquiry market",P1,https://rubinoxmetal.com/locations/delhi.html,https://rubinoxmetal.com/locations/delhi.html,stainless steel; duplex; nickel alloys; carbon steel,pipes; tubes; sheets; plates; flanges; fittings; bars; rods,fabrication; EPC; chemical; engineering; infrastructure; maintenance,supplier support for Delhi buyers; RFQ coordination from Mumbai/PAN India,"local office, local warehouse, stockyard, ready stock, same-day delivery",existing mapped,Improve only after keyword and Search Console review.
Gurugram,city,Haryana,India,"Industrial buyer, fabrication, EPC or trade enquiry market",P2,https://rubinoxmetal.com/locations/gurugram.html,https://rubinoxmetal.com/locations/gurugram-manesar.html,stainless steel; duplex; nickel alloys; carbon steel,pipes; tubes; sheets; plates; flanges; fittings; bars; rods,fabrication; EPC; chemical; engineering; infrastructure; maintenance,supplier support for Gurugram buyers; RFQ coordination from Mumbai/PAN India,"local office, local warehouse, stockyard, ready stock, same-day delivery",existing mapped,Improve only after keyword and Search Console review.
Noida,city,Uttar Pradesh,India,"Industrial buyer, fabrication, EPC or trade enquiry market",P2,https://rubinoxmetal.com/locations/noida.html,https://rubinoxmetal.com/locations/noida.html,stainless steel; duplex; nickel alloys; carbon steel,pipes; tubes; sheets; plates; flanges; fittings; bars; rods,fabrication; EPC; chemical; engineering; infrastructure; maintenance,supplier support for Noida buyers; RFQ coordination from Mumbai/PAN India,"local office, local warehouse, stockyard, ready stock, same-day delivery",existing mapped,Improve only after keyword and Search Console review.
Faridabad,city,Haryana,India,"Industrial buyer, fabrication, EPC or trade enquiry market",P2,https://rubinoxmetal.com/locations/faridabad.html,https://rubinoxmetal.com/locations/faridabad.html,stainless steel; duplex; nickel alloys; carbon steel,pipes; tubes; sheets; plates; flanges; fittings; bars; rods,fabrication; EPC; chemical; engineering; infrastructure; maintenance,supplier support for Faridabad buyers; RFQ coordination from Mumbai/PAN India,"local office, local warehouse, stockyard, ready stock, same-day delivery",existing mapped,Improve only after keyword and Search Console review.
Ghaziabad,city,Uttar Pradesh,India,"Industrial buyer, fabrication, EPC or trade enquiry market",P2,https://rubinoxmetal.com/locations/ghaziabad.html,https://rubinoxmetal.com/locations/ghaziabad.html,stainless steel; duplex; nickel alloys; carbon steel,pipes; tubes; sheets; plates; flanges; fittings; bars; rods,fabrication; EPC; chemical; engineering; infrastructure; maintenance,supplier support for Ghaziabad buyers; RFQ coordination from Mumbai/PAN India,"local office, local warehouse, stockyard, ready stock, same-day delivery",existing mapped,Improve only after keyword and Search Console review.
Ahmedabad,city,Gujarat,India,"Industrial buyer, fabrication, EPC or trade enquiry market",P1,https://rubinoxmetal.com/locations/ahmedabad.html,https://rubinoxmetal.com/locations/ahmedabad.html,stainless steel; duplex; nickel alloys; carbon steel,pipes; tubes; sheets; plates; flanges; fittings; bars; rods,fabrication; EPC; chemical; engineering; infrastructure; maintenance,supplier support for Ahmedabad buyers; RFQ coordination from Mumbai/PAN India,"local office, local warehouse, stockyard, ready stock, same-day delivery",existing mapped,Improve only after keyword and Search Console review.
Vadodara,city,Gujarat,India,"Industrial buyer, fabrication, EPC or trade enquiry market",P1,https://rubinoxmetal.com/locations/vadodara.html,https://rubinoxmetal.com/locations/vadodara.html,stainless steel; duplex; nickel alloys; carbon steel,pipes; tubes; sheets; plates; flanges; fittings; bars; rods,fabrication; EPC; chemical; engineering; infrastructure; maintenance,supplier support for Vadodara buyers; RFQ coordination from Mumbai/PAN India,"local office, local warehouse, stockyard, ready stock, same-day delivery",existing mapped,Improve only after keyword and Search Console review.
Surat,city,Gujarat,India,"Industrial buyer, fabrication, EPC or trade enquiry market",P1,https://rubinoxmetal.com/locations/surat.html,https://rubinoxmetal.com/locations/surat.html,stainless steel; duplex; nickel alloys; carbon steel,pipes; tubes; sheets; plates; flanges; fittings; bars; rods,fabrication; EPC; chemical; engineering; infrastructure; maintenance,supplier support for Surat buyers; RFQ coordination from Mumbai/PAN India,"local office, local warehouse, stockyard, ready stock, same-day delivery",existing mapped,Improve only after keyword and Search Console review.
Rajkot,city,Gujarat,India,"Industrial buyer, fabrication, EPC or trade enquiry market",P2,https://rubinoxmetal.com/locations/rajkot.html,https://rubinoxmetal.com/locations/rajkot.html,stainless steel; duplex; nickel alloys; carbon steel,pipes; tubes; sheets; plates; flanges; fittings; bars; rods,fabrication; EPC; chemical; engineering; infrastructure; maintenance,supplier support for Rajkot buyers; RFQ coordination from Mumbai/PAN India,"local office, local warehouse, stockyard, ready stock, same-day delivery",existing mapped,Improve only after keyword and Search Console review.
Jamnagar,city,Gujarat,India,"Industrial buyer, fabrication, EPC or trade enquiry market",P2,https://rubinoxmetal.com/locations/jamnagar.html,https://rubinoxmetal.com/locations/jamnagar.html,stainless steel; duplex; nickel alloys; carbon steel,pipes; tubes; sheets; plates; flanges; fittings; bars; rods,fabrication; EPC; chemical; engineering; infrastructure; maintenance,supplier support for Jamnagar buyers; RFQ coordination from Mumbai/PAN India,"local office, local warehouse, stockyard, ready stock, same-day delivery",existing mapped,Improve only after keyword and Search Console review.
Vapi,city,Gujarat,India,"Industrial buyer, fabrication, EPC or trade enquiry market",P2,https://rubinoxmetal.com/locations/vapi.html,https://rubinoxmetal.com/locations/vapi.html,stainless steel; duplex; nickel alloys; carbon steel,pipes; tubes; sheets; plates; flanges; fittings; bars; rods,fabrication; EPC; chemical; engineering; infrastructure; maintenance,supplier support for Vapi buyers; RFQ coordination from Mumbai/PAN India,"local office, local warehouse, stockyard, ready stock, same-day delivery",existing mapped,Improve only after keyword and Search Console review.
Ankleshwar,city,Gujarat,India,"Industrial buyer, fabrication, EPC or trade enquiry market",P2,https://rubinoxmetal.com/locations/ankleshwar.html,https://rubinoxmetal.com/locations/ankleshwar.html,stainless steel; duplex; nickel alloys; carbon steel,pipes; tubes; sheets; plates; flanges; fittings; bars; rods,fabrication; EPC; chemical; engineering; infrastructure; maintenance,supplier support for Ankleshwar buyers; RFQ coordination from Mumbai/PAN India,"local office, local warehouse, stockyard, ready stock, same-day delivery",existing mapped,Improve only after keyword and Search Console review.
Bharuch,city,Gujarat,India,"Industrial buyer, fabrication, EPC or trade enquiry market",P2,https://rubinoxmetal.com/locations/bharuch.html,https://rubinoxmetal.com/locations/bharuch.html,stainless steel; duplex; nickel alloys; carbon steel,pipes; tubes; sheets; plates; flanges; fittings; bars; rods,fabrication; EPC; chemical; engineering; infrastructure; maintenance,supplier support for Bharuch buyers; RFQ coordination from Mumbai/PAN India,"local office, local warehouse, stockyard, ready stock, same-day delivery",existing mapped,Improve only after keyword and Search Console review.
Dahej,city,Gujarat,India,"Industrial buyer, fabrication, EPC or trade enquiry market",P2,https://rubinoxmetal.com/locations/dahej.html,no,stainless steel; duplex; nickel alloys; carbon steel,pipes; tubes; sheets; plates; flanges; fittings; bars; rods,fabrication; EPC; chemical; engineering; infrastructure; maintenance,supplier support for Dahej buyers; RFQ coordination from Mumbai/PAN India,"local office, local warehouse, stockyard, ready stock, same-day delivery",planned candidate,Improve only after keyword and Search Console review.
Hazira,city,Gujarat,India,"Industrial buyer, fabrication, EPC or trade enquiry market",P2,https://rubinoxmetal.com/locations/hazira.html,no,stainless steel; duplex; nickel alloys; carbon steel,pipes; tubes; sheets; plates; flanges; fittings; bars; rods,fabrication; EPC; chemical; engineering; infrastructure; maintenance,supplier support for Hazira buyers; RFQ coordination from Mumbai/PAN India,"local office, local warehouse, stockyard, ready stock, same-day delivery",planned candidate,Improve only after keyword and Search Console review.
Kolkata,city,West Bengal,India,"Industrial buyer, fabrication, EPC or trade enquiry market",P2,https://rubinoxmetal.com/locations/kolkata.html,https://rubinoxmetal.com/locations/kolkata-howrah-durgapur.html,stainless steel; duplex; nickel alloys; carbon steel,pipes; tubes; sheets; plates; flanges; fittings; bars; rods,fabrication; EPC; chemical; engineering; infrastructure; maintenance,supplier support for Kolkata buyers; RFQ coordination from Mumbai/PAN India,"local office, local warehouse, stockyard, ready stock, same-day delivery",existing mapped,Improve only after keyword and Search Console review.
Coimbatore,city,Tamil Nadu,India,"Industrial buyer, fabrication, EPC or trade enquiry market",P2,https://rubinoxmetal.com/locations/coimbatore.html,https://rubinoxmetal.com/locations/coimbatore.html,stainless steel; duplex; nickel alloys; carbon steel,pipes; tubes; sheets; plates; flanges; fittings; bars; rods,fabrication; EPC; chemical; engineering; infrastructure; maintenance,supplier support for Coimbatore buyers; RFQ coordination from Mumbai/PAN India,"local office, local warehouse, stockyard, ready stock, same-day delivery",existing mapped,Improve only after keyword and Search Console review.
Kochi,city,Kerala,India,"Industrial buyer, fabrication, EPC or trade enquiry market",P2,https://rubinoxmetal.com/locations/kochi.html,no,stainless steel; duplex; nickel alloys; carbon steel,pipes; tubes; sheets; plates; flanges; fittings; bars; rods,fabrication; EPC; chemical; engineering; infrastructure; maintenance,supplier support for Kochi buyers; RFQ coordination from Mumbai/PAN India,"local office, local warehouse, stockyard, ready stock, same-day delivery",planned candidate,Improve only after keyword and Search Console review.
Visakhapatnam,city,Andhra Pradesh,India,"Industrial buyer, fabrication, EPC or trade enquiry market",P2,https://rubinoxmetal.com/locations/visakhapatnam.html,https://rubinoxmetal.com/locations/visakhapatnam.html,stainless steel; duplex; nickel alloys; carbon steel,pipes; tubes; sheets; plates; flanges; fittings; bars; rods,fabrication; EPC; chemical; engineering; infrastructure; maintenance,supplier support for Visakhapatnam buyers; RFQ coordination from Mumbai/PAN India,"local office, local warehouse, stockyard, ready stock, same-day delivery",existing mapped,Improve only after keyword and Search Console review.
Nagpur,city,Maharashtra,India,"Industrial buyer, fabrication, EPC or trade enquiry market",P2,https://rubinoxmetal.com/locations/nagpur.html,https://rubinoxmetal.com/locations/nagpur.html,stainless steel; duplex; nickel alloys; carbon steel,pipes; tubes; sheets; plates; flanges; fittings; bars; rods,fabrication; EPC; chemical; engineering; infrastructure; maintenance,supplier support for Nagpur buyers; RFQ coordination from Mumbai/PAN India,"local office, local warehouse, stockyard, ready stock, same-day delivery",existing mapped,Improve only after keyword and Search Console review.
Nashik,city,Maharashtra,India,"Industrial buyer, fabrication, EPC or trade enquiry market",P2,https://rubinoxmetal.com/locations/nashik.html,https://rubinoxmetal.com/locations/nashik.html,stainless steel; duplex; nickel alloys; carbon steel,pipes; tubes; sheets; plates; flanges; fittings; bars; rods,fabrication; EPC; chemical; engineering; infrastructure; maintenance,supplier support for Nashik buyers; RFQ coordination from Mumbai/PAN India,"local office, local warehouse, stockyard, ready stock, same-day delivery",existing mapped,Improve only after keyword and Search Console review.
Indore,city,Madhya Pradesh,India,"Industrial buyer, fabrication, EPC or trade enquiry market",P2,https://rubinoxmetal.com/locations/indore.html,https://rubinoxmetal.com/locations/indore-pithampur.html,stainless steel; duplex; nickel alloys; carbon steel,pipes; tubes; sheets; plates; flanges; fittings; bars; rods,fabrication; EPC; chemical; engineering; infrastructure; maintenance,supplier support for Indore buyers; RFQ coordination from Mumbai/PAN India,"local office, local warehouse, stockyard, ready stock, same-day delivery",existing mapped,Improve only after keyword and Search Console review.
Bhopal,city,Madhya Pradesh,India,"Industrial buyer, fabrication, EPC or trade enquiry market",P2,https://rubinoxmetal.com/locations/bhopal.html,https://rubinoxmetal.com/locations/bhopal-mandideep.html,stainless steel; duplex; nickel alloys; carbon steel,pipes; tubes; sheets; plates; flanges; fittings; bars; rods,fabrication; EPC; chemical; engineering; infrastructure; maintenance,supplier support for Bhopal buyers; RFQ coordination from Mumbai/PAN India,"local office, local warehouse, stockyard, ready stock, same-day delivery",existing mapped,Improve only after keyword and Search Console review.
Raipur,city,Chhattisgarh,India,"Industrial buyer, fabrication, EPC or trade enquiry market",P2,https://rubinoxmetal.com/locations/raipur.html,https://rubinoxmetal.com/locations/raipur.html,stainless steel; duplex; nickel alloys; carbon steel,pipes; tubes; sheets; plates; flanges; fittings; bars; rods,fabrication; EPC; chemical; engineering; infrastructure; maintenance,supplier support for Raipur buyers; RFQ coordination from Mumbai/PAN India,"local office, local warehouse, stockyard, ready stock, same-day delivery",existing mapped,Improve only after keyword and Search Console review.
Bhilai,city,Chhattisgarh,India,"Industrial buyer, fabrication, EPC or trade enquiry market",P2,https://rubinoxmetal.com/locations/bhilai.html,https://rubinoxmetal.com/locations/bhilai.html,stainless steel; duplex; nickel alloys; carbon steel,pipes; tubes; sheets; plates; flanges; fittings; bars; rods,fabrication; EPC; chemical; engineering; infrastructure; maintenance,supplier support for Bhilai buyers; RFQ coordination from Mumbai/PAN India,"local office, local warehouse, stockyard, ready stock, same-day delivery",existing mapped,Improve only after keyword and Search Console review.
Jamshedpur,city,Jharkhand,India,"Industrial buyer, fabrication, EPC or trade enquiry market",P2,https://rubinoxmetal.com/locations/jamshedpur.html,https://rubinoxmetal.com/locations/jamshedpur.html,stainless steel; duplex; nickel alloys; carbon steel,pipes; tubes; sheets; plates; flanges; fittings; bars; rods,fabrication; EPC; chemical; engineering; infrastructure; maintenance,supplier support for Jamshedpur buyers; RFQ coordination from Mumbai/PAN India,"local office, local warehouse, stockyard, ready stock, same-day delivery",existing mapped,Improve only after keyword and Search Console review.
Rourkela,city,Odisha,India,"Industrial buyer, fabrication, EPC or trade enquiry market",P2,https://rubinoxmetal.com/locations/rourkela.html,no,stainless steel; duplex; nickel alloys; carbon steel,pipes; tubes; sheets; plates; flanges; fittings; bars; rods,fabrication; EPC; chemical; engineering; infrastructure; maintenance,supplier support for Rourkela buyers; RFQ coordination from Mumbai/PAN India,"local office, local warehouse, stockyard, ready stock, same-day delivery",planned candidate,Improve only after keyword and Search Console review.
Ludhiana,city,Punjab,India,"Industrial buyer, fabrication, EPC or trade enquiry market",P2,https://rubinoxmetal.com/locations/ludhiana.html,https://rubinoxmetal.com/locations/ludhiana.html,stainless steel; duplex; nickel alloys; carbon steel,pipes; tubes; sheets; plates; flanges; fittings; bars; rods,fabrication; EPC; chemical; engineering; infrastructure; maintenance,supplier support for Ludhiana buyers; RFQ coordination from Mumbai/PAN India,"local office, local warehouse, stockyard, ready stock, same-day delivery",existing mapped,Improve only after keyword and Search Console review.
Chandigarh,city,Chandigarh,India,"Industrial buyer, fabrication, EPC or trade enquiry market",P2,https://rubinoxmetal.com/locations/chandigarh.html,no,stainless steel; duplex; nickel alloys; carbon steel,pipes; tubes; sheets; plates; flanges; fittings; bars; rods,fabrication; EPC; chemical; engineering; infrastructure; maintenance,supplier support for Chandigarh buyers; RFQ coordination from Mumbai/PAN India,"local office, local warehouse, stockyard, ready stock, same-day delivery",planned candidate,Improve only after keyword and Search Console review.
Jaipur,city,Rajasthan,India,"Industrial buyer, fabrication, EPC or trade enquiry market",P2,https://rubinoxmetal.com/locations/jaipur.html,https://rubinoxmetal.com/locations/jaipur.html,stainless steel; duplex; nickel alloys; carbon steel,pipes; tubes; sheets; plates; flanges; fittings; bars; rods,fabrication; EPC; chemical; engineering; infrastructure; maintenance,supplier support for Jaipur buyers; RFQ coordination from Mumbai/PAN India,"local office, local warehouse, stockyard, ready stock, same-day delivery",existing mapped,Improve only after keyword and Search Console review.
Goa,city,Goa,India,"Industrial buyer, fabrication, EPC or trade enquiry market",P2,https://rubinoxmetal.com/locations/goa.html,no,stainless steel; duplex; nickel alloys; carbon steel,pipes; tubes; sheets; plates; flanges; fittings; bars; rods,fabrication; EPC; chemical; engineering; infrastructure; maintenance,supplier support for Goa buyers; RFQ coordination from Mumbai/PAN India,"local office, local warehouse, stockyard, ready stock, same-day delivery",planned candidate,Improve only after keyword and Search Console review.
Aurangabad,city,Maharashtra,India,"Industrial buyer, fabrication, EPC or trade enquiry market",P2,https://rubinoxmetal.com/locations/aurangabad.html,no,stainless steel; duplex; nickel alloys; carbon steel,pipes; tubes; sheets; plates; flanges; fittings; bars; rods,fabrication; EPC; chemical; engineering; infrastructure; maintenance,supplier support for Aurangabad buyers; RFQ coordination from Mumbai/PAN India,"local office, local warehouse, stockyard, ready stock, same-day delivery",planned candidate,Improve only after keyword and Search Console review.
UAE,country/export market,,UAE,Export RFQ market for Indian metal supply support,P1,https://rubinoxmetal.com/export/uae.html,https://rubinoxmetal.com/export/uae.html,stainless steel; duplex; nickel alloys; carbon steel,pipes; tubes; sheets; plates; flanges; fittings; bars; rods,oil and gas; marine; construction; fabrication; process industries,exporter from India for UAE enquiries; documentation support as per requirement,"local office, country approval, guaranteed export timeline, fake clients",existing mapped,Use export-from-India wording and owner-verified documentation only.
Dubai,export city/market,,Dubai,Export RFQ market for Indian metal supply support,P1,https://rubinoxmetal.com/export/uae.html,https://rubinoxmetal.com/export/uae.html,stainless steel; duplex; nickel alloys; carbon steel,pipes; tubes; sheets; plates; flanges; fittings; bars; rods,oil and gas; marine; construction; fabrication; process industries,exporter from India for Dubai enquiries; documentation support as per requirement,"local office, country approval, guaranteed export timeline, fake clients",existing mapped,Use export-from-India wording and owner-verified documentation only.
Saudi Arabia,country/export market,,Saudi Arabia,Export RFQ market for Indian metal supply support,P1,https://rubinoxmetal.com/export/saudi-arabia.html,https://rubinoxmetal.com/export/saudi-arabia.html,stainless steel; duplex; nickel alloys; carbon steel,pipes; tubes; sheets; plates; flanges; fittings; bars; rods,oil and gas; marine; construction; fabrication; process industries,exporter from India for Saudi Arabia enquiries; documentation support as per requirement,"local office, country approval, guaranteed export timeline, fake clients",existing mapped,Use export-from-India wording and owner-verified documentation only.
Oman,country/export market,,Oman,Export RFQ market for Indian metal supply support,P1,https://rubinoxmetal.com/export/oman.html,https://rubinoxmetal.com/export/oman.html,stainless steel; duplex; nickel alloys; carbon steel,pipes; tubes; sheets; plates; flanges; fittings; bars; rods,oil and gas; marine; construction; fabrication; process industries,exporter from India for Oman enquiries; documentation support as per requirement,"local office, country approval, guaranteed export timeline, fake clients",existing mapped,Use export-from-India wording and owner-verified documentation only.
Qatar,country/export market,,Qatar,Export RFQ market for Indian metal supply support,P1,https://rubinoxmetal.com/export/qatar.html,https://rubinoxmetal.com/export/qatar.html,stainless steel; duplex; nickel alloys; carbon steel,pipes; tubes; sheets; plates; flanges; fittings; bars; rods,oil and gas; marine; construction; fabrication; process industries,exporter from India for Qatar enquiries; documentation support as per requirement,"local office, country approval, guaranteed export timeline, fake clients",existing mapped,Use export-from-India wording and owner-verified documentation only.
Kuwait,country/export market,,Kuwait,Export RFQ market for Indian metal supply support,P1,https://rubinoxmetal.com/export/kuwait.html,https://rubinoxmetal.com/export/kuwait.html,stainless steel; duplex; nickel alloys; carbon steel,pipes; tubes; sheets; plates; flanges; fittings; bars; rods,oil and gas; marine; construction; fabrication; process industries,exporter from India for Kuwait enquiries; documentation support as per requirement,"local office, country approval, guaranteed export timeline, fake clients",existing mapped,Use export-from-India wording and owner-verified documentation only.
Bahrain,country/export market,,Bahrain,Export RFQ market for Indian metal supply support,P2,https://rubinoxmetal.com/export/bahrain.html,https://rubinoxmetal.com/export/bahrain.html,stainless steel; duplex; nickel alloys; carbon steel,pipes; tubes; sheets; plates; flanges; fittings; bars; rods,oil and gas; marine; construction; fabrication; process industries,exporter from India for Bahrain enquiries; documentation support as per requirement,"local office, country approval, guaranteed export timeline, fake clients",existing mapped,Use export-from-India wording and owner-verified documentation only.
Singapore,country/export market,,Singapore,Export RFQ market for Indian metal supply support,P2,https://rubinoxmetal.com/export/singapore.html,https://rubinoxmetal.com/export/singapore.html,stainless steel; duplex; nickel alloys; carbon steel,pipes; tubes; sheets; plates; flanges; fittings; bars; rods,oil and gas; marine; construction; fabrication; process industries,exporter from India for Singapore enquiries; documentation support as per requirement,"local office, country approval, guaranteed export timeline, fake clients",existing mapped,Use export-from-India wording and owner-verified documentation only.
Malaysia,country/export market,,Malaysia,Export RFQ market for Indian metal supply support,P2,https://rubinoxmetal.com/export/malaysia.html,https://rubinoxmetal.com/export/malaysia.html,stainless steel; duplex; nickel alloys; carbon steel,pipes; tubes; sheets; plates; flanges; fittings; bars; rods,oil and gas; marine; construction; fabrication; process industries,exporter from India for Malaysia enquiries; documentation support as per requirement,"local office, country approval, guaranteed export timeline, fake clients",existing mapped,Use export-from-India wording and owner-verified documentation only.
Sri Lanka,country/export market,,Sri Lanka,Export RFQ market for Indian metal supply support,P2,https://rubinoxmetal.com/export/sri-lanka.html,no,stainless steel; duplex; nickel alloys; carbon steel,pipes; tubes; sheets; plates; flanges; fittings; bars; rods,oil and gas; marine; construction; fabrication; process industries,exporter from India for Sri Lanka enquiries; documentation support as per requirement,"local office, country approval, guaranteed export timeline, fake clients",planned candidate,Use export-from-India wording and owner-verified documentation only.
Bangladesh,country/export market,,Bangladesh,Export RFQ market for Indian metal supply support,P2,https://rubinoxmetal.com/export/bangladesh.html,no,stainless steel; duplex; nickel alloys; carbon steel,pipes; tubes; sheets; plates; flanges; fittings; bars; rods,oil and gas; marine; construction; fabrication; process industries,exporter from India for Bangladesh enquiries; documentation support as per requirement,"local office, country approval, guaranteed export timeline, fake clients",planned candidate,Use export-from-India wording and owner-verified documentation only.
Nepal,country/export market,,Nepal,Export RFQ market for Indian metal supply support,P2,https://rubinoxmetal.com/export/nepal.html,no,stainless steel; duplex; nickel alloys; carbon steel,pipes; tubes; sheets; plates; flanges; fittings; bars; rods,oil and gas; marine; construction; fabrication; process industries,exporter from India for Nepal enquiries; documentation support as per requirement,"local office, country approval, guaranteed export timeline, fake clients",planned candidate,Use export-from-India wording and owner-verified documentation only.
South Africa,country/export market,,South Africa,Export RFQ market for Indian metal supply support,P2,https://rubinoxmetal.com/export/south-africa.html,no,stainless steel; duplex; nickel alloys; carbon steel,pipes; tubes; sheets; plates; flanges; fittings; bars; rods,oil and gas; marine; construction; fabrication; process industries,exporter from India for South Africa enquiries; documentation support as per requirement,"local office, country approval, guaranteed export timeline, fake clients",planned candidate,Use export-from-India wording and owner-verified documentation only.
Australia,country/export market,,Australia,Export RFQ market for Indian metal supply support,P2,https://rubinoxmetal.com/export/australia.html,https://rubinoxmetal.com/export/australia.html,stainless steel; duplex; nickel alloys; carbon steel,pipes; tubes; sheets; plates; flanges; fittings; bars; rods,oil and gas; marine; construction; fabrication; process industries,exporter from India for Australia enquiries; documentation support as per requirement,"local office, country approval, guaranteed export timeline, fake clients",existing mapped,Use export-from-India wording and owner-verified documentation only.
UK,country/export market,,UK,Export RFQ market for Indian metal supply support,P2,https://rubinoxmetal.com/export/uk.html,https://rubinoxmetal.com/export/uk.html,stainless steel; duplex; nickel alloys; carbon steel,pipes; tubes; sheets; plates; flanges; fittings; bars; rods,oil and gas; marine; construction; fabrication; process industries,exporter from India for UK enquiries; documentation support as per requirement,"local office, country approval, guaranteed export timeline, fake clients",existing mapped,Use export-from-India wording and owner-verified documentation only.
Germany,country/export market,,Germany,Export RFQ market for Indian metal supply support,P2,https://rubinoxmetal.com/export/germany.html,https://rubinoxmetal.com/export/germany.html,stainless steel; duplex; nickel alloys; carbon steel,pipes; tubes; sheets; plates; flanges; fittings; bars; rods,oil and gas; marine; construction; fabrication; process industries,exporter from India for Germany enquiries; documentation support as per requirement,"local office, country approval, guaranteed export timeline, fake clients",existing mapped,Use export-from-India wording and owner-verified documentation only.
Netherlands,country/export market,,Netherlands,Export RFQ market for Indian metal supply support,P2,https://rubinoxmetal.com/export/netherlands.html,https://rubinoxmetal.com/export/netherlands.html,stainless steel; duplex; nickel alloys; carbon steel,pipes; tubes; sheets; plates; flanges; fittings; bars; rods,oil and gas; marine; construction; fabrication; process industries,exporter from India for Netherlands enquiries; documentation support as per requirement,"local office, country approval, guaranteed export timeline, fake clients",existing mapped,Use export-from-India wording and owner-verified documentation only.
