city,state,industrial_cluster_type,primary_material_focus,secondary_material_focus,forms_to_prioritize,grade_examples,existing_location_page,proposed_page_type,risk_notes,priority
Mumbai,Maharashtra,"port, engineering, process equipment and project-buying hub",Stainless Steel,Nickel Alloys | Duplex & Super Duplex | Carbon Steel,"pipes, sheets, plates, fittings, flanges, wire mesh","SS 304, SS 316, SS 316L, Monel 400, Duplex 2205",yes: /locations/mumbai.html,city combo pages,Existing city hub; avoid another broad Mumbai supplier page.,High
Navi Mumbai,Maharashtra,port-adjacent industrial and logistics belt,Stainless Steel,Duplex & Super Duplex | Carbon Steel,"pipes, plates, coils, flanges","SS 304, SS 316L, Duplex 2205",yes: /locations/navi-mumbai.html,city combo pages,Use combo intent to avoid overlap with Mumbai.,Medium
Thane,Maharashtra,"chemical, pharma and fabrication belt",Stainless Steel,Nickel Alloys | Duplex & Super Duplex,"pipes, sheets, fittings, flanges","SS 316L, Hastelloy C276, Duplex 2205",yes: /locations/thane.html,city combo pages,"Strong for process-industry content, but keep separate from Mumbai.",High
Pune,Maharashtra,"auto, engineering and machine-tool belt",Stainless Steel,High Speed Steel | Nickel Alloys,"round bars, rods, plates, fittings","SS 304, SS 316L, HSS M35, Duplex 2205",yes: /locations/pune.html,city combo pages,Excellent HSS and SS bar intent; existing city page gives partial support.,High
Chakan,Maharashtra,auto and engineering cluster,Stainless Steel,High Speed Steel | Carbon Steel,"round bars, rods, sheets, plates","SS 304, HSS M35, Carbon Steel",partial: /locations/chakan-pimpri-chinchwad.html,combo pages under existing cluster page,Covered by Chakan/PCMC page; avoid a separate thin city page.,High
Pimpri-Chinchwad / PCMC,Maharashtra,engineering and auto component belt,Stainless Steel,High Speed Steel | Carbon Steel,"round bars, fasteners, fittings, sheets","SS 304, SS 316, HSS M2",no existing city page,combo pages under existing cluster page,Covered by Chakan/PCMC page.,High
Nashik,Maharashtra,"engineering, electrical and industrial supply cluster",Stainless Steel,Carbon Steel | Aluminium,"sheets, plates, pipes, rods","SS 304, SS 316L, Aluminium 6061",yes: /locations/nashik.html,city combo pages,Good medium priority; avoid broad duplication.,Medium
Chhatrapati Sambhajinagar / Aurangabad,Maharashtra,industrial corridor and engineering belt,Stainless Steel,Carbon Steel | Aluminium,"pipes, plates, sheets, rods","SS 304, SS 316L, Aluminium 6061",yes: /locations/chhatrapati-sambhajinagar-aurangabad.html,city combo pages,Existing page supports later combo pages.,Medium
Nagpur / Butibori,Maharashtra,central India engineering and logistics cluster,Stainless Steel,Carbon Steel,"plates, pipes, angles, channels","SS 304, SS 316, Carbon Steel",partial: /locations/nagpur.html,city combo pages,Medium priority due to regional hub value.,Medium
Ahmedabad,Gujarat,"engineering, pharma and chemicals supply belt",Stainless Steel,Nickel Alloys | Duplex & Super Duplex | Carbon Steel,"pipes, plates, sheets, flanges, fittings","SS 316L, Hastelloy C276, Inconel 625",yes: /locations/ahmedabad.html,city combo pages,High value for SS and corrosion-service alloys.,High
Sanand,Gujarat,auto and industrial corridor cluster,Stainless Steel,Carbon Steel | Aluminium,"sheets, plates, rods, fasteners","SS 304, Aluminium 6061",partial: /locations/dholera-sanand.html,combo pages under Dholera/Sanand,Covered by Dholera/Sanand page; avoid stand-alone until demand is proven.,Medium
Vadodara,Gujarat,"chemical, engineering and project supply belt",Stainless Steel,Duplex & Super Duplex | Nickel Alloys,"flanges, fittings, pipes, plates","SS 316L, Duplex 2205, Super Duplex 2507",yes: /locations/vadodara.html,city combo pages,Strong for flanges/fittings and corrosion-service content.,High
Surat,Gujarat,"fabrication, textile, chemical and process equipment region",Stainless Steel,Carbon Steel | Aluminium,"coils, sheets, plates, pipes","SS 304, SS 316, SS 430",yes: /locations/surat.html,city combo pages,High for stainless coil/sheet pages.,High
Hazira,Gujarat,"port, heavy engineering and process belt",Stainless Steel,Duplex & Super Duplex | Carbon Steel,"plates, pipes, flanges, fittings","SS 316L, Duplex 2205, Super Duplex 2507",no existing city page,combo pages after local hub decision,No existing city page; use only strong combo pages.,Medium
Ankleshwar,Gujarat,chemical and process industry cluster,Stainless Steel,Nickel Alloys | Duplex & Super Duplex,"pipes, welded pipes, sheets, fittings","SS 316L, Hastelloy C276, Duplex 2205",yes: /locations/ankleshwar.html,city combo pages,High value but avoid unsupported stock wording.,High
Bharuch,Gujarat,"chemical, port-linked and process supply belt",Stainless Steel,Nickel Alloys | Duplex & Super Duplex,"pipes, plates, flanges, fittings","SS 316L, Inconel 625, Duplex 2205",yes: /locations/bharuch.html,city combo pages,Strong for process equipment RFQs.,High
Rajkot,Gujarat,"engineering, casting-adjacent and machine-tool cluster",Stainless Steel,High Speed Steel | Brass,"round bars, rods, flats, sheets","SS 410, SS 420, HSS M2, Brass",yes: /locations/rajkot.html,city combo pages,Strong HSS and bar/rod opportunity.,High
Jamnagar,Gujarat,"brass, refinery-adjacent and marine supply belt",Brass,Stainless Steel | Nickel Alloys,"rods, sheets, fittings, tubes","Brass C360, SS 316L, Monel 400",yes: /locations/jamnagar.html,city combo pages,Keep claims general and buyer-led.,Medium
Vapi,Gujarat,chemical and process industry belt,Stainless Steel,Nickel Alloys | Duplex & Super Duplex,"pipes, sheets, fittings, flanges","SS 316L, Hastelloy C276, Duplex 2205",yes: /locations/vapi.html,city combo pages,Good process-industry content fit.,High
Chennai,Tamil Nadu,"auto, marine, process and engineering hub",Stainless Steel,Duplex & Super Duplex | High Speed Steel | Aluminium,"welded pipes, perforated sheets, plates, rods","SS 304, SS 316L, Duplex 2205, HSS M42",yes: /locations/chennai.html,city combo pages,High priority; existing location page supports internal linking.,High
Sriperumbudur,Tamil Nadu,auto and electronics industrial cluster,Stainless Steel,Aluminium | High Speed Steel,"sheets, plates, fasteners, rods","SS 304, Aluminium 6061, HSS M2",partial: /locations/sriperumbudur-oragadam.html,combo pages under Sriperumbudur/Oragadam,Covered by existing combined page.,Medium
Oragadam,Tamil Nadu,auto and engineering cluster,Stainless Steel,Aluminium | High Speed Steel,"sheets, plates, rods, fasteners","SS 304, Aluminium 6061, HSS M42",partial: /locations/sriperumbudur-oragadam.html,combo pages under Sriperumbudur/Oragadam,Covered by existing combined page.,Medium
Coimbatore,Tamil Nadu,"machine-tool, pump, engineering and textile equipment hub",Stainless Steel,High Speed Steel | Aluminium | Brass,"sheets, flats, rods, round bars","SS 304, HSS M2, HSS M35, Aluminium 6061",yes: /locations/coimbatore.html,city combo pages,High HSS and SS opportunity.,High
Hosur,Tamil Nadu,"auto, engineering and industrial supply cluster",Stainless Steel,High Speed Steel | Aluminium,"tubes, rods, sheets, plates","SS 304, SS 316, HSS M2",yes: /locations/hosur.html,city combo pages,Good support page for Bengaluru/TN belt.,Medium
Salem,Tamil Nadu,steel and engineering supply cluster,Stainless Steel,Carbon Steel,"bars, rods, sheets, plates","SS 304, SS 316, Carbon Steel",yes: /locations/salem.html,city combo pages,Good medium priority; avoid broad steel-only page.,Medium
Tiruchirappalli / Trichy,Tamil Nadu,engineering and heavy-equipment supply belt,Stainless Steel,Carbon Steel | Duplex & Super Duplex,"plates, pipes, fittings, flanges","SS 304, SS 316L, Duplex 2205",partial: /locations/tiruchirappalli.html,city combo pages,Medium priority with project RFQ angle.,Medium
Bengaluru,Karnataka,"aerospace, engineering, machine-tool and precision supply hub",Stainless Steel,High Speed Steel | Nickel Alloys | Aluminium,"plates, rods, round bars, bars","SS 304, Inconel 718, HSS M2, Aluminium 6061",yes: /locations/bengaluru.html,city combo pages,"High priority for HSS, SS and nickel alloy bars.",High
Peenya,Karnataka,machine-tool and engineering cluster,High Speed Steel,Stainless Steel | Nickel Alloys,"round bars, rods, flats, tool steel bars","HSS M2, HSS M35, SS 304, Inconel 718",no existing city page,combo page after cluster-page decision,No separate existing page; use Bengaluru internal link context.,High
Bommasandra,Karnataka,engineering and industrial belt,Stainless Steel,Aluminium | High Speed Steel,"sheets, plates, rods","SS 304, Aluminium 6061, HSS M2",no existing city page,combo page after local hub decision,No existing page; medium unless search demand is validated.,Medium
Mysuru,Karnataka,engineering and industrial supply cluster,Stainless Steel,Aluminium | Brass,"sheets, plates, rods","SS 304, Aluminium 6061, Brass",yes: /locations/mysuru.html,city combo pages,Medium priority.,Medium
Mangaluru,Karnataka,"port, marine and process belt",Stainless Steel,Duplex & Super Duplex | Nickel Alloys,"pipes, plates, fittings, flanges","SS 316L, Duplex 2205, Monel 400",yes: /locations/mangaluru.html,city combo pages,Strong marine/process angle; existing page supports links.,Medium
Hyderabad,Telangana,"pharma, process, precision and engineering hub",Stainless Steel,Nickel Alloys | High Speed Steel,"sheets, pipes, rods, round bars","SS 316, SS 316L, Inconel 625, HSS M2",yes: /locations/hyderabad.html,city combo pages,High priority for SS 316/316L and nickel alloy bars.,High
Secunderabad,Telangana,industrial and distribution extension of Hyderabad,Stainless Steel,Carbon Steel | Aluminium,"fittings, rods, sheets","SS 304, SS 316L, Aluminium 6061",no existing city page,combo page after local hub decision,No existing page; avoid overlap unless distinct demand is proven.,Low
Visakhapatnam,Andhra Pradesh,"port, marine, steel and process hub",Stainless Steel,Duplex & Super Duplex | Carbon Steel,"sheets, plates, pipes, fittings","SS 316, Duplex 2205, Carbon Steel",yes: /locations/visakhapatnam.html,city combo pages,High for marine and process applications.,High
Kakinada,Andhra Pradesh,"port, offshore-adjacent and process supply belt",Duplex & Super Duplex,Stainless Steel | Nickel Alloys,"pipes, plates, flanges, fittings","Duplex 2205, Super Duplex 2507, SS 316L",yes: /locations/kakinada.html,city combo pages,Medium-high corrosion-service opportunity.,Medium
Vijayawada,Andhra Pradesh,regional engineering and infrastructure hub,Stainless Steel,Carbon Steel,"pipes, plates, sheets, angles","SS 304, Carbon Steel",yes: /locations/vijayawada.html,city combo pages,Medium priority.,Medium
Delhi,Delhi NCR,"NCR trade, engineering and project-buying hub",Stainless Steel,High Speed Steel | Carbon Steel,"rods, sheets, pipes, fasteners","SS 202, SS 304, HSS M2",yes: /locations/delhi.html,city combo pages,High for SS 202/304 and HSS query intent.,High
Gurugram,Haryana,"auto, engineering and project office belt",Stainless Steel,High Speed Steel | Aluminium,"sheets, rods, bars, fasteners","SS 304, HSS M2, Aluminium 6061",partial: /locations/gurugram-manesar.html,combo pages under Gurugram/Manesar,Covered by combined page.,High
Faridabad,Haryana,engineering and fabrication cluster,Stainless Steel,High Speed Steel | Carbon Steel,"fasteners, rods, plates, angles","SS 304, HSS M2, Carbon Steel",yes: /locations/faridabad.html,city combo pages,High for HSS and fastener content.,High
Noida,Uttar Pradesh,"NCR engineering, electronics and project supply belt",Stainless Steel,High Speed Steel | Aluminium,"rods, sheets, plates, fasteners","SS 202, SS 304, HSS M2",yes: /locations/noida.html,city combo pages,High if pages are combo-specific.,High
Greater Noida,Uttar Pradesh,industrial corridor and engineering hub,Stainless Steel,Carbon Steel | Aluminium,"plates, sheets, pipes, fasteners","SS 304, Aluminium 6061, Carbon Steel",yes: /locations/greater-noida.html,city combo pages,Good corridor-linked opportunity.,Medium
Ghaziabad,Uttar Pradesh,NCR engineering and steel-products supply belt,Stainless Steel,Carbon Steel,"angles, channels, rods, pipes","SS 304, Carbon Steel",yes: /locations/ghaziabad.html,city combo pages,Medium-high for structural/form pages.,Medium
Bhiwadi,Rajasthan,NCR-adjacent industrial cluster,Stainless Steel,Carbon Steel | High Speed Steel,"welded pipes, plates, rods","SS 304, HSS M2, Carbon Steel",no existing city page,combo page after local hub decision,No existing page; use only strong combo intent.,Medium
Neemrana,Rajasthan,industrial corridor cluster,Stainless Steel,Aluminium | Carbon Steel,"sheets, plates, rods","SS 304, Aluminium 6061",no existing city page,combo page after local hub decision,No existing page; lower priority than Bhiwadi.,Low
Jaipur,Rajasthan,regional engineering and trade hub,Stainless Steel,Brass | Aluminium,"flats, rods, sheets","SS 304, Brass, Aluminium 6061",yes: /locations/jaipur.html,city combo pages,Medium priority.,Medium
Indore,Madhya Pradesh,engineering and Pithampur-linked auto supply belt,Nickel Alloys,Stainless Steel | High Speed Steel,"rods, bars, plates","Nickel Alloy, SS 304, HSS M2",partial: /locations/indore-pithampur.html,combo pages under Indore/Pithampur,High for nickel alloy rods and SS plates.,High
Pithampur,Madhya Pradesh,auto and engineering cluster,Stainless Steel,Nickel Alloys | High Speed Steel,"plates, rods, bars","SS 304, Nickel Alloy, HSS M2",partial: /locations/indore-pithampur.html,combo pages under Indore/Pithampur,Covered by existing combined page.,High
Bhopal / Mandideep,Madhya Pradesh,regional engineering and industrial cluster,Stainless Steel,Carbon Steel | Aluminium,"sheets, plates, rods","SS 304, Carbon Steel, Aluminium 6061",yes: /locations/bhopal-mandideep.html,city combo pages,Medium priority.,Medium
Kolkata,West Bengal,eastern India trade and engineering hub,Stainless Steel,Carbon Steel | Nickel Alloys,"pipes, sheets, fittings, flanges","SS 304, SS 316L, Carbon Steel",partial: /locations/kolkata-howrah-durgapur.html,combo pages under Kolkata/Howrah/Durgapur,Use cluster page to avoid splitting thin pages.,Medium
Howrah,West Bengal,engineering and metalworking cluster,Carbon Steel,Stainless Steel,"bars, rods, flanges, fittings","Carbon Steel, SS 304",partial: /locations/kolkata-howrah-durgapur.html,combo pages under Kolkata/Howrah/Durgapur,Medium; avoid broad pages.,Medium
Durgapur,West Bengal,steel and heavy engineering belt,Carbon Steel,Stainless Steel,"plates, channels, angles, pipes","Carbon Steel, SS 304",partial: /locations/kolkata-howrah-durgapur.html,combo pages under Kolkata/Howrah/Durgapur,Medium; best for form-specific pages.,Medium
Jamshedpur,Jharkhand,"steel, auto and engineering hub",Carbon Steel,Stainless Steel | High Speed Steel,"rods, bars, plates, sheets","SS 304, Carbon Steel, HSS M2",yes: /locations/jamshedpur.html,city combo pages,Medium-high for rods/bars and HSS content.,Medium
Ludhiana,Punjab,"machine-tool, bicycle, fastener and engineering hub",High Speed Steel,Stainless Steel | Carbon Steel,"tool steel bars, rods, fasteners","HSS M2, HSS M35, SS 410",yes: /locations/ludhiana.html,city combo pages,High HSS opportunity.,High
Jalandhar,Punjab,sports goods and light engineering cluster,Stainless Steel,Carbon Steel | Brass,"rods, sheets, fasteners","SS 304, Carbon Steel, Brass",no existing city page,combo page after local hub decision,No existing page; lower than Ludhiana.,Low
Kochi,Kerala,"port, marine and process supply hub",Stainless Steel,Duplex & Super Duplex | Brass,"pipes, sheets, fittings, flanges","SS 316L, Duplex 2205, Brass",no existing city page,combo page after local hub decision,No existing page; useful only for marine/process combos.,Medium
Bhubaneswar,Odisha,regional project and infrastructure hub,Stainless Steel,Carbon Steel,"plates, sheets, pipes","SS 304, Carbon Steel",no existing city page,combo page after local hub decision,No existing page; build after stronger states.,Low
Rourkela,Odisha,steel and engineering cluster,Carbon Steel,Stainless Steel,"plates, sheets, channels, angles","Carbon Steel, SS 316",no existing city page,combo page after local hub decision,No existing page; form-specific only.,Low
