priority_rank,priority_group,url,page_type,material,grade,form,city,country,reason,hub_linked_from,sitemap_present,live_http_status,canonical_status,gsc_manual_inspection,gsc_index_status,gsc_last_crawl,gsc_page_indexing_reason,bing_status,impressions_day_7,clicks_day_7,avg_position_day_7,impressions_day_14,clicks_day_14,avg_position_day_14,impressions_day_30,clicks_day_30,avg_position_day_30,action_required,notes
1,Priority 1 - core search discovery,https://rubinoxmetal.com/,homepage,,,,,,Homepage and primary domain entry point.,site navigation,true,200,self_referencing,inspect in GSC priority sample,OWNER TO ENTER,OWNER TO ENTER,OWNER TO ENTER,OWNER TO ENTER,OWNER TO ENTER,OWNER TO ENTER,OWNER TO ENTER,OWNER TO ENTER,OWNER TO ENTER,OWNER TO ENTER,OWNER TO ENTER,OWNER TO ENTER,OWNER TO ENTER,none until GSC/Bing data is entered,Do not request indexing in bulk.
2,Priority 1 - core search discovery,https://rubinoxmetal.com/quotation.html,rfq,,,,,,Primary RFQ conversion page.,header/footer/CTA paths,true,200,self_referencing,inspect in GSC priority sample,OWNER TO ENTER,OWNER TO ENTER,OWNER TO ENTER,OWNER TO ENTER,OWNER TO ENTER,OWNER TO ENTER,OWNER TO ENTER,OWNER TO ENTER,OWNER TO ENTER,OWNER TO ENTER,OWNER TO ENTER,OWNER TO ENTER,OWNER TO ENTER,none until GSC/Bing data is entered,Do not request indexing in bulk.
3,Priority 1 - core search discovery,https://rubinoxmetal.com/contact.html,contact,,,,,,Primary contact conversion page.,header/footer/CTA paths,true,200,self_referencing,inspect in GSC priority sample,OWNER TO ENTER,OWNER TO ENTER,OWNER TO ENTER,OWNER TO ENTER,OWNER TO ENTER,OWNER TO ENTER,OWNER TO ENTER,OWNER TO ENTER,OWNER TO ENTER,OWNER TO ENTER,OWNER TO ENTER,OWNER TO ENTER,OWNER TO ENTER,none until GSC/Bing data is entered,Do not request indexing in bulk.
4,Priority 1 - core search discovery,https://rubinoxmetal.com/company-profile.html,company,,,,,,Business identity and trust page.,site navigation/footer,true,200,self_referencing,inspect in GSC priority sample,OWNER TO ENTER,OWNER TO ENTER,OWNER TO ENTER,OWNER TO ENTER,OWNER TO ENTER,OWNER TO ENTER,OWNER TO ENTER,OWNER TO ENTER,OWNER TO ENTER,OWNER TO ENTER,OWNER TO ENTER,OWNER TO ENTER,OWNER TO ENTER,none until GSC/Bing data is entered,Do not request indexing in bulk.
5,Priority 1 - core search discovery,https://rubinoxmetal.com/material-location.html,hub,,,,,,Main material-location discovery hub.,homepage/footer/internal links,true,200,self_referencing,inspect in GSC priority sample,OWNER TO ENTER,OWNER TO ENTER,OWNER TO ENTER,OWNER TO ENTER,OWNER TO ENTER,OWNER TO ENTER,OWNER TO ENTER,OWNER TO ENTER,OWNER TO ENTER,OWNER TO ENTER,OWNER TO ENTER,OWNER TO ENTER,OWNER TO ENTER,none until GSC/Bing data is entered,Do not request indexing in bulk.
6,Priority 1 - core search discovery,https://rubinoxmetal.com/export-material.html,hub,,,,,,Main export-material discovery hub.,homepage/footer/internal links,true,200,self_referencing,inspect in GSC priority sample,OWNER TO ENTER,OWNER TO ENTER,OWNER TO ENTER,OWNER TO ENTER,OWNER TO ENTER,OWNER TO ENTER,OWNER TO ENTER,OWNER TO ENTER,OWNER TO ENTER,OWNER TO ENTER,OWNER TO ENTER,OWNER TO ENTER,OWNER TO ENTER,none until GSC/Bing data is entered,Do not request indexing in bulk.
7,Priority 1 - core search discovery,https://rubinoxmetal.com/hss-location.html,hub,,,,,,High Speed Steel discovery hub.,homepage/footer/internal links,true,200,self_referencing,inspect in GSC priority sample,OWNER TO ENTER,OWNER TO ENTER,OWNER TO ENTER,OWNER TO ENTER,OWNER TO ENTER,OWNER TO ENTER,OWNER TO ENTER,OWNER TO ENTER,OWNER TO ENTER,OWNER TO ENTER,OWNER TO ENTER,OWNER TO ENTER,OWNER TO ENTER,none until GSC/Bing data is entered,Do not request indexing in bulk.
8,Priority 1 - core search discovery,https://rubinoxmetal.com/materials.html,hub,,,,,,Primary materials hub.,site navigation/footer,true,200,self_referencing,inspect in GSC priority sample,OWNER TO ENTER,OWNER TO ENTER,OWNER TO ENTER,OWNER TO ENTER,OWNER TO ENTER,OWNER TO ENTER,OWNER TO ENTER,OWNER TO ENTER,OWNER TO ENTER,OWNER TO ENTER,OWNER TO ENTER,OWNER TO ENTER,OWNER TO ENTER,none until GSC/Bing data is entered,Do not request indexing in bulk.
9,Priority 1 - core search discovery,https://rubinoxmetal.com/product-forms.html,hub,,,,,,Primary product forms hub.,site navigation/footer,true,200,self_referencing,inspect in GSC priority sample,OWNER TO ENTER,OWNER TO ENTER,OWNER TO ENTER,OWNER TO ENTER,OWNER TO ENTER,OWNER TO ENTER,OWNER TO ENTER,OWNER TO ENTER,OWNER TO ENTER,OWNER TO ENTER,OWNER TO ENTER,OWNER TO ENTER,OWNER TO ENTER,none until GSC/Bing data is entered,Do not request indexing in bulk.
10,Priority 1 - core search discovery,https://rubinoxmetal.com/locations.html,hub,,,,,,PAN India location discovery hub.,site navigation/footer,true,200,self_referencing,inspect in GSC priority sample,OWNER TO ENTER,OWNER TO ENTER,OWNER TO ENTER,OWNER TO ENTER,OWNER TO ENTER,OWNER TO ENTER,OWNER TO ENTER,OWNER TO ENTER,OWNER TO ENTER,OWNER TO ENTER,OWNER TO ENTER,OWNER TO ENTER,OWNER TO ENTER,none until GSC/Bing data is entered,Do not request indexing in bulk.
11,Priority 1 - core search discovery,https://rubinoxmetal.com/export.html,hub,,,,,,Country export discovery hub.,site navigation/footer,true,200,self_referencing,inspect in GSC priority sample,OWNER TO ENTER,OWNER TO ENTER,OWNER TO ENTER,OWNER TO ENTER,OWNER TO ENTER,OWNER TO ENTER,OWNER TO ENTER,OWNER TO ENTER,OWNER TO ENTER,OWNER TO ENTER,OWNER TO ENTER,OWNER TO ENTER,OWNER TO ENTER,none until GSC/Bing data is entered,Do not request indexing in bulk.
12,Priority 1 - core search discovery,https://rubinoxmetal.com/industries.html,hub,,,,,,Industry intent discovery hub.,site navigation/footer,true,200,self_referencing,inspect in GSC priority sample,OWNER TO ENTER,OWNER TO ENTER,OWNER TO ENTER,OWNER TO ENTER,OWNER TO ENTER,OWNER TO ENTER,OWNER TO ENTER,OWNER TO ENTER,OWNER TO ENTER,OWNER TO ENTER,OWNER TO ENTER,OWNER TO ENTER,OWNER TO ENTER,none until GSC/Bing data is entered,Do not request indexing in bulk.
13,Priority 1 - core search discovery,https://rubinoxmetal.com/blog.html,knowledge-hub,,,,,,Knowledge Hub and buyer guides.,site navigation/footer,true,200,self_referencing,inspect in GSC priority sample,OWNER TO ENTER,OWNER TO ENTER,OWNER TO ENTER,OWNER TO ENTER,OWNER TO ENTER,OWNER TO ENTER,OWNER TO ENTER,OWNER TO ENTER,OWNER TO ENTER,OWNER TO ENTER,OWNER TO ENTER,OWNER TO ENTER,OWNER TO ENTER,none until GSC/Bing data is entered,Do not request indexing in bulk.
14,"Priority 2 - core materials, forms, cities and export markets",https://rubinoxmetal.com/materials/stainless-steel.html,materials,Stainless steel,,,,,Primary material/grade discovery page,material-location.html|export-material.html|hss-location.html,true,200,self_referencing,inspect in GSC priority sample,OWNER TO ENTER,OWNER TO ENTER,OWNER TO ENTER,OWNER TO ENTER,OWNER TO ENTER,OWNER TO ENTER,OWNER TO ENTER,OWNER TO ENTER,OWNER TO ENTER,OWNER TO ENTER,OWNER TO ENTER,OWNER TO ENTER,OWNER TO ENTER,none until GSC/Bing data is entered,Do not request indexing in bulk.
15,"Priority 2 - core materials, forms, cities and export markets",https://rubinoxmetal.com/materials/nickel-alloys.html,materials,Nickel Alloys,,,,,Primary material/grade discovery page,material-location.html|export-material.html|hss-location.html,true,200,self_referencing,inspect in GSC priority sample,OWNER TO ENTER,OWNER TO ENTER,OWNER TO ENTER,OWNER TO ENTER,OWNER TO ENTER,OWNER TO ENTER,OWNER TO ENTER,OWNER TO ENTER,OWNER TO ENTER,OWNER TO ENTER,OWNER TO ENTER,OWNER TO ENTER,OWNER TO ENTER,none until GSC/Bing data is entered,Do not request indexing in bulk.
16,"Priority 2 - core materials, forms, cities and export markets",https://rubinoxmetal.com/materials/duplex-super-duplex.html,materials,Duplex Super Duplex,,,,,Primary material/grade discovery page,material-location.html|export-material.html|hss-location.html,true,200,self_referencing,inspect in GSC priority sample,OWNER TO ENTER,OWNER TO ENTER,OWNER TO ENTER,OWNER TO ENTER,OWNER TO ENTER,OWNER TO ENTER,OWNER TO ENTER,OWNER TO ENTER,OWNER TO ENTER,OWNER TO ENTER,OWNER TO ENTER,OWNER TO ENTER,OWNER TO ENTER,none until GSC/Bing data is entered,Do not request indexing in bulk.
17,"Priority 2 - core materials, forms, cities and export markets",https://rubinoxmetal.com/materials/high-speed-steel.html,materials,High Speed Steel,,,,,Primary material/grade discovery page,site navigation/internal links,true,200,self_referencing,monitor via sitemap; inspect only if issue appears,OWNER TO ENTER,OWNER TO ENTER,OWNER TO ENTER,OWNER TO ENTER,OWNER TO ENTER,OWNER TO ENTER,OWNER TO ENTER,OWNER TO ENTER,OWNER TO ENTER,OWNER TO ENTER,OWNER TO ENTER,OWNER TO ENTER,OWNER TO ENTER,none until GSC/Bing data is entered,Do not request indexing in bulk.
18,"Priority 2 - core materials, forms, cities and export markets",https://rubinoxmetal.com/materials/carbon-steel.html,materials,Carbon Steel,,,,,Primary material/grade discovery page,site navigation/internal links,true,200,self_referencing,monitor via sitemap; inspect only if issue appears,OWNER TO ENTER,OWNER TO ENTER,OWNER TO ENTER,OWNER TO ENTER,OWNER TO ENTER,OWNER TO ENTER,OWNER TO ENTER,OWNER TO ENTER,OWNER TO ENTER,OWNER TO ENTER,OWNER TO ENTER,OWNER TO ENTER,OWNER TO ENTER,none until GSC/Bing data is entered,Do not request indexing in bulk.
19,"Priority 2 - core materials, forms, cities and export markets",https://rubinoxmetal.com/materials/aluminium.html,materials,Aluminium,,,,,Primary material/grade discovery page,site navigation/internal links,true,200,self_referencing,monitor via sitemap; inspect only if issue appears,OWNER TO ENTER,OWNER TO ENTER,OWNER TO ENTER,OWNER TO ENTER,OWNER TO ENTER,OWNER TO ENTER,OWNER TO ENTER,OWNER TO ENTER,OWNER TO ENTER,OWNER TO ENTER,OWNER TO ENTER,OWNER TO ENTER,OWNER TO ENTER,none until GSC/Bing data is entered,Do not request indexing in bulk.
20,"Priority 2 - core materials, forms, cities and export markets",https://rubinoxmetal.com/materials/copper.html,materials,Copper,,,,,Primary material/grade discovery page,site navigation/internal links,true,200,self_referencing,monitor via sitemap; inspect only if issue appears,OWNER TO ENTER,OWNER TO ENTER,OWNER TO ENTER,OWNER TO ENTER,OWNER TO ENTER,OWNER TO ENTER,OWNER TO ENTER,OWNER TO ENTER,OWNER TO ENTER,OWNER TO ENTER,OWNER TO ENTER,OWNER TO ENTER,OWNER TO ENTER,none until GSC/Bing data is entered,Do not request indexing in bulk.
21,"Priority 2 - core materials, forms, cities and export markets",https://rubinoxmetal.com/materials/brass.html,materials,Brass,,,,,Primary material/grade discovery page,site navigation/internal links,true,200,self_referencing,monitor via sitemap; inspect only if issue appears,OWNER TO ENTER,OWNER TO ENTER,OWNER TO ENTER,OWNER TO ENTER,OWNER TO ENTER,OWNER TO ENTER,OWNER TO ENTER,OWNER TO ENTER,OWNER TO ENTER,OWNER TO ENTER,OWNER TO ENTER,OWNER TO ENTER,OWNER TO ENTER,none until GSC/Bing data is entered,Do not request indexing in bulk.
22,"Priority 2 - core materials, forms, cities and export markets",https://rubinoxmetal.com/materials/ss-304-supplier-india.html,materials,Ss 304,,,,,Primary material/grade discovery page,site navigation/internal links,true,200,self_referencing,monitor via sitemap; inspect only if issue appears,OWNER TO ENTER,OWNER TO ENTER,OWNER TO ENTER,OWNER TO ENTER,OWNER TO ENTER,OWNER TO ENTER,OWNER TO ENTER,OWNER TO ENTER,OWNER TO ENTER,OWNER TO ENTER,OWNER TO ENTER,OWNER TO ENTER,OWNER TO ENTER,none until GSC/Bing data is entered,Do not request indexing in bulk.
23,"Priority 2 - core materials, forms, cities and export markets",https://rubinoxmetal.com/materials/ss-316-supplier-india.html,materials,Ss 316,,,,,Primary material/grade discovery page,site navigation/internal links,true,200,self_referencing,monitor via sitemap; inspect only if issue appears,OWNER TO ENTER,OWNER TO ENTER,OWNER TO ENTER,OWNER TO ENTER,OWNER TO ENTER,OWNER TO ENTER,OWNER TO ENTER,OWNER TO ENTER,OWNER TO ENTER,OWNER TO ENTER,OWNER TO ENTER,OWNER TO ENTER,OWNER TO ENTER,none until GSC/Bing data is entered,Do not request indexing in bulk.
24,"Priority 2 - core materials, forms, cities and export markets",https://rubinoxmetal.com/materials/ss-316l-supplier-india.html,materials,Ss 316l,,,,,Primary material/grade discovery page,site navigation/internal links,true,200,self_referencing,monitor via sitemap; inspect only if issue appears,OWNER TO ENTER,OWNER TO ENTER,OWNER TO ENTER,OWNER TO ENTER,OWNER TO ENTER,OWNER TO ENTER,OWNER TO ENTER,OWNER TO ENTER,OWNER TO ENTER,OWNER TO ENTER,OWNER TO ENTER,OWNER TO ENTER,OWNER TO ENTER,none until GSC/Bing data is entered,Do not request indexing in bulk.
25,"Priority 2 - core materials, forms, cities and export markets",https://rubinoxmetal.com/materials/inconel-625-supplier-india.html,materials,Inconel 625,,,,,Primary material/grade discovery page,site navigation/internal links,true,200,self_referencing,monitor via sitemap; inspect only if issue appears,OWNER TO ENTER,OWNER TO ENTER,OWNER TO ENTER,OWNER TO ENTER,OWNER TO ENTER,OWNER TO ENTER,OWNER TO ENTER,OWNER TO ENTER,OWNER TO ENTER,OWNER TO ENTER,OWNER TO ENTER,OWNER TO ENTER,OWNER TO ENTER,none until GSC/Bing data is entered,Do not request indexing in bulk.
26,"Priority 2 - core materials, forms, cities and export markets",https://rubinoxmetal.com/materials/duplex-2205-supplier-india.html,materials,Duplex 2205,,,,,Primary material/grade discovery page,site navigation/internal links,true,200,self_referencing,monitor via sitemap; inspect only if issue appears,OWNER TO ENTER,OWNER TO ENTER,OWNER TO ENTER,OWNER TO ENTER,OWNER TO ENTER,OWNER TO ENTER,OWNER TO ENTER,OWNER TO ENTER,OWNER TO ENTER,OWNER TO ENTER,OWNER TO ENTER,OWNER TO ENTER,OWNER TO ENTER,none until GSC/Bing data is entered,Do not request indexing in bulk.
27,"Priority 2 - core materials, forms, cities and export markets",https://rubinoxmetal.com/materials/super-duplex-2507-supplier-india.html,materials,Super Duplex 2507,,,,,Primary material/grade discovery page,site navigation/internal links,true,200,self_referencing,monitor via sitemap; inspect only if issue appears,OWNER TO ENTER,OWNER TO ENTER,OWNER TO ENTER,OWNER TO ENTER,OWNER TO ENTER,OWNER TO ENTER,OWNER TO ENTER,OWNER TO ENTER,OWNER TO ENTER,OWNER TO ENTER,OWNER TO ENTER,OWNER TO ENTER,OWNER TO ENTER,none until GSC/Bing data is entered,Do not request indexing in bulk.
28,"Priority 2 - core materials, forms, cities and export markets",https://rubinoxmetal.com/materials/hastelloy-c-276-supplier-india.html,material-grade-form,Hastelloy C 276,,,,,Priority monitoring URL.,site navigation/internal links,true,200,self_referencing,monitor via sitemap; inspect only if issue appears,OWNER TO ENTER,OWNER TO ENTER,OWNER TO ENTER,OWNER TO ENTER,OWNER TO ENTER,OWNER TO ENTER,OWNER TO ENTER,OWNER TO ENTER,OWNER TO ENTER,OWNER TO ENTER,OWNER TO ENTER,OWNER TO ENTER,OWNER TO ENTER,none until GSC/Bing data is entered,Do not request indexing in bulk.
29,"Priority 2 - core materials, forms, cities and export markets",https://rubinoxmetal.com/materials/monel-400-supplier-india.html,material-grade-form,Monel 400,,,,,Priority monitoring URL.,site navigation/internal links,true,200,self_referencing,monitor via sitemap; inspect only if issue appears,OWNER TO ENTER,OWNER TO ENTER,OWNER TO ENTER,OWNER TO ENTER,OWNER TO ENTER,OWNER TO ENTER,OWNER TO ENTER,OWNER TO ENTER,OWNER TO ENTER,OWNER TO ENTER,OWNER TO ENTER,OWNER TO ENTER,OWNER TO ENTER,none until GSC/Bing data is entered,Do not request indexing in bulk.
30,"Priority 2 - core materials, forms, cities and export markets",https://rubinoxmetal.com/materials/titanium-grade-2-supplier-india.html,material-grade-form,Titanium Grade 2,,,,,Priority monitoring URL.,site navigation/internal links,true,200,self_referencing,monitor via sitemap; inspect only if issue appears,OWNER TO ENTER,OWNER TO ENTER,OWNER TO ENTER,OWNER TO ENTER,OWNER TO ENTER,OWNER TO ENTER,OWNER TO ENTER,OWNER TO ENTER,OWNER TO ENTER,OWNER TO ENTER,OWNER TO ENTER,OWNER TO ENTER,OWNER TO ENTER,none until GSC/Bing data is entered,Do not request indexing in bulk.
31,"Priority 2 - core materials, forms, cities and export markets",https://rubinoxmetal.com/materials/stainless-steel-pipes-supplier-india.html,material-grade-form,Stainless steel Pipes,,,,,Priority monitoring URL.,site navigation/internal links,true,200,self_referencing,monitor via sitemap; inspect only if issue appears,OWNER TO ENTER,OWNER TO ENTER,OWNER TO ENTER,OWNER TO ENTER,OWNER TO ENTER,OWNER TO ENTER,OWNER TO ENTER,OWNER TO ENTER,OWNER TO ENTER,OWNER TO ENTER,OWNER TO ENTER,OWNER TO ENTER,OWNER TO ENTER,none until GSC/Bing data is entered,Do not request indexing in bulk.
32,"Priority 2 - core materials, forms, cities and export markets",https://rubinoxmetal.com/materials/stainless-steel-tubes-supplier-india.html,material-grade-form,Stainless steel Tubes,,,,,Priority monitoring URL.,site navigation/internal links,true,200,self_referencing,monitor via sitemap; inspect only if issue appears,OWNER TO ENTER,OWNER TO ENTER,OWNER TO ENTER,OWNER TO ENTER,OWNER TO ENTER,OWNER TO ENTER,OWNER TO ENTER,OWNER TO ENTER,OWNER TO ENTER,OWNER TO ENTER,OWNER TO ENTER,OWNER TO ENTER,OWNER TO ENTER,none until GSC/Bing data is entered,Do not request indexing in bulk.
33,"Priority 2 - core materials, forms, cities and export markets",https://rubinoxmetal.com/materials/stainless-steel-sheets-supplier-india.html,material-grade-form,Stainless steel Sheets,,,,,Priority monitoring URL.,site navigation/internal links,true,200,self_referencing,monitor via sitemap; inspect only if issue appears,OWNER TO ENTER,OWNER TO ENTER,OWNER TO ENTER,OWNER TO ENTER,OWNER TO ENTER,OWNER TO ENTER,OWNER TO ENTER,OWNER TO ENTER,OWNER TO ENTER,OWNER TO ENTER,OWNER TO ENTER,OWNER TO ENTER,OWNER TO ENTER,none until GSC/Bing data is entered,Do not request indexing in bulk.
34,"Priority 2 - core materials, forms, cities and export markets",https://rubinoxmetal.com/materials/stainless-steel-plates-supplier-india.html,material-grade-form,Stainless steel Plates,,,,,Priority monitoring URL.,site navigation/internal links,true,200,self_referencing,monitor via sitemap; inspect only if issue appears,OWNER TO ENTER,OWNER TO ENTER,OWNER TO ENTER,OWNER TO ENTER,OWNER TO ENTER,OWNER TO ENTER,OWNER TO ENTER,OWNER TO ENTER,OWNER TO ENTER,OWNER TO ENTER,OWNER TO ENTER,OWNER TO ENTER,OWNER TO ENTER,none until GSC/Bing data is entered,Do not request indexing in bulk.
35,"Priority 2 - core materials, forms, cities and export markets",https://rubinoxmetal.com/materials/stainless-steel-coils-supplier-india.html,material-grade-form,Stainless steel Coils,,,,,Priority monitoring URL.,site navigation/internal links,true,200,self_referencing,monitor via sitemap; inspect only if issue appears,OWNER TO ENTER,OWNER TO ENTER,OWNER TO ENTER,OWNER TO ENTER,OWNER TO ENTER,OWNER TO ENTER,OWNER TO ENTER,OWNER TO ENTER,OWNER TO ENTER,OWNER TO ENTER,OWNER TO ENTER,OWNER TO ENTER,OWNER TO ENTER,none until GSC/Bing data is entered,Do not request indexing in bulk.
36,"Priority 2 - core materials, forms, cities and export markets",https://rubinoxmetal.com/materials/stainless-steel-flanges-supplier-india.html,material-grade-form,Stainless steel Flanges,,,,,Priority monitoring URL.,site navigation/internal links,true,200,self_referencing,monitor via sitemap; inspect only if issue appears,OWNER TO ENTER,OWNER TO ENTER,OWNER TO ENTER,OWNER TO ENTER,OWNER TO ENTER,OWNER TO ENTER,OWNER TO ENTER,OWNER TO ENTER,OWNER TO ENTER,OWNER TO ENTER,OWNER TO ENTER,OWNER TO ENTER,OWNER TO ENTER,none until GSC/Bing data is entered,Do not request indexing in bulk.
37,"Priority 2 - core materials, forms, cities and export markets",https://rubinoxmetal.com/materials/stainless-steel-fittings-supplier-india.html,material-grade-form,Stainless steel Fittings,,,,,Priority monitoring URL.,site navigation/internal links,true,200,self_referencing,monitor via sitemap; inspect only if issue appears,OWNER TO ENTER,OWNER TO ENTER,OWNER TO ENTER,OWNER TO ENTER,OWNER TO ENTER,OWNER TO ENTER,OWNER TO ENTER,OWNER TO ENTER,OWNER TO ENTER,OWNER TO ENTER,OWNER TO ENTER,OWNER TO ENTER,OWNER TO ENTER,none until GSC/Bing data is entered,Do not request indexing in bulk.
38,"Priority 2 - core materials, forms, cities and export markets",https://rubinoxmetal.com/materials/stainless-steel-fasteners-supplier-india.html,material-grade-form,Stainless steel Fasteners,,,,,Priority monitoring URL.,site navigation/internal links,true,200,self_referencing,monitor via sitemap; inspect only if issue appears,OWNER TO ENTER,OWNER TO ENTER,OWNER TO ENTER,OWNER TO ENTER,OWNER TO ENTER,OWNER TO ENTER,OWNER TO ENTER,OWNER TO ENTER,OWNER TO ENTER,OWNER TO ENTER,OWNER TO ENTER,OWNER TO ENTER,OWNER TO ENTER,none until GSC/Bing data is entered,Do not request indexing in bulk.
39,"Priority 2 - core materials, forms, cities and export markets",https://rubinoxmetal.com/materials/stainless-steel-bars-supplier-india.html,material-grade-form,Stainless steel Bars,,,,,Priority monitoring URL.,site navigation/internal links,true,200,self_referencing,monitor via sitemap; inspect only if issue appears,OWNER TO ENTER,OWNER TO ENTER,OWNER TO ENTER,OWNER TO ENTER,OWNER TO ENTER,OWNER TO ENTER,OWNER TO ENTER,OWNER TO ENTER,OWNER TO ENTER,OWNER TO ENTER,OWNER TO ENTER,OWNER TO ENTER,OWNER TO ENTER,none until GSC/Bing data is entered,Do not request indexing in bulk.
40,"Priority 2 - core materials, forms, cities and export markets",https://rubinoxmetal.com/materials/stainless-steel-rods-supplier-india.html,material-grade-form,Stainless steel Rods,,,,,Priority monitoring URL.,site navigation/internal links,true,200,self_referencing,monitor via sitemap; inspect only if issue appears,OWNER TO ENTER,OWNER TO ENTER,OWNER TO ENTER,OWNER TO ENTER,OWNER TO ENTER,OWNER TO ENTER,OWNER TO ENTER,OWNER TO ENTER,OWNER TO ENTER,OWNER TO ENTER,OWNER TO ENTER,OWNER TO ENTER,OWNER TO ENTER,none until GSC/Bing data is entered,Do not request indexing in bulk.
41,"Priority 2 - core materials, forms, cities and export markets",https://rubinoxmetal.com/materials/stainless-steel-angles-supplier-india.html,material-grade-form,Stainless steel Angles,,,,,Priority monitoring URL.,site navigation/internal links,true,200,self_referencing,monitor via sitemap; inspect only if issue appears,OWNER TO ENTER,OWNER TO ENTER,OWNER TO ENTER,OWNER TO ENTER,OWNER TO ENTER,OWNER TO ENTER,OWNER TO ENTER,OWNER TO ENTER,OWNER TO ENTER,OWNER TO ENTER,OWNER TO ENTER,OWNER TO ENTER,OWNER TO ENTER,none until GSC/Bing data is entered,Do not request indexing in bulk.
42,"Priority 2 - core materials, forms, cities and export markets",https://rubinoxmetal.com/materials/stainless-steel-wire-mesh-supplier-india.html,material-grade-form,Stainless steel Wire Mesh,,,,,Priority monitoring URL.,site navigation/internal links,true,200,self_referencing,monitor via sitemap; inspect only if issue appears,OWNER TO ENTER,OWNER TO ENTER,OWNER TO ENTER,OWNER TO ENTER,OWNER TO ENTER,OWNER TO ENTER,OWNER TO ENTER,OWNER TO ENTER,OWNER TO ENTER,OWNER TO ENTER,OWNER TO ENTER,OWNER TO ENTER,OWNER TO ENTER,none until GSC/Bing data is entered,Do not request indexing in bulk.
43,"Priority 2 - core materials, forms, cities and export markets",https://rubinoxmetal.com/locations/mumbai.html,city,,,,Mumbai,,Top PAN India supply city page.,locations.html,true,200,self_referencing,monitor via sitemap; inspect only if issue appears,OWNER TO ENTER,OWNER TO ENTER,OWNER TO ENTER,OWNER TO ENTER,OWNER TO ENTER,OWNER TO ENTER,OWNER TO ENTER,OWNER TO ENTER,OWNER TO ENTER,OWNER TO ENTER,OWNER TO ENTER,OWNER TO ENTER,OWNER TO ENTER,none until GSC/Bing data is entered,Do not request indexing in bulk.
44,"Priority 2 - core materials, forms, cities and export markets",https://rubinoxmetal.com/locations/pune.html,city,,,,Pune,,Top PAN India supply city page.,locations.html,true,200,self_referencing,monitor via sitemap; inspect only if issue appears,OWNER TO ENTER,OWNER TO ENTER,OWNER TO ENTER,OWNER TO ENTER,OWNER TO ENTER,OWNER TO ENTER,OWNER TO ENTER,OWNER TO ENTER,OWNER TO ENTER,OWNER TO ENTER,OWNER TO ENTER,OWNER TO ENTER,OWNER TO ENTER,none until GSC/Bing data is entered,Do not request indexing in bulk.
45,"Priority 2 - core materials, forms, cities and export markets",https://rubinoxmetal.com/locations/ahmedabad.html,city,,,,Ahmedabad,,Top PAN India supply city page.,locations.html,true,200,self_referencing,monitor via sitemap; inspect only if issue appears,OWNER TO ENTER,OWNER TO ENTER,OWNER TO ENTER,OWNER TO ENTER,OWNER TO ENTER,OWNER TO ENTER,OWNER TO ENTER,OWNER TO ENTER,OWNER TO ENTER,OWNER TO ENTER,OWNER TO ENTER,OWNER TO ENTER,OWNER TO ENTER,none until GSC/Bing data is entered,Do not request indexing in bulk.
46,"Priority 2 - core materials, forms, cities and export markets",https://rubinoxmetal.com/locations/chennai.html,city,,,,Chennai,,Top PAN India supply city page.,locations.html,true,200,self_referencing,monitor via sitemap; inspect only if issue appears,OWNER TO ENTER,OWNER TO ENTER,OWNER TO ENTER,OWNER TO ENTER,OWNER TO ENTER,OWNER TO ENTER,OWNER TO ENTER,OWNER TO ENTER,OWNER TO ENTER,OWNER TO ENTER,OWNER TO ENTER,OWNER TO ENTER,OWNER TO ENTER,none until GSC/Bing data is entered,Do not request indexing in bulk.
47,"Priority 2 - core materials, forms, cities and export markets",https://rubinoxmetal.com/locations/hyderabad.html,city,,,,Hyderabad,,Top PAN India supply city page.,locations.html,true,200,self_referencing,monitor via sitemap; inspect only if issue appears,OWNER TO ENTER,OWNER TO ENTER,OWNER TO ENTER,OWNER TO ENTER,OWNER TO ENTER,OWNER TO ENTER,OWNER TO ENTER,OWNER TO ENTER,OWNER TO ENTER,OWNER TO ENTER,OWNER TO ENTER,OWNER TO ENTER,OWNER TO ENTER,none until GSC/Bing data is entered,Do not request indexing in bulk.
48,"Priority 2 - core materials, forms, cities and export markets",https://rubinoxmetal.com/locations/bengaluru.html,city,,,,Bengaluru,,Top PAN India supply city page.,locations.html,true,200,self_referencing,monitor via sitemap; inspect only if issue appears,OWNER TO ENTER,OWNER TO ENTER,OWNER TO ENTER,OWNER TO ENTER,OWNER TO ENTER,OWNER TO ENTER,OWNER TO ENTER,OWNER TO ENTER,OWNER TO ENTER,OWNER TO ENTER,OWNER TO ENTER,OWNER TO ENTER,OWNER TO ENTER,none until GSC/Bing data is entered,Do not request indexing in bulk.
49,"Priority 2 - core materials, forms, cities and export markets",https://rubinoxmetal.com/locations/vadodara.html,city,,,,Vadodara,,Top PAN India supply city page.,locations.html,true,200,self_referencing,monitor via sitemap; inspect only if issue appears,OWNER TO ENTER,OWNER TO ENTER,OWNER TO ENTER,OWNER TO ENTER,OWNER TO ENTER,OWNER TO ENTER,OWNER TO ENTER,OWNER TO ENTER,OWNER TO ENTER,OWNER TO ENTER,OWNER TO ENTER,OWNER TO ENTER,OWNER TO ENTER,none until GSC/Bing data is entered,Do not request indexing in bulk.
50,"Priority 2 - core materials, forms, cities and export markets",https://rubinoxmetal.com/locations/surat.html,city,,,,Surat,,Top PAN India supply city page.,locations.html,true,200,self_referencing,monitor via sitemap; inspect only if issue appears,OWNER TO ENTER,OWNER TO ENTER,OWNER TO ENTER,OWNER TO ENTER,OWNER TO ENTER,OWNER TO ENTER,OWNER TO ENTER,OWNER TO ENTER,OWNER TO ENTER,OWNER TO ENTER,OWNER TO ENTER,OWNER TO ENTER,OWNER TO ENTER,none until GSC/Bing data is entered,Do not request indexing in bulk.
51,"Priority 2 - core materials, forms, cities and export markets",https://rubinoxmetal.com/locations/navi-mumbai.html,city,,,,Navi Mumbai,,Top PAN India supply city page.,locations.html,true,200,self_referencing,monitor via sitemap; inspect only if issue appears,OWNER TO ENTER,OWNER TO ENTER,OWNER TO ENTER,OWNER TO ENTER,OWNER TO ENTER,OWNER TO ENTER,OWNER TO ENTER,OWNER TO ENTER,OWNER TO ENTER,OWNER TO ENTER,OWNER TO ENTER,OWNER TO ENTER,OWNER TO ENTER,none until GSC/Bing data is entered,Do not request indexing in bulk.
52,"Priority 2 - core materials, forms, cities and export markets",https://rubinoxmetal.com/locations/thane.html,city,,,,Thane,,Top PAN India supply city page.,locations.html,true,200,self_referencing,monitor via sitemap; inspect only if issue appears,OWNER TO ENTER,OWNER TO ENTER,OWNER TO ENTER,OWNER TO ENTER,OWNER TO ENTER,OWNER TO ENTER,OWNER TO ENTER,OWNER TO ENTER,OWNER TO ENTER,OWNER TO ENTER,OWNER TO ENTER,OWNER TO ENTER,OWNER TO ENTER,none until GSC/Bing data is entered,Do not request indexing in bulk.
53,"Priority 2 - core materials, forms, cities and export markets",https://rubinoxmetal.com/export/uae.html,export-country,,,,,Uae,Top export market page.,export.html,true,200,self_referencing,monitor via sitemap; inspect only if issue appears,OWNER TO ENTER,OWNER TO ENTER,OWNER TO ENTER,OWNER TO ENTER,OWNER TO ENTER,OWNER TO ENTER,OWNER TO ENTER,OWNER TO ENTER,OWNER TO ENTER,OWNER TO ENTER,OWNER TO ENTER,OWNER TO ENTER,OWNER TO ENTER,none until GSC/Bing data is entered,Do not request indexing in bulk.
54,"Priority 2 - core materials, forms, cities and export markets",https://rubinoxmetal.com/export/saudi-arabia.html,export-country,,,,,Saudi Arabia,Top export market page.,export.html,true,200,self_referencing,monitor via sitemap; inspect only if issue appears,OWNER TO ENTER,OWNER TO ENTER,OWNER TO ENTER,OWNER TO ENTER,OWNER TO ENTER,OWNER TO ENTER,OWNER TO ENTER,OWNER TO ENTER,OWNER TO ENTER,OWNER TO ENTER,OWNER TO ENTER,OWNER TO ENTER,OWNER TO ENTER,none until GSC/Bing data is entered,Do not request indexing in bulk.
55,"Priority 2 - core materials, forms, cities and export markets",https://rubinoxmetal.com/export/oman.html,export-country,,,,,Oman,Top export market page.,export.html,true,200,self_referencing,monitor via sitemap; inspect only if issue appears,OWNER TO ENTER,OWNER TO ENTER,OWNER TO ENTER,OWNER TO ENTER,OWNER TO ENTER,OWNER TO ENTER,OWNER TO ENTER,OWNER TO ENTER,OWNER TO ENTER,OWNER TO ENTER,OWNER TO ENTER,OWNER TO ENTER,OWNER TO ENTER,none until GSC/Bing data is entered,Do not request indexing in bulk.
56,"Priority 2 - core materials, forms, cities and export markets",https://rubinoxmetal.com/export/qatar.html,export-country,,,,,Qatar,Top export market page.,export.html,true,200,self_referencing,monitor via sitemap; inspect only if issue appears,OWNER TO ENTER,OWNER TO ENTER,OWNER TO ENTER,OWNER TO ENTER,OWNER TO ENTER,OWNER TO ENTER,OWNER TO ENTER,OWNER TO ENTER,OWNER TO ENTER,OWNER TO ENTER,OWNER TO ENTER,OWNER TO ENTER,OWNER TO ENTER,none until GSC/Bing data is entered,Do not request indexing in bulk.
57,"Priority 2 - core materials, forms, cities and export markets",https://rubinoxmetal.com/export/singapore.html,export-country,,,,,Singapore,Top export market page.,export.html,true,200,self_referencing,monitor via sitemap; inspect only if issue appears,OWNER TO ENTER,OWNER TO ENTER,OWNER TO ENTER,OWNER TO ENTER,OWNER TO ENTER,OWNER TO ENTER,OWNER TO ENTER,OWNER TO ENTER,OWNER TO ENTER,OWNER TO ENTER,OWNER TO ENTER,OWNER TO ENTER,OWNER TO ENTER,none until GSC/Bing data is entered,Do not request indexing in bulk.
58,"Priority 2 - core materials, forms, cities and export markets",https://rubinoxmetal.com/export/malaysia.html,export-country,,,,,Malaysia,Top export market page.,export.html,true,200,self_referencing,monitor via sitemap; inspect only if issue appears,OWNER TO ENTER,OWNER TO ENTER,OWNER TO ENTER,OWNER TO ENTER,OWNER TO ENTER,OWNER TO ENTER,OWNER TO ENTER,OWNER TO ENTER,OWNER TO ENTER,OWNER TO ENTER,OWNER TO ENTER,OWNER TO ENTER,OWNER TO ENTER,none until GSC/Bing data is entered,Do not request indexing in bulk.
59,"Priority 2 - core materials, forms, cities and export markets",https://rubinoxmetal.com/export/germany.html,export-country,,,,,Germany,Top export market page.,export.html,true,200,self_referencing,monitor via sitemap; inspect only if issue appears,OWNER TO ENTER,OWNER TO ENTER,OWNER TO ENTER,OWNER TO ENTER,OWNER TO ENTER,OWNER TO ENTER,OWNER TO ENTER,OWNER TO ENTER,OWNER TO ENTER,OWNER TO ENTER,OWNER TO ENTER,OWNER TO ENTER,OWNER TO ENTER,none until GSC/Bing data is entered,Do not request indexing in bulk.
60,"Priority 2 - core materials, forms, cities and export markets",https://rubinoxmetal.com/export/usa.html,export-country,,,,,Usa,Top export market page.,export.html,true,200,self_referencing,monitor via sitemap; inspect only if issue appears,OWNER TO ENTER,OWNER TO ENTER,OWNER TO ENTER,OWNER TO ENTER,OWNER TO ENTER,OWNER TO ENTER,OWNER TO ENTER,OWNER TO ENTER,OWNER TO ENTER,OWNER TO ENTER,OWNER TO ENTER,OWNER TO ENTER,OWNER TO ENTER,none until GSC/Bing data is entered,Do not request indexing in bulk.
61,"Priority 2 - core materials, forms, cities and export markets",https://rubinoxmetal.com/export/uk.html,export-country,,,,,Uk,Top export market page.,export.html,true,200,self_referencing,monitor via sitemap; inspect only if issue appears,OWNER TO ENTER,OWNER TO ENTER,OWNER TO ENTER,OWNER TO ENTER,OWNER TO ENTER,OWNER TO ENTER,OWNER TO ENTER,OWNER TO ENTER,OWNER TO ENTER,OWNER TO ENTER,OWNER TO ENTER,OWNER TO ENTER,OWNER TO ENTER,none until GSC/Bing data is entered,Do not request indexing in bulk.
62,"Priority 3 - combination, export-material and HSS pages",https://rubinoxmetal.com/material-location/ss-316l-fittings-chennai.html,material-location,Stainless Steel,SS 316L,fittings,Chennai,,Owner-priority final keyword coverage page,material-location.html,true,200,self_referencing,monitor via sitemap; inspect only if issue appears,OWNER TO ENTER,OWNER TO ENTER,OWNER TO ENTER,OWNER TO ENTER,OWNER TO ENTER,OWNER TO ENTER,OWNER TO ENTER,OWNER TO ENTER,OWNER TO ENTER,OWNER TO ENTER,OWNER TO ENTER,OWNER TO ENTER,OWNER TO ENTER,none until GSC/Bing data is entered,Do not request indexing in bulk.
63,"Priority 3 - combination, export-material and HSS pages",https://rubinoxmetal.com/material-location/ss-316-flanges-hyderabad.html,material-location,Stainless Steel,SS 316,flanges,Hyderabad,,Owner-priority final keyword coverage page,material-location.html,true,200,self_referencing,monitor via sitemap; inspect only if issue appears,OWNER TO ENTER,OWNER TO ENTER,OWNER TO ENTER,OWNER TO ENTER,OWNER TO ENTER,OWNER TO ENTER,OWNER TO ENTER,OWNER TO ENTER,OWNER TO ENTER,OWNER TO ENTER,OWNER TO ENTER,OWNER TO ENTER,OWNER TO ENTER,none until GSC/Bing data is entered,Do not request indexing in bulk.
64,"Priority 3 - combination, export-material and HSS pages",https://rubinoxmetal.com/material-location/ss-304-coils-mumbai.html,material-location,Stainless Steel,SS 304,coils,Mumbai,,Owner-priority final keyword coverage page,material-location.html,true,200,self_referencing,monitor via sitemap; inspect only if issue appears,OWNER TO ENTER,OWNER TO ENTER,OWNER TO ENTER,OWNER TO ENTER,OWNER TO ENTER,OWNER TO ENTER,OWNER TO ENTER,OWNER TO ENTER,OWNER TO ENTER,OWNER TO ENTER,OWNER TO ENTER,OWNER TO ENTER,OWNER TO ENTER,none until GSC/Bing data is entered,Do not request indexing in bulk.
65,"Priority 3 - combination, export-material and HSS pages",https://rubinoxmetal.com/material-location/ss-304-sheets-mumbai.html,material-location,Stainless Steel,SS 304,sheets,Mumbai,,Owner-priority final keyword coverage page,material-location.html,true,200,self_referencing,monitor via sitemap; inspect only if issue appears,OWNER TO ENTER,OWNER TO ENTER,OWNER TO ENTER,OWNER TO ENTER,OWNER TO ENTER,OWNER TO ENTER,OWNER TO ENTER,OWNER TO ENTER,OWNER TO ENTER,OWNER TO ENTER,OWNER TO ENTER,OWNER TO ENTER,OWNER TO ENTER,none until GSC/Bing data is entered,Do not request indexing in bulk.
66,"Priority 3 - combination, export-material and HSS pages",https://rubinoxmetal.com/material-location/ss-316-pipes-mumbai.html,material-location,Stainless Steel,SS 316,pipes,Mumbai,,Owner-priority final keyword coverage page,material-location.html,true,200,self_referencing,monitor via sitemap; inspect only if issue appears,OWNER TO ENTER,OWNER TO ENTER,OWNER TO ENTER,OWNER TO ENTER,OWNER TO ENTER,OWNER TO ENTER,OWNER TO ENTER,OWNER TO ENTER,OWNER TO ENTER,OWNER TO ENTER,OWNER TO ENTER,OWNER TO ENTER,OWNER TO ENTER,none until GSC/Bing data is entered,Do not request indexing in bulk.
67,"Priority 3 - combination, export-material and HSS pages",https://rubinoxmetal.com/material-location/ss-316l-pipes-pune.html,material-location,Stainless Steel,SS 316L,pipes,Pune,,Owner-priority final keyword coverage page,material-location.html,true,200,self_referencing,monitor via sitemap; inspect only if issue appears,OWNER TO ENTER,OWNER TO ENTER,OWNER TO ENTER,OWNER TO ENTER,OWNER TO ENTER,OWNER TO ENTER,OWNER TO ENTER,OWNER TO ENTER,OWNER TO ENTER,OWNER TO ENTER,OWNER TO ENTER,OWNER TO ENTER,OWNER TO ENTER,none until GSC/Bing data is entered,Do not request indexing in bulk.
68,"Priority 3 - combination, export-material and HSS pages",https://rubinoxmetal.com/material-location/ss-304-welded-pipes-mumbai.html,material-location,Stainless Steel,SS 304,welded pipes,Mumbai,,Owner-priority final keyword coverage page,material-location.html,true,200,self_referencing,monitor via sitemap; inspect only if issue appears,OWNER TO ENTER,OWNER TO ENTER,OWNER TO ENTER,OWNER TO ENTER,OWNER TO ENTER,OWNER TO ENTER,OWNER TO ENTER,OWNER TO ENTER,OWNER TO ENTER,OWNER TO ENTER,OWNER TO ENTER,OWNER TO ENTER,OWNER TO ENTER,none until GSC/Bing data is entered,Do not request indexing in bulk.
69,"Priority 3 - combination, export-material and HSS pages",https://rubinoxmetal.com/material-location/ss-304-seamless-pipes-mumbai.html,material-location,Stainless Steel,SS 304,seamless pipes,Mumbai,,Owner-priority final keyword coverage page,material-location.html,true,200,self_referencing,monitor via sitemap; inspect only if issue appears,OWNER TO ENTER,OWNER TO ENTER,OWNER TO ENTER,OWNER TO ENTER,OWNER TO ENTER,OWNER TO ENTER,OWNER TO ENTER,OWNER TO ENTER,OWNER TO ENTER,OWNER TO ENTER,OWNER TO ENTER,OWNER TO ENTER,OWNER TO ENTER,none until GSC/Bing data is entered,Do not request indexing in bulk.
70,"Priority 3 - combination, export-material and HSS pages",https://rubinoxmetal.com/material-location/ss-310-plates-pune.html,material-location,Stainless Steel,SS 310,plates,Pune,,Owner-priority final keyword coverage page,material-location.html,true,200,self_referencing,monitor via sitemap; inspect only if issue appears,OWNER TO ENTER,OWNER TO ENTER,OWNER TO ENTER,OWNER TO ENTER,OWNER TO ENTER,OWNER TO ENTER,OWNER TO ENTER,OWNER TO ENTER,OWNER TO ENTER,OWNER TO ENTER,OWNER TO ENTER,OWNER TO ENTER,OWNER TO ENTER,none until GSC/Bing data is entered,Do not request indexing in bulk.
71,"Priority 3 - combination, export-material and HSS pages",https://rubinoxmetal.com/material-location/ss-410-round-bars-rajkot.html,material-location,Stainless Steel,SS 410,round bars,Rajkot,,Owner-priority final keyword coverage page,material-location.html,true,200,self_referencing,monitor via sitemap; inspect only if issue appears,OWNER TO ENTER,OWNER TO ENTER,OWNER TO ENTER,OWNER TO ENTER,OWNER TO ENTER,OWNER TO ENTER,OWNER TO ENTER,OWNER TO ENTER,OWNER TO ENTER,OWNER TO ENTER,OWNER TO ENTER,OWNER TO ENTER,OWNER TO ENTER,none until GSC/Bing data is entered,Do not request indexing in bulk.
72,"Priority 3 - combination, export-material and HSS pages",https://rubinoxmetal.com/material-location/ss-430-sheets-delhi.html,material-location,Stainless Steel,SS 430,sheets,Delhi,,Owner-priority final keyword coverage page,material-location.html,true,200,self_referencing,inspect in GSC priority sample,OWNER TO ENTER,OWNER TO ENTER,OWNER TO ENTER,OWNER TO ENTER,OWNER TO ENTER,OWNER TO ENTER,OWNER TO ENTER,OWNER TO ENTER,OWNER TO ENTER,OWNER TO ENTER,OWNER TO ENTER,OWNER TO ENTER,OWNER TO ENTER,none until GSC/Bing data is entered,Do not request indexing in bulk.
73,"Priority 3 - combination, export-material and HSS pages",https://rubinoxmetal.com/material-location/ss-304-perforated-sheets-ahmedabad.html,material-location,Stainless Steel,SS 304,perforated sheets,Ahmedabad,,Owner-priority final keyword coverage page,material-location.html,true,200,self_referencing,monitor via sitemap; inspect only if issue appears,OWNER TO ENTER,OWNER TO ENTER,OWNER TO ENTER,OWNER TO ENTER,OWNER TO ENTER,OWNER TO ENTER,OWNER TO ENTER,OWNER TO ENTER,OWNER TO ENTER,OWNER TO ENTER,OWNER TO ENTER,OWNER TO ENTER,OWNER TO ENTER,none until GSC/Bing data is entered,Do not request indexing in bulk.
74,"Priority 3 - combination, export-material and HSS pages",https://rubinoxmetal.com/material-location/ss-316-wire-mesh-bengaluru.html,material-location,Stainless Steel,SS 316,wire mesh,Bengaluru,,Owner-priority final keyword coverage page,material-location.html,true,200,self_referencing,monitor via sitemap; inspect only if issue appears,OWNER TO ENTER,OWNER TO ENTER,OWNER TO ENTER,OWNER TO ENTER,OWNER TO ENTER,OWNER TO ENTER,OWNER TO ENTER,OWNER TO ENTER,OWNER TO ENTER,OWNER TO ENTER,OWNER TO ENTER,OWNER TO ENTER,OWNER TO ENTER,none until GSC/Bing data is entered,Do not request indexing in bulk.
75,"Priority 3 - combination, export-material and HSS pages",https://rubinoxmetal.com/material-location/ss-304l-sheets-mumbai.html,material-location,Stainless Steel,SS 304L,sheets,Mumbai,,Owner-priority final keyword coverage page,material-location.html,true,200,self_referencing,monitor via sitemap; inspect only if issue appears,OWNER TO ENTER,OWNER TO ENTER,OWNER TO ENTER,OWNER TO ENTER,OWNER TO ENTER,OWNER TO ENTER,OWNER TO ENTER,OWNER TO ENTER,OWNER TO ENTER,OWNER TO ENTER,OWNER TO ENTER,OWNER TO ENTER,OWNER TO ENTER,none until GSC/Bing data is entered,Do not request indexing in bulk.
76,"Priority 3 - combination, export-material and HSS pages",https://rubinoxmetal.com/material-location/ss-316-plates-mumbai.html,material-location,Stainless Steel,SS 316,plates,Mumbai,,Owner-priority final keyword coverage page,material-location.html,true,200,self_referencing,monitor via sitemap; inspect only if issue appears,OWNER TO ENTER,OWNER TO ENTER,OWNER TO ENTER,OWNER TO ENTER,OWNER TO ENTER,OWNER TO ENTER,OWNER TO ENTER,OWNER TO ENTER,OWNER TO ENTER,OWNER TO ENTER,OWNER TO ENTER,OWNER TO ENTER,OWNER TO ENTER,none until GSC/Bing data is entered,Do not request indexing in bulk.
77,"Priority 3 - combination, export-material and HSS pages",https://rubinoxmetal.com/material-location/ss-316l-tubes-chennai.html,material-location,Stainless Steel,SS 316L,tubes,Chennai,,Owner-priority final keyword coverage page,material-location.html,true,200,self_referencing,monitor via sitemap; inspect only if issue appears,OWNER TO ENTER,OWNER TO ENTER,OWNER TO ENTER,OWNER TO ENTER,OWNER TO ENTER,OWNER TO ENTER,OWNER TO ENTER,OWNER TO ENTER,OWNER TO ENTER,OWNER TO ENTER,OWNER TO ENTER,OWNER TO ENTER,OWNER TO ENTER,none until GSC/Bing data is entered,Do not request indexing in bulk.
78,"Priority 3 - combination, export-material and HSS pages",https://rubinoxmetal.com/material-location/ss-304-fasteners-pune.html,material-location,Stainless Steel,SS 304,fasteners,Pune,,Owner-priority final keyword coverage page,material-location.html,true,200,self_referencing,monitor via sitemap; inspect only if issue appears,OWNER TO ENTER,OWNER TO ENTER,OWNER TO ENTER,OWNER TO ENTER,OWNER TO ENTER,OWNER TO ENTER,OWNER TO ENTER,OWNER TO ENTER,OWNER TO ENTER,OWNER TO ENTER,OWNER TO ENTER,OWNER TO ENTER,OWNER TO ENTER,none until GSC/Bing data is entered,Do not request indexing in bulk.
79,"Priority 3 - combination, export-material and HSS pages",https://rubinoxmetal.com/material-location/ss-316l-fittings-mumbai.html,material-location,Stainless Steel,SS 316L,fittings,Mumbai,,Owner-priority final keyword coverage page,material-location.html,true,200,self_referencing,monitor via sitemap; inspect only if issue appears,OWNER TO ENTER,OWNER TO ENTER,OWNER TO ENTER,OWNER TO ENTER,OWNER TO ENTER,OWNER TO ENTER,OWNER TO ENTER,OWNER TO ENTER,OWNER TO ENTER,OWNER TO ENTER,OWNER TO ENTER,OWNER TO ENTER,OWNER TO ENTER,none until GSC/Bing data is entered,Do not request indexing in bulk.
80,"Priority 3 - combination, export-material and HSS pages",https://rubinoxmetal.com/material-location/ss-316-flanges-chennai.html,material-location,Stainless Steel,SS 316,flanges,Chennai,,Owner-priority final keyword coverage page,material-location.html,true,200,self_referencing,monitor via sitemap; inspect only if issue appears,OWNER TO ENTER,OWNER TO ENTER,OWNER TO ENTER,OWNER TO ENTER,OWNER TO ENTER,OWNER TO ENTER,OWNER TO ENTER,OWNER TO ENTER,OWNER TO ENTER,OWNER TO ENTER,OWNER TO ENTER,OWNER TO ENTER,OWNER TO ENTER,none until GSC/Bing data is entered,Do not request indexing in bulk.
81,"Priority 3 - combination, export-material and HSS pages",https://rubinoxmetal.com/material-location/ss-304-coils-ahmedabad.html,material-location,Stainless Steel,SS 304,coils,Ahmedabad,,Owner-priority final keyword coverage page,material-location.html,true,200,self_referencing,monitor via sitemap; inspect only if issue appears,OWNER TO ENTER,OWNER TO ENTER,OWNER TO ENTER,OWNER TO ENTER,OWNER TO ENTER,OWNER TO ENTER,OWNER TO ENTER,OWNER TO ENTER,OWNER TO ENTER,OWNER TO ENTER,OWNER TO ENTER,OWNER TO ENTER,OWNER TO ENTER,none until GSC/Bing data is entered,Do not request indexing in bulk.
82,"Priority 3 - combination, export-material and HSS pages",https://rubinoxmetal.com/material-location/ss-304-sheets-pune.html,material-location,Stainless Steel,SS 304,sheets,Pune,,Owner-priority final keyword coverage page,material-location.html,true,200,self_referencing,monitor via sitemap; inspect only if issue appears,OWNER TO ENTER,OWNER TO ENTER,OWNER TO ENTER,OWNER TO ENTER,OWNER TO ENTER,OWNER TO ENTER,OWNER TO ENTER,OWNER TO ENTER,OWNER TO ENTER,OWNER TO ENTER,OWNER TO ENTER,OWNER TO ENTER,OWNER TO ENTER,none until GSC/Bing data is entered,Do not request indexing in bulk.
83,"Priority 3 - combination, export-material and HSS pages",https://rubinoxmetal.com/material-location/ss-316-pipes-chennai.html,material-location,Stainless Steel,SS 316,pipes,Chennai,,Owner-priority final keyword coverage page,material-location.html,true,200,self_referencing,monitor via sitemap; inspect only if issue appears,OWNER TO ENTER,OWNER TO ENTER,OWNER TO ENTER,OWNER TO ENTER,OWNER TO ENTER,OWNER TO ENTER,OWNER TO ENTER,OWNER TO ENTER,OWNER TO ENTER,OWNER TO ENTER,OWNER TO ENTER,OWNER TO ENTER,OWNER TO ENTER,none until GSC/Bing data is entered,Do not request indexing in bulk.
84,"Priority 3 - combination, export-material and HSS pages",https://rubinoxmetal.com/material-location/ss-316l-pipes-mumbai.html,material-location,Stainless Steel,SS 316L,pipes,Mumbai,,Owner-priority final keyword coverage page,material-location.html,true,200,self_referencing,inspect in GSC priority sample,OWNER TO ENTER,OWNER TO ENTER,OWNER TO ENTER,OWNER TO ENTER,OWNER TO ENTER,OWNER TO ENTER,OWNER TO ENTER,OWNER TO ENTER,OWNER TO ENTER,OWNER TO ENTER,OWNER TO ENTER,OWNER TO ENTER,OWNER TO ENTER,none until GSC/Bing data is entered,Do not request indexing in bulk.
85,"Priority 3 - combination, export-material and HSS pages",https://rubinoxmetal.com/material-location/ss-304-welded-pipes-pune.html,material-location,Stainless Steel,SS 304,welded pipes,Pune,,Owner-priority final keyword coverage page,material-location.html,true,200,self_referencing,monitor via sitemap; inspect only if issue appears,OWNER TO ENTER,OWNER TO ENTER,OWNER TO ENTER,OWNER TO ENTER,OWNER TO ENTER,OWNER TO ENTER,OWNER TO ENTER,OWNER TO ENTER,OWNER TO ENTER,OWNER TO ENTER,OWNER TO ENTER,OWNER TO ENTER,OWNER TO ENTER,none until GSC/Bing data is entered,Do not request indexing in bulk.
86,"Priority 3 - combination, export-material and HSS pages",https://rubinoxmetal.com/material-location/ss-304-seamless-pipes-vadodara.html,material-location,Stainless Steel,SS 304,seamless pipes,Vadodara,,Owner-priority final keyword coverage page,material-location.html,true,200,self_referencing,monitor via sitemap; inspect only if issue appears,OWNER TO ENTER,OWNER TO ENTER,OWNER TO ENTER,OWNER TO ENTER,OWNER TO ENTER,OWNER TO ENTER,OWNER TO ENTER,OWNER TO ENTER,OWNER TO ENTER,OWNER TO ENTER,OWNER TO ENTER,OWNER TO ENTER,OWNER TO ENTER,none until GSC/Bing data is entered,Do not request indexing in bulk.
87,"Priority 3 - combination, export-material and HSS pages",https://rubinoxmetal.com/material-location/ss-310-plates-mumbai.html,material-location,Stainless Steel,SS 310,plates,Mumbai,,Owner-priority final keyword coverage page,material-location.html,true,200,self_referencing,monitor via sitemap; inspect only if issue appears,OWNER TO ENTER,OWNER TO ENTER,OWNER TO ENTER,OWNER TO ENTER,OWNER TO ENTER,OWNER TO ENTER,OWNER TO ENTER,OWNER TO ENTER,OWNER TO ENTER,OWNER TO ENTER,OWNER TO ENTER,OWNER TO ENTER,OWNER TO ENTER,none until GSC/Bing data is entered,Do not request indexing in bulk.
88,"Priority 3 - combination, export-material and HSS pages",https://rubinoxmetal.com/material-location/ss-410-round-bars-pune.html,material-location,Stainless Steel,SS 410,round bars,Pune,,Owner-priority final keyword coverage page,material-location.html,true,200,self_referencing,monitor via sitemap; inspect only if issue appears,OWNER TO ENTER,OWNER TO ENTER,OWNER TO ENTER,OWNER TO ENTER,OWNER TO ENTER,OWNER TO ENTER,OWNER TO ENTER,OWNER TO ENTER,OWNER TO ENTER,OWNER TO ENTER,OWNER TO ENTER,OWNER TO ENTER,OWNER TO ENTER,none until GSC/Bing data is entered,Do not request indexing in bulk.
89,"Priority 3 - combination, export-material and HSS pages",https://rubinoxmetal.com/material-location/ss-430-sheets-chennai.html,material-location,Stainless Steel,SS 430,sheets,Chennai,,Owner-priority final keyword coverage page,material-location.html,true,200,self_referencing,monitor via sitemap; inspect only if issue appears,OWNER TO ENTER,OWNER TO ENTER,OWNER TO ENTER,OWNER TO ENTER,OWNER TO ENTER,OWNER TO ENTER,OWNER TO ENTER,OWNER TO ENTER,OWNER TO ENTER,OWNER TO ENTER,OWNER TO ENTER,OWNER TO ENTER,OWNER TO ENTER,none until GSC/Bing data is entered,Do not request indexing in bulk.
90,"Priority 3 - combination, export-material and HSS pages",https://rubinoxmetal.com/material-location/ss-304-perforated-sheets-mumbai.html,material-location,Stainless Steel,SS 304,perforated sheets,Mumbai,,Owner-priority final keyword coverage page,material-location.html,true,200,self_referencing,monitor via sitemap; inspect only if issue appears,OWNER TO ENTER,OWNER TO ENTER,OWNER TO ENTER,OWNER TO ENTER,OWNER TO ENTER,OWNER TO ENTER,OWNER TO ENTER,OWNER TO ENTER,OWNER TO ENTER,OWNER TO ENTER,OWNER TO ENTER,OWNER TO ENTER,OWNER TO ENTER,none until GSC/Bing data is entered,Do not request indexing in bulk.
91,"Priority 3 - combination, export-material and HSS pages",https://rubinoxmetal.com/material-location/ss-316-wire-mesh-mumbai.html,material-location,Stainless Steel,SS 316,wire mesh,Mumbai,,Owner-priority final keyword coverage page,material-location.html,true,200,self_referencing,monitor via sitemap; inspect only if issue appears,OWNER TO ENTER,OWNER TO ENTER,OWNER TO ENTER,OWNER TO ENTER,OWNER TO ENTER,OWNER TO ENTER,OWNER TO ENTER,OWNER TO ENTER,OWNER TO ENTER,OWNER TO ENTER,OWNER TO ENTER,OWNER TO ENTER,OWNER TO ENTER,none until GSC/Bing data is entered,Do not request indexing in bulk.
92,"Priority 3 - combination, export-material and HSS pages",https://rubinoxmetal.com/material-location/ss-304l-sheets-pune.html,material-location,Stainless Steel,SS 304L,sheets,Pune,,Owner-priority final keyword coverage page,material-location.html,true,200,self_referencing,monitor via sitemap; inspect only if issue appears,OWNER TO ENTER,OWNER TO ENTER,OWNER TO ENTER,OWNER TO ENTER,OWNER TO ENTER,OWNER TO ENTER,OWNER TO ENTER,OWNER TO ENTER,OWNER TO ENTER,OWNER TO ENTER,OWNER TO ENTER,OWNER TO ENTER,OWNER TO ENTER,none until GSC/Bing data is entered,Do not request indexing in bulk.
93,"Priority 3 - combination, export-material and HSS pages",https://rubinoxmetal.com/material-location/ss-316-plates-pune.html,material-location,Stainless Steel,SS 316,plates,Pune,,Owner-priority final keyword coverage page,material-location.html,true,200,self_referencing,monitor via sitemap; inspect only if issue appears,OWNER TO ENTER,OWNER TO ENTER,OWNER TO ENTER,OWNER TO ENTER,OWNER TO ENTER,OWNER TO ENTER,OWNER TO ENTER,OWNER TO ENTER,OWNER TO ENTER,OWNER TO ENTER,OWNER TO ENTER,OWNER TO ENTER,OWNER TO ENTER,none until GSC/Bing data is entered,Do not request indexing in bulk.
94,"Priority 3 - combination, export-material and support pages",https://rubinoxmetal.com/quality-documentation-support.html,site-page,,,,,,"Core site discovery, RFQ or support page",material-location.html|export-material.html|hss-location.html,true,200,self_referencing,monitor via sitemap; inspect only if issue appears,OWNER TO ENTER,OWNER TO ENTER,OWNER TO ENTER,OWNER TO ENTER,OWNER TO ENTER,OWNER TO ENTER,OWNER TO ENTER,OWNER TO ENTER,OWNER TO ENTER,OWNER TO ENTER,OWNER TO ENTER,OWNER TO ENTER,OWNER TO ENTER,none until GSC/Bing data is entered,Do not request indexing in bulk.
95,"Priority 3 - combination, export-material and support pages",https://rubinoxmetal.com/technical-resources.html,site-page,,,,,,"Core site discovery, RFQ or support page",material-location.html|export-material.html|hss-location.html,true,200,self_referencing,monitor via sitemap; inspect only if issue appears,OWNER TO ENTER,OWNER TO ENTER,OWNER TO ENTER,OWNER TO ENTER,OWNER TO ENTER,OWNER TO ENTER,OWNER TO ENTER,OWNER TO ENTER,OWNER TO ENTER,OWNER TO ENTER,OWNER TO ENTER,OWNER TO ENTER,OWNER TO ENTER,none until GSC/Bing data is entered,Do not request indexing in bulk.
96,"Priority 3 - combination, export-material and support pages",https://rubinoxmetal.com/blog/stainless-steel-304-vs-316-vs-316l.html,knowledge-guide,,,,,,Priority monitoring URL.,blog.html,true,200,self_referencing,monitor via sitemap; inspect only if issue appears,OWNER TO ENTER,OWNER TO ENTER,OWNER TO ENTER,OWNER TO ENTER,OWNER TO ENTER,OWNER TO ENTER,OWNER TO ENTER,OWNER TO ENTER,OWNER TO ENTER,OWNER TO ENTER,OWNER TO ENTER,OWNER TO ENTER,OWNER TO ENTER,none until GSC/Bing data is entered,Do not request indexing in bulk.
97,"Priority 3 - combination, export-material and support pages",https://rubinoxmetal.com/blog/inconel-monel-hastelloy-selection-guide.html,knowledge-guide,,,,,,Priority monitoring URL.,blog.html,true,200,self_referencing,monitor via sitemap; inspect only if issue appears,OWNER TO ENTER,OWNER TO ENTER,OWNER TO ENTER,OWNER TO ENTER,OWNER TO ENTER,OWNER TO ENTER,OWNER TO ENTER,OWNER TO ENTER,OWNER TO ENTER,OWNER TO ENTER,OWNER TO ENTER,OWNER TO ENTER,OWNER TO ENTER,none until GSC/Bing data is entered,Do not request indexing in bulk.
98,"Priority 3 - combination, export-material and support pages",https://rubinoxmetal.com/blog/duplex-2205-vs-super-duplex-2507.html,knowledge-guide,,,,,,Priority monitoring URL.,blog.html,true,200,self_referencing,monitor via sitemap; inspect only if issue appears,OWNER TO ENTER,OWNER TO ENTER,OWNER TO ENTER,OWNER TO ENTER,OWNER TO ENTER,OWNER TO ENTER,OWNER TO ENTER,OWNER TO ENTER,OWNER TO ENTER,OWNER TO ENTER,OWNER TO ENTER,OWNER TO ENTER,OWNER TO ENTER,none until GSC/Bing data is entered,Do not request indexing in bulk.
99,"Priority 3 - combination, export-material and support pages",https://rubinoxmetal.com/blog/high-speed-steel-sourcing-guide.html,knowledge-guide,,,,,,Priority monitoring URL.,blog.html,true,200,self_referencing,monitor via sitemap; inspect only if issue appears,OWNER TO ENTER,OWNER TO ENTER,OWNER TO ENTER,OWNER TO ENTER,OWNER TO ENTER,OWNER TO ENTER,OWNER TO ENTER,OWNER TO ENTER,OWNER TO ENTER,OWNER TO ENTER,OWNER TO ENTER,OWNER TO ENTER,OWNER TO ENTER,none until GSC/Bing data is entered,Do not request indexing in bulk.
100,"Priority 3 - combination, export-material and support pages",https://rubinoxmetal.com/stainless-steel-price-factors-india.html,site-page,,,,,,Priority monitoring URL.,site navigation/internal links,true,200,self_referencing,monitor via sitemap; inspect only if issue appears,OWNER TO ENTER,OWNER TO ENTER,OWNER TO ENTER,OWNER TO ENTER,OWNER TO ENTER,OWNER TO ENTER,OWNER TO ENTER,OWNER TO ENTER,OWNER TO ENTER,OWNER TO ENTER,OWNER TO ENTER,OWNER TO ENTER,OWNER TO ENTER,none until GSC/Bing data is entered,Do not request indexing in bulk.
