priority_rank,priority,page_type,folder,material,grade,form,city,state,country,proposed_url,proposed_h1,target_keyword,intent,industry_basis,existing_overlap,risk_level,content_depth_score,internal_links_from,internal_links_to,create_in_d12b,notes
1,High,india_city,material-location,Stainless Steel,SS 316L,fittings,Chennai,Tamil Nadu,,/material-location/ss-316l-fittings-chennai.html,SS 316L Fittings Supplier in Chennai,SS 316L fittings supplier in Chennai,RFQ-led material + grade + form + destination sourcing page,Chennai buyer intent for stainless fittings RFQs and documentation-led sourcing.,/materials/ss-316l-supplier-india.html,Low,96,/material-location.html; /materials.html; /locations.html; /quotation.html,/material-location.html; /materials.html; /locations.html; /quality-documentation-support.html; /technical-resources.html; /quotation.html; /contact.html,yes_if_owner_approves,"Final-batch candidate; create only with unique copy, visible FAQs, RFQ checklist, safe role wording and no duplicate footer/nav links."
2,High,india_city,material-location,Stainless Steel,SS 316,flanges,Hyderabad,Telangana,,/material-location/ss-316-flanges-hyderabad.html,SS 316 Flanges Supplier in Hyderabad,SS 316 flanges supplier in Hyderabad,RFQ-led material + grade + form + destination sourcing page,Hyderabad buyer intent for stainless flanges RFQs and documentation-led sourcing.,/materials/ss-316-supplier-india.html,Low,96,/material-location.html; /materials.html; /locations.html; /quotation.html,/material-location.html; /materials.html; /locations.html; /quality-documentation-support.html; /technical-resources.html; /quotation.html; /contact.html,yes_if_owner_approves,"Final-batch candidate; create only with unique copy, visible FAQs, RFQ checklist, safe role wording and no duplicate footer/nav links."
3,High,india_city,material-location,Stainless Steel,SS 304,coils,Mumbai,Maharashtra,,/material-location/ss-304-coils-mumbai.html,SS 304 Coils Supplier in Mumbai,SS 304 coils supplier in Mumbai,RFQ-led material + grade + form + destination sourcing page,Mumbai buyer intent for stainless coils RFQs and documentation-led sourcing.,/materials/ss-304-supplier-india.html,Low,96,/material-location.html; /materials.html; /locations.html; /quotation.html,/material-location.html; /materials.html; /locations.html; /quality-documentation-support.html; /technical-resources.html; /quotation.html; /contact.html,yes_if_owner_approves,"Final-batch candidate; create only with unique copy, visible FAQs, RFQ checklist, safe role wording and no duplicate footer/nav links."
4,High,india_city,material-location,Stainless Steel,SS 304,sheets,Mumbai,Maharashtra,,/material-location/ss-304-sheets-mumbai.html,SS 304 Sheets Supplier in Mumbai,SS 304 sheets supplier in Mumbai,RFQ-led material + grade + form + destination sourcing page,Mumbai buyer intent for stainless sheets RFQs and documentation-led sourcing.,/materials/ss-304-supplier-india.html,Low,96,/material-location.html; /materials.html; /locations.html; /quotation.html,/material-location.html; /materials.html; /locations.html; /quality-documentation-support.html; /technical-resources.html; /quotation.html; /contact.html,yes_if_owner_approves,"Final-batch candidate; create only with unique copy, visible FAQs, RFQ checklist, safe role wording and no duplicate footer/nav links."
5,High,india_city,material-location,Stainless Steel,SS 316,pipes,Mumbai,Maharashtra,,/material-location/ss-316-pipes-mumbai.html,SS 316 Pipes Supplier in Mumbai,SS 316 pipes supplier in Mumbai,RFQ-led material + grade + form + destination sourcing page,Mumbai buyer intent for stainless pipes RFQs and documentation-led sourcing.,/materials/ss-316-supplier-india.html,Low,96,/material-location.html; /materials.html; /locations.html; /quotation.html,/material-location.html; /materials.html; /locations.html; /quality-documentation-support.html; /technical-resources.html; /quotation.html; /contact.html,yes_if_owner_approves,"Final-batch candidate; create only with unique copy, visible FAQs, RFQ checklist, safe role wording and no duplicate footer/nav links."
6,High,india_city,material-location,Stainless Steel,SS 316L,pipes,Pune,Maharashtra,,/material-location/ss-316l-pipes-pune.html,SS 316L Pipes Supplier in Pune,SS 316L pipes supplier in Pune,RFQ-led material + grade + form + destination sourcing page,Pune buyer intent for stainless pipes RFQs and documentation-led sourcing.,/materials/ss-316l-supplier-india.html,Low,96,/material-location.html; /materials.html; /locations.html; /quotation.html,/material-location.html; /materials.html; /locations.html; /quality-documentation-support.html; /technical-resources.html; /quotation.html; /contact.html,yes_if_owner_approves,"Final-batch candidate; create only with unique copy, visible FAQs, RFQ checklist, safe role wording and no duplicate footer/nav links."
7,High,india_city,material-location,Stainless Steel,SS 304,welded pipes,Mumbai,Maharashtra,,/material-location/ss-304-welded-pipes-mumbai.html,SS 304 Welded Pipes Supplier in Mumbai,SS 304 welded pipes supplier in Mumbai,RFQ-led material + grade + form + destination sourcing page,Mumbai buyer intent for stainless welded pipes RFQs and documentation-led sourcing.,/materials/ss-304-supplier-india.html,Low,96,/material-location.html; /materials.html; /locations.html; /quotation.html,/material-location.html; /materials.html; /locations.html; /quality-documentation-support.html; /technical-resources.html; /quotation.html; /contact.html,yes_if_owner_approves,"Final-batch candidate; create only with unique copy, visible FAQs, RFQ checklist, safe role wording and no duplicate footer/nav links."
8,High,india_city,material-location,Stainless Steel,SS 304,seamless pipes,Mumbai,Maharashtra,,/material-location/ss-304-seamless-pipes-mumbai.html,SS 304 Seamless Pipes Supplier in Mumbai,SS 304 seamless pipes supplier in Mumbai,RFQ-led material + grade + form + destination sourcing page,Mumbai buyer intent for stainless seamless pipes RFQs and documentation-led sourcing.,/materials/ss-304-supplier-india.html,Low,96,/material-location.html; /materials.html; /locations.html; /quotation.html,/material-location.html; /materials.html; /locations.html; /quality-documentation-support.html; /technical-resources.html; /quotation.html; /contact.html,yes_if_owner_approves,"Final-batch candidate; create only with unique copy, visible FAQs, RFQ checklist, safe role wording and no duplicate footer/nav links."
9,High,india_city,material-location,Stainless Steel,SS 310,plates,Pune,Maharashtra,,/material-location/ss-310-plates-pune.html,SS 310 Plates Supplier in Pune,SS 310 plates supplier in Pune,RFQ-led material + grade + form + destination sourcing page,Pune buyer intent for stainless plates RFQs and documentation-led sourcing.,/materials/ss-310-supplier-india.html,Low,93,/material-location.html; /materials.html; /locations.html; /quotation.html,/material-location.html; /materials.html; /locations.html; /quality-documentation-support.html; /technical-resources.html; /quotation.html; /contact.html,yes_if_owner_approves,"Final-batch candidate; create only with unique copy, visible FAQs, RFQ checklist, safe role wording and no duplicate footer/nav links."
10,Medium,india_city,material-location,Stainless Steel,SS 410,round bars,Rajkot,Gujarat,,/material-location/ss-410-round-bars-rajkot.html,SS 410 Round Bars Supplier in Rajkot,SS 410 round bars supplier in Rajkot,RFQ-led material + grade + form + destination sourcing page,Rajkot buyer intent for stainless round bars RFQs and documentation-led sourcing.,/materials/ss-410-supplier-india.html,Low,85,/material-location.html; /materials.html; /locations.html; /quotation.html,/material-location.html; /materials.html; /locations.html; /quality-documentation-support.html; /technical-resources.html; /quotation.html; /contact.html,yes_if_owner_approves,"Final-batch candidate; create only with unique copy, visible FAQs, RFQ checklist, safe role wording and no duplicate footer/nav links."
11,High,india_city,material-location,Stainless Steel,SS 430,sheets,Delhi,Delhi NCR,,/material-location/ss-430-sheets-delhi.html,SS 430 Sheets Supplier in Delhi,SS 430 sheets supplier in Delhi,RFQ-led material + grade + form + destination sourcing page,Delhi buyer intent for stainless sheets RFQs and documentation-led sourcing.,/materials/ss-430-supplier-india.html,Low,93,/material-location.html; /materials.html; /locations.html; /quotation.html,/material-location.html; /materials.html; /locations.html; /quality-documentation-support.html; /technical-resources.html; /quotation.html; /contact.html,yes_if_owner_approves,"Final-batch candidate; create only with unique copy, visible FAQs, RFQ checklist, safe role wording and no duplicate footer/nav links."
12,High,india_city,material-location,Stainless Steel,SS 304,perforated sheets,Ahmedabad,Gujarat,,/material-location/ss-304-perforated-sheets-ahmedabad.html,SS 304 Perforated Sheets Supplier in Ahmedabad,SS 304 perforated sheets supplier in Ahmedabad,RFQ-led material + grade + form + destination sourcing page,Ahmedabad buyer intent for stainless perforated sheets RFQs and documentation-led sourcing.,/materials/ss-304-supplier-india.html,Low,93,/material-location.html; /materials.html; /locations.html; /quotation.html,/material-location.html; /materials.html; /locations.html; /quality-documentation-support.html; /technical-resources.html; /quotation.html; /contact.html,yes_if_owner_approves,"Final-batch candidate; create only with unique copy, visible FAQs, RFQ checklist, safe role wording and no duplicate footer/nav links."
13,High,india_city,material-location,Stainless Steel,SS 316,wire mesh,Bengaluru,Karnataka,,/material-location/ss-316-wire-mesh-bengaluru.html,SS 316 Wire Mesh Supplier in Bengaluru,SS 316 wire mesh supplier in Bengaluru,RFQ-led material + grade + form + destination sourcing page,Bengaluru buyer intent for stainless wire mesh RFQs and documentation-led sourcing.,/materials/ss-316-supplier-india.html,Low,93,/material-location.html; /materials.html; /locations.html; /quotation.html,/material-location.html; /materials.html; /locations.html; /quality-documentation-support.html; /technical-resources.html; /quotation.html; /contact.html,yes_if_owner_approves,"Final-batch candidate; create only with unique copy, visible FAQs, RFQ checklist, safe role wording and no duplicate footer/nav links."
14,High,india_city,material-location,Stainless Steel,SS 304L,sheets,Mumbai,Maharashtra,,/material-location/ss-304l-sheets-mumbai.html,SS 304L Sheets Supplier in Mumbai,SS 304L sheets supplier in Mumbai,RFQ-led material + grade + form + destination sourcing page,Mumbai buyer intent for stainless sheets RFQs and documentation-led sourcing.,/materials/ss-304l-supplier-india.html,Low,96,/material-location.html; /materials.html; /locations.html; /quotation.html,/material-location.html; /materials.html; /locations.html; /quality-documentation-support.html; /technical-resources.html; /quotation.html; /contact.html,yes_if_owner_approves,"Final-batch candidate; create only with unique copy, visible FAQs, RFQ checklist, safe role wording and no duplicate footer/nav links."
15,High,india_city,material-location,Stainless Steel,SS 316,plates,Mumbai,Maharashtra,,/material-location/ss-316-plates-mumbai.html,SS 316 Plates Supplier in Mumbai,SS 316 plates supplier in Mumbai,RFQ-led material + grade + form + destination sourcing page,Mumbai buyer intent for stainless plates RFQs and documentation-led sourcing.,/materials/ss-316-supplier-india.html,Low,96,/material-location.html; /materials.html; /locations.html; /quotation.html,/material-location.html; /materials.html; /locations.html; /quality-documentation-support.html; /technical-resources.html; /quotation.html; /contact.html,yes_if_owner_approves,"Final-batch candidate; create only with unique copy, visible FAQs, RFQ checklist, safe role wording and no duplicate footer/nav links."
16,High,india_city,material-location,Stainless Steel,SS 316L,tubes,Chennai,Tamil Nadu,,/material-location/ss-316l-tubes-chennai.html,SS 316L Tubes Supplier in Chennai,SS 316L tubes supplier in Chennai,RFQ-led material + grade + form + destination sourcing page,Chennai buyer intent for stainless tubes RFQs and documentation-led sourcing.,/materials/ss-316l-supplier-india.html,Low,93,/material-location.html; /materials.html; /locations.html; /quotation.html,/material-location.html; /materials.html; /locations.html; /quality-documentation-support.html; /technical-resources.html; /quotation.html; /contact.html,yes_if_owner_approves,"Final-batch candidate; create only with unique copy, visible FAQs, RFQ checklist, safe role wording and no duplicate footer/nav links."
17,High,india_city,material-location,Stainless Steel,SS 304,fasteners,Pune,Maharashtra,,/material-location/ss-304-fasteners-pune.html,SS 304 Fasteners Supplier in Pune,SS 304 fasteners supplier in Pune,RFQ-led material + grade + form + destination sourcing page,Pune buyer intent for stainless fasteners RFQs and documentation-led sourcing.,/materials/ss-304-supplier-india.html,Low,93,/material-location.html; /materials.html; /locations.html; /quotation.html,/material-location.html; /materials.html; /locations.html; /quality-documentation-support.html; /technical-resources.html; /quotation.html; /contact.html,yes_if_owner_approves,"Final-batch candidate; create only with unique copy, visible FAQs, RFQ checklist, safe role wording and no duplicate footer/nav links."
18,High,india_city,material-location,Stainless Steel,SS 316L,fittings,Mumbai,Maharashtra,,/material-location/ss-316l-fittings-mumbai.html,SS 316L Fittings Supplier in Mumbai,SS 316L fittings supplier in Mumbai,RFQ-led material + grade + form + destination sourcing page,Mumbai buyer intent for stainless fittings RFQs and documentation-led sourcing.,/materials/ss-316l-supplier-india.html,Low,96,/material-location.html; /materials.html; /locations.html; /quotation.html,/material-location.html; /materials.html; /locations.html; /quality-documentation-support.html; /technical-resources.html; /quotation.html; /contact.html,yes_if_owner_approves,"Final-batch candidate; create only with unique copy, visible FAQs, RFQ checklist, safe role wording and no duplicate footer/nav links."
19,High,india_city,material-location,Stainless Steel,SS 316,flanges,Chennai,Tamil Nadu,,/material-location/ss-316-flanges-chennai.html,SS 316 Flanges Supplier in Chennai,SS 316 flanges supplier in Chennai,RFQ-led material + grade + form + destination sourcing page,Chennai buyer intent for stainless flanges RFQs and documentation-led sourcing.,/materials/ss-316-supplier-india.html,Low,96,/material-location.html; /materials.html; /locations.html; /quotation.html,/material-location.html; /materials.html; /locations.html; /quality-documentation-support.html; /technical-resources.html; /quotation.html; /contact.html,yes_if_owner_approves,"Final-batch candidate; create only with unique copy, visible FAQs, RFQ checklist, safe role wording and no duplicate footer/nav links."
20,High,india_city,material-location,Stainless Steel,SS 304,coils,Ahmedabad,Gujarat,,/material-location/ss-304-coils-ahmedabad.html,SS 304 Coils Supplier in Ahmedabad,SS 304 coils supplier in Ahmedabad,RFQ-led material + grade + form + destination sourcing page,Ahmedabad buyer intent for stainless coils RFQs and documentation-led sourcing.,/materials/ss-304-supplier-india.html,Low,96,/material-location.html; /materials.html; /locations.html; /quotation.html,/material-location.html; /materials.html; /locations.html; /quality-documentation-support.html; /technical-resources.html; /quotation.html; /contact.html,yes_if_owner_approves,"Final-batch candidate; create only with unique copy, visible FAQs, RFQ checklist, safe role wording and no duplicate footer/nav links."
21,High,india_city,material-location,Stainless Steel,SS 304,sheets,Pune,Maharashtra,,/material-location/ss-304-sheets-pune.html,SS 304 Sheets Supplier in Pune,SS 304 sheets supplier in Pune,RFQ-led material + grade + form + destination sourcing page,Pune buyer intent for stainless sheets RFQs and documentation-led sourcing.,/materials/ss-304-supplier-india.html,Low,96,/material-location.html; /materials.html; /locations.html; /quotation.html,/material-location.html; /materials.html; /locations.html; /quality-documentation-support.html; /technical-resources.html; /quotation.html; /contact.html,yes_if_owner_approves,"Final-batch candidate; create only with unique copy, visible FAQs, RFQ checklist, safe role wording and no duplicate footer/nav links."
22,High,india_city,material-location,Stainless Steel,SS 316,pipes,Chennai,Tamil Nadu,,/material-location/ss-316-pipes-chennai.html,SS 316 Pipes Supplier in Chennai,SS 316 pipes supplier in Chennai,RFQ-led material + grade + form + destination sourcing page,Chennai buyer intent for stainless pipes RFQs and documentation-led sourcing.,/materials/ss-316-supplier-india.html,Low,96,/material-location.html; /materials.html; /locations.html; /quotation.html,/material-location.html; /materials.html; /locations.html; /quality-documentation-support.html; /technical-resources.html; /quotation.html; /contact.html,yes_if_owner_approves,"Final-batch candidate; create only with unique copy, visible FAQs, RFQ checklist, safe role wording and no duplicate footer/nav links."
23,High,india_city,material-location,Stainless Steel,SS 316L,pipes,Mumbai,Maharashtra,,/material-location/ss-316l-pipes-mumbai.html,SS 316L Pipes Supplier in Mumbai,SS 316L pipes supplier in Mumbai,RFQ-led material + grade + form + destination sourcing page,Mumbai buyer intent for stainless pipes RFQs and documentation-led sourcing.,/materials/ss-316l-supplier-india.html,Low,96,/material-location.html; /materials.html; /locations.html; /quotation.html,/material-location.html; /materials.html; /locations.html; /quality-documentation-support.html; /technical-resources.html; /quotation.html; /contact.html,yes_if_owner_approves,"Final-batch candidate; create only with unique copy, visible FAQs, RFQ checklist, safe role wording and no duplicate footer/nav links."
24,High,india_city,material-location,Stainless Steel,SS 304,welded pipes,Pune,Maharashtra,,/material-location/ss-304-welded-pipes-pune.html,SS 304 Welded Pipes Supplier in Pune,SS 304 welded pipes supplier in Pune,RFQ-led material + grade + form + destination sourcing page,Pune buyer intent for stainless welded pipes RFQs and documentation-led sourcing.,/materials/ss-304-supplier-india.html,Low,96,/material-location.html; /materials.html; /locations.html; /quotation.html,/material-location.html; /materials.html; /locations.html; /quality-documentation-support.html; /technical-resources.html; /quotation.html; /contact.html,yes_if_owner_approves,"Final-batch candidate; create only with unique copy, visible FAQs, RFQ checklist, safe role wording and no duplicate footer/nav links."
25,High,india_city,material-location,Stainless Steel,SS 304,seamless pipes,Vadodara,Gujarat,,/material-location/ss-304-seamless-pipes-vadodara.html,SS 304 Seamless Pipes Supplier in Vadodara,SS 304 seamless pipes supplier in Vadodara,RFQ-led material + grade + form + destination sourcing page,Vadodara buyer intent for stainless seamless pipes RFQs and documentation-led sourcing.,/materials/ss-304-supplier-india.html,Low,96,/material-location.html; /materials.html; /locations.html; /quotation.html,/material-location.html; /materials.html; /locations.html; /quality-documentation-support.html; /technical-resources.html; /quotation.html; /contact.html,yes_if_owner_approves,"Final-batch candidate; create only with unique copy, visible FAQs, RFQ checklist, safe role wording and no duplicate footer/nav links."
26,High,india_city,material-location,Stainless Steel,SS 310,plates,Mumbai,Maharashtra,,/material-location/ss-310-plates-mumbai.html,SS 310 Plates Supplier in Mumbai,SS 310 plates supplier in Mumbai,RFQ-led material + grade + form + destination sourcing page,Mumbai buyer intent for stainless plates RFQs and documentation-led sourcing.,/materials/ss-310-supplier-india.html,Low,93,/material-location.html; /materials.html; /locations.html; /quotation.html,/material-location.html; /materials.html; /locations.html; /quality-documentation-support.html; /technical-resources.html; /quotation.html; /contact.html,yes_if_owner_approves,"Final-batch candidate; create only with unique copy, visible FAQs, RFQ checklist, safe role wording and no duplicate footer/nav links."
27,High,india_city,material-location,Stainless Steel,SS 410,round bars,Pune,Maharashtra,,/material-location/ss-410-round-bars-pune.html,SS 410 Round Bars Supplier in Pune,SS 410 round bars supplier in Pune,RFQ-led material + grade + form + destination sourcing page,Pune buyer intent for stainless round bars RFQs and documentation-led sourcing.,/materials/ss-410-supplier-india.html,Low,93,/material-location.html; /materials.html; /locations.html; /quotation.html,/material-location.html; /materials.html; /locations.html; /quality-documentation-support.html; /technical-resources.html; /quotation.html; /contact.html,yes_if_owner_approves,"Final-batch candidate; create only with unique copy, visible FAQs, RFQ checklist, safe role wording and no duplicate footer/nav links."
28,High,india_city,material-location,Stainless Steel,SS 430,sheets,Chennai,Tamil Nadu,,/material-location/ss-430-sheets-chennai.html,SS 430 Sheets Supplier in Chennai,SS 430 sheets supplier in Chennai,RFQ-led material + grade + form + destination sourcing page,Chennai buyer intent for stainless sheets RFQs and documentation-led sourcing.,/materials/ss-430-supplier-india.html,Low,93,/material-location.html; /materials.html; /locations.html; /quotation.html,/material-location.html; /materials.html; /locations.html; /quality-documentation-support.html; /technical-resources.html; /quotation.html; /contact.html,yes_if_owner_approves,"Final-batch candidate; create only with unique copy, visible FAQs, RFQ checklist, safe role wording and no duplicate footer/nav links."
29,High,india_city,material-location,Stainless Steel,SS 304,perforated sheets,Mumbai,Maharashtra,,/material-location/ss-304-perforated-sheets-mumbai.html,SS 304 Perforated Sheets Supplier in Mumbai,SS 304 perforated sheets supplier in Mumbai,RFQ-led material + grade + form + destination sourcing page,Mumbai buyer intent for stainless perforated sheets RFQs and documentation-led sourcing.,/materials/ss-304-supplier-india.html,Low,93,/material-location.html; /materials.html; /locations.html; /quotation.html,/material-location.html; /materials.html; /locations.html; /quality-documentation-support.html; /technical-resources.html; /quotation.html; /contact.html,yes_if_owner_approves,"Final-batch candidate; create only with unique copy, visible FAQs, RFQ checklist, safe role wording and no duplicate footer/nav links."
30,High,india_city,material-location,Stainless Steel,SS 316,wire mesh,Mumbai,Maharashtra,,/material-location/ss-316-wire-mesh-mumbai.html,SS 316 Wire Mesh Supplier in Mumbai,SS 316 wire mesh supplier in Mumbai,RFQ-led material + grade + form + destination sourcing page,Mumbai buyer intent for stainless wire mesh RFQs and documentation-led sourcing.,/materials/ss-316-supplier-india.html,Low,93,/material-location.html; /materials.html; /locations.html; /quotation.html,/material-location.html; /materials.html; /locations.html; /quality-documentation-support.html; /technical-resources.html; /quotation.html; /contact.html,yes_if_owner_approves,"Final-batch candidate; create only with unique copy, visible FAQs, RFQ checklist, safe role wording and no duplicate footer/nav links."
31,High,india_city,material-location,Stainless Steel,SS 304L,sheets,Pune,Maharashtra,,/material-location/ss-304l-sheets-pune.html,SS 304L Sheets Supplier in Pune,SS 304L sheets supplier in Pune,RFQ-led material + grade + form + destination sourcing page,Pune buyer intent for stainless sheets RFQs and documentation-led sourcing.,/materials/ss-304l-supplier-india.html,Low,96,/material-location.html; /materials.html; /locations.html; /quotation.html,/material-location.html; /materials.html; /locations.html; /quality-documentation-support.html; /technical-resources.html; /quotation.html; /contact.html,yes_if_owner_approves,"Final-batch candidate; create only with unique copy, visible FAQs, RFQ checklist, safe role wording and no duplicate footer/nav links."
32,High,india_city,material-location,Stainless Steel,SS 316,plates,Pune,Maharashtra,,/material-location/ss-316-plates-pune.html,SS 316 Plates Supplier in Pune,SS 316 plates supplier in Pune,RFQ-led material + grade + form + destination sourcing page,Pune buyer intent for stainless plates RFQs and documentation-led sourcing.,/materials/ss-316-supplier-india.html,Low,96,/material-location.html; /materials.html; /locations.html; /quotation.html,/material-location.html; /materials.html; /locations.html; /quality-documentation-support.html; /technical-resources.html; /quotation.html; /contact.html,yes_if_owner_approves,"Final-batch candidate; create only with unique copy, visible FAQs, RFQ checklist, safe role wording and no duplicate footer/nav links."
33,High,india_city,material-location,Stainless Steel,SS 316L,tubes,Mumbai,Maharashtra,,/material-location/ss-316l-tubes-mumbai.html,SS 316L Tubes Supplier in Mumbai,SS 316L tubes supplier in Mumbai,RFQ-led material + grade + form + destination sourcing page,Mumbai buyer intent for stainless tubes RFQs and documentation-led sourcing.,/materials/ss-316l-supplier-india.html,Low,93,/material-location.html; /materials.html; /locations.html; /quotation.html,/material-location.html; /materials.html; /locations.html; /quality-documentation-support.html; /technical-resources.html; /quotation.html; /contact.html,yes_if_owner_approves,"Final-batch candidate; create only with unique copy, visible FAQs, RFQ checklist, safe role wording and no duplicate footer/nav links."
34,High,india_city,material-location,Stainless Steel,SS 304,fasteners,Faridabad,Haryana,,/material-location/ss-304-fasteners-faridabad.html,SS 304 Fasteners Supplier in Faridabad,SS 304 fasteners supplier in Faridabad,RFQ-led material + grade + form + destination sourcing page,Faridabad buyer intent for stainless fasteners RFQs and documentation-led sourcing.,/materials/ss-304-supplier-india.html,Low,93,/material-location.html; /materials.html; /locations.html; /quotation.html,/material-location.html; /materials.html; /locations.html; /quality-documentation-support.html; /technical-resources.html; /quotation.html; /contact.html,yes_if_owner_approves,"Final-batch candidate; create only with unique copy, visible FAQs, RFQ checklist, safe role wording and no duplicate footer/nav links."
35,High,india_city,material-location,Stainless Steel,SS 316L,fittings,Pune,Maharashtra,,/material-location/ss-316l-fittings-pune.html,SS 316L Fittings Supplier in Pune,SS 316L fittings supplier in Pune,RFQ-led material + grade + form + destination sourcing page,Pune buyer intent for stainless fittings RFQs and documentation-led sourcing.,/materials/ss-316l-supplier-india.html,Low,96,/material-location.html; /materials.html; /locations.html; /quotation.html,/material-location.html; /materials.html; /locations.html; /quality-documentation-support.html; /technical-resources.html; /quotation.html; /contact.html,yes_if_owner_approves,"Final-batch candidate; create only with unique copy, visible FAQs, RFQ checklist, safe role wording and no duplicate footer/nav links."
36,High,india_city,material-location,Stainless Steel,SS 316,flanges,Pune,Maharashtra,,/material-location/ss-316-flanges-pune.html,SS 316 Flanges Supplier in Pune,SS 316 flanges supplier in Pune,RFQ-led material + grade + form + destination sourcing page,Pune buyer intent for stainless flanges RFQs and documentation-led sourcing.,/materials/ss-316-supplier-india.html,Low,96,/material-location.html; /materials.html; /locations.html; /quotation.html,/material-location.html; /materials.html; /locations.html; /quality-documentation-support.html; /technical-resources.html; /quotation.html; /contact.html,yes_if_owner_approves,"Final-batch candidate; create only with unique copy, visible FAQs, RFQ checklist, safe role wording and no duplicate footer/nav links."
37,High,india_city,material-location,Stainless Steel,SS 304,coils,Chennai,Tamil Nadu,,/material-location/ss-304-coils-chennai.html,SS 304 Coils Supplier in Chennai,SS 304 coils supplier in Chennai,RFQ-led material + grade + form + destination sourcing page,Chennai buyer intent for stainless coils RFQs and documentation-led sourcing.,/materials/ss-304-supplier-india.html,Low,96,/material-location.html; /materials.html; /locations.html; /quotation.html,/material-location.html; /materials.html; /locations.html; /quality-documentation-support.html; /technical-resources.html; /quotation.html; /contact.html,yes_if_owner_approves,"Final-batch candidate; create only with unique copy, visible FAQs, RFQ checklist, safe role wording and no duplicate footer/nav links."
38,High,india_city,material-location,Stainless Steel,SS 304,sheets,Chennai,Tamil Nadu,,/material-location/ss-304-sheets-chennai.html,SS 304 Sheets Supplier in Chennai,SS 304 sheets supplier in Chennai,RFQ-led material + grade + form + destination sourcing page,Chennai buyer intent for stainless sheets RFQs and documentation-led sourcing.,/materials/ss-304-supplier-india.html,Low,96,/material-location.html; /materials.html; /locations.html; /quotation.html,/material-location.html; /materials.html; /locations.html; /quality-documentation-support.html; /technical-resources.html; /quotation.html; /contact.html,yes_if_owner_approves,"Final-batch candidate; create only with unique copy, visible FAQs, RFQ checklist, safe role wording and no duplicate footer/nav links."
39,High,india_city,material-location,Stainless Steel,SS 316,pipes,Hyderabad,Telangana,,/material-location/ss-316-pipes-hyderabad.html,SS 316 Pipes Supplier in Hyderabad,SS 316 pipes supplier in Hyderabad,RFQ-led material + grade + form + destination sourcing page,Hyderabad buyer intent for stainless pipes RFQs and documentation-led sourcing.,/materials/ss-316-supplier-india.html,Low,96,/material-location.html; /materials.html; /locations.html; /quotation.html,/material-location.html; /materials.html; /locations.html; /quality-documentation-support.html; /technical-resources.html; /quotation.html; /contact.html,yes_if_owner_approves,"Final-batch candidate; create only with unique copy, visible FAQs, RFQ checklist, safe role wording and no duplicate footer/nav links."
40,High,india_city,material-location,Stainless Steel,SS 316L,pipes,Chennai,Tamil Nadu,,/material-location/ss-316l-pipes-chennai.html,SS 316L Pipes Supplier in Chennai,SS 316L pipes supplier in Chennai,RFQ-led material + grade + form + destination sourcing page,Chennai buyer intent for stainless pipes RFQs and documentation-led sourcing.,/materials/ss-316l-supplier-india.html,Low,96,/material-location.html; /materials.html; /locations.html; /quotation.html,/material-location.html; /materials.html; /locations.html; /quality-documentation-support.html; /technical-resources.html; /quotation.html; /contact.html,yes_if_owner_approves,"Final-batch candidate; create only with unique copy, visible FAQs, RFQ checklist, safe role wording and no duplicate footer/nav links."
41,High,india_city,material-location,Stainless Steel,SS 304,welded pipes,Ahmedabad,Gujarat,,/material-location/ss-304-welded-pipes-ahmedabad.html,SS 304 Welded Pipes Supplier in Ahmedabad,SS 304 welded pipes supplier in Ahmedabad,RFQ-led material + grade + form + destination sourcing page,Ahmedabad buyer intent for stainless welded pipes RFQs and documentation-led sourcing.,/materials/ss-304-supplier-india.html,Low,96,/material-location.html; /materials.html; /locations.html; /quotation.html,/material-location.html; /materials.html; /locations.html; /quality-documentation-support.html; /technical-resources.html; /quotation.html; /contact.html,yes_if_owner_approves,"Final-batch candidate; create only with unique copy, visible FAQs, RFQ checklist, safe role wording and no duplicate footer/nav links."
42,High,india_city,material-location,Stainless Steel,SS 304,seamless pipes,Chennai,Tamil Nadu,,/material-location/ss-304-seamless-pipes-chennai.html,SS 304 Seamless Pipes Supplier in Chennai,SS 304 seamless pipes supplier in Chennai,RFQ-led material + grade + form + destination sourcing page,Chennai buyer intent for stainless seamless pipes RFQs and documentation-led sourcing.,/materials/ss-304-supplier-india.html,Low,96,/material-location.html; /materials.html; /locations.html; /quotation.html,/material-location.html; /materials.html; /locations.html; /quality-documentation-support.html; /technical-resources.html; /quotation.html; /contact.html,yes_if_owner_approves,"Final-batch candidate; create only with unique copy, visible FAQs, RFQ checklist, safe role wording and no duplicate footer/nav links."
43,High,india_city,material-location,Stainless Steel,SS 310,plates,Chennai,Tamil Nadu,,/material-location/ss-310-plates-chennai.html,SS 310 Plates Supplier in Chennai,SS 310 plates supplier in Chennai,RFQ-led material + grade + form + destination sourcing page,Chennai buyer intent for stainless plates RFQs and documentation-led sourcing.,/materials/ss-310-supplier-india.html,Low,93,/material-location.html; /materials.html; /locations.html; /quotation.html,/material-location.html; /materials.html; /locations.html; /quality-documentation-support.html; /technical-resources.html; /quotation.html; /contact.html,yes_if_owner_approves,"Final-batch candidate; create only with unique copy, visible FAQs, RFQ checklist, safe role wording and no duplicate footer/nav links."
44,High,india_city,material-location,Stainless Steel,SS 410,round bars,Coimbatore,Tamil Nadu,,/material-location/ss-410-round-bars-coimbatore.html,SS 410 Round Bars Supplier in Coimbatore,SS 410 round bars supplier in Coimbatore,RFQ-led material + grade + form + destination sourcing page,Coimbatore buyer intent for stainless round bars RFQs and documentation-led sourcing.,/materials/ss-410-supplier-india.html,Low,93,/material-location.html; /materials.html; /locations.html; /quotation.html,/material-location.html; /materials.html; /locations.html; /quality-documentation-support.html; /technical-resources.html; /quotation.html; /contact.html,yes_if_owner_approves,"Final-batch candidate; create only with unique copy, visible FAQs, RFQ checklist, safe role wording and no duplicate footer/nav links."
45,Medium,india_city,material-location,Stainless Steel,SS 420,rods,Faridabad,Haryana,,/material-location/ss-420-rods-faridabad.html,SS 420 Rods Supplier in Faridabad,SS 420 rods supplier in Faridabad,RFQ-led material + grade + form + destination sourcing page,Faridabad buyer intent for stainless rods RFQs and documentation-led sourcing.,/materials/ss-420-supplier-india.html,Low,83,/material-location.html; /materials.html; /locations.html; /quotation.html,/material-location.html; /materials.html; /locations.html; /quality-documentation-support.html; /technical-resources.html; /quotation.html; /contact.html,yes_if_owner_approves,"Final-batch candidate; create only with unique copy, visible FAQs, RFQ checklist, safe role wording and no duplicate footer/nav links."
46,High,india_city,material-location,Stainless Steel,SS 430,sheets,Ahmedabad,Gujarat,,/material-location/ss-430-sheets-ahmedabad.html,SS 430 Sheets Supplier in Ahmedabad,SS 430 sheets supplier in Ahmedabad,RFQ-led material + grade + form + destination sourcing page,Ahmedabad buyer intent for stainless sheets RFQs and documentation-led sourcing.,/materials/ss-430-supplier-india.html,Low,93,/material-location.html; /materials.html; /locations.html; /quotation.html,/material-location.html; /materials.html; /locations.html; /quality-documentation-support.html; /technical-resources.html; /quotation.html; /contact.html,yes_if_owner_approves,"Final-batch candidate; create only with unique copy, visible FAQs, RFQ checklist, safe role wording and no duplicate footer/nav links."
47,High,india_city,material-location,Stainless Steel,SS 304,perforated sheets,Pune,Maharashtra,,/material-location/ss-304-perforated-sheets-pune.html,SS 304 Perforated Sheets Supplier in Pune,SS 304 perforated sheets supplier in Pune,RFQ-led material + grade + form + destination sourcing page,Pune buyer intent for stainless perforated sheets RFQs and documentation-led sourcing.,/materials/ss-304-supplier-india.html,Low,93,/material-location.html; /materials.html; /locations.html; /quotation.html,/material-location.html; /materials.html; /locations.html; /quality-documentation-support.html; /technical-resources.html; /quotation.html; /contact.html,yes_if_owner_approves,"Final-batch candidate; create only with unique copy, visible FAQs, RFQ checklist, safe role wording and no duplicate footer/nav links."
48,High,india_city,material-location,Stainless Steel,SS 316,wire mesh,Hyderabad,Telangana,,/material-location/ss-316-wire-mesh-hyderabad.html,SS 316 Wire Mesh Supplier in Hyderabad,SS 316 wire mesh supplier in Hyderabad,RFQ-led material + grade + form + destination sourcing page,Hyderabad buyer intent for stainless wire mesh RFQs and documentation-led sourcing.,/materials/ss-316-supplier-india.html,Low,93,/material-location.html; /materials.html; /locations.html; /quotation.html,/material-location.html; /materials.html; /locations.html; /quality-documentation-support.html; /technical-resources.html; /quotation.html; /contact.html,yes_if_owner_approves,"Final-batch candidate; create only with unique copy, visible FAQs, RFQ checklist, safe role wording and no duplicate footer/nav links."
49,High,india_city,material-location,Stainless Steel,SS 304L,sheets,Chennai,Tamil Nadu,,/material-location/ss-304l-sheets-chennai.html,SS 304L Sheets Supplier in Chennai,SS 304L sheets supplier in Chennai,RFQ-led material + grade + form + destination sourcing page,Chennai buyer intent for stainless sheets RFQs and documentation-led sourcing.,/materials/ss-304l-supplier-india.html,Low,96,/material-location.html; /materials.html; /locations.html; /quotation.html,/material-location.html; /materials.html; /locations.html; /quality-documentation-support.html; /technical-resources.html; /quotation.html; /contact.html,yes_if_owner_approves,"Final-batch candidate; create only with unique copy, visible FAQs, RFQ checklist, safe role wording and no duplicate footer/nav links."
50,High,india_city,material-location,Stainless Steel,SS 316,plates,Chennai,Tamil Nadu,,/material-location/ss-316-plates-chennai.html,SS 316 Plates Supplier in Chennai,SS 316 plates supplier in Chennai,RFQ-led material + grade + form + destination sourcing page,Chennai buyer intent for stainless plates RFQs and documentation-led sourcing.,/materials/ss-316-supplier-india.html,Low,96,/material-location.html; /materials.html; /locations.html; /quotation.html,/material-location.html; /materials.html; /locations.html; /quality-documentation-support.html; /technical-resources.html; /quotation.html; /contact.html,yes_if_owner_approves,"Final-batch candidate; create only with unique copy, visible FAQs, RFQ checklist, safe role wording and no duplicate footer/nav links."
51,High,india_city,material-location,Stainless Steel,SS 316L,tubes,Pune,Maharashtra,,/material-location/ss-316l-tubes-pune.html,SS 316L Tubes Supplier in Pune,SS 316L tubes supplier in Pune,RFQ-led material + grade + form + destination sourcing page,Pune buyer intent for stainless tubes RFQs and documentation-led sourcing.,/materials/ss-316l-supplier-india.html,Low,93,/material-location.html; /materials.html; /locations.html; /quotation.html,/material-location.html; /materials.html; /locations.html; /quality-documentation-support.html; /technical-resources.html; /quotation.html; /contact.html,yes_if_owner_approves,"Final-batch candidate; create only with unique copy, visible FAQs, RFQ checklist, safe role wording and no duplicate footer/nav links."
52,High,india_city,material-location,Stainless Steel,SS 304,fasteners,Chennai,Tamil Nadu,,/material-location/ss-304-fasteners-chennai.html,SS 304 Fasteners Supplier in Chennai,SS 304 fasteners supplier in Chennai,RFQ-led material + grade + form + destination sourcing page,Chennai buyer intent for stainless fasteners RFQs and documentation-led sourcing.,/materials/ss-304-supplier-india.html,Low,93,/material-location.html; /materials.html; /locations.html; /quotation.html,/material-location.html; /materials.html; /locations.html; /quality-documentation-support.html; /technical-resources.html; /quotation.html; /contact.html,yes_if_owner_approves,"Final-batch candidate; create only with unique copy, visible FAQs, RFQ checklist, safe role wording and no duplicate footer/nav links."
53,High,india_city,material-location,Stainless Steel,SS 316L,fittings,Hyderabad,Telangana,,/material-location/ss-316l-fittings-hyderabad.html,SS 316L Fittings Supplier in Hyderabad,SS 316L fittings supplier in Hyderabad,RFQ-led material + grade + form + destination sourcing page,Hyderabad buyer intent for stainless fittings RFQs and documentation-led sourcing.,/materials/ss-316l-supplier-india.html,Low,96,/material-location.html; /materials.html; /locations.html; /quotation.html,/material-location.html; /materials.html; /locations.html; /quality-documentation-support.html; /technical-resources.html; /quotation.html; /contact.html,yes_if_owner_approves,"Final-batch candidate; create only with unique copy, visible FAQs, RFQ checklist, safe role wording and no duplicate footer/nav links."
54,High,india_city,material-location,Stainless Steel,SS 316,flanges,Ahmedabad,Gujarat,,/material-location/ss-316-flanges-ahmedabad.html,SS 316 Flanges Supplier in Ahmedabad,SS 316 flanges supplier in Ahmedabad,RFQ-led material + grade + form + destination sourcing page,Ahmedabad buyer intent for stainless flanges RFQs and documentation-led sourcing.,/materials/ss-316-supplier-india.html,Low,96,/material-location.html; /materials.html; /locations.html; /quotation.html,/material-location.html; /materials.html; /locations.html; /quality-documentation-support.html; /technical-resources.html; /quotation.html; /contact.html,yes_if_owner_approves,"Final-batch candidate; create only with unique copy, visible FAQs, RFQ checklist, safe role wording and no duplicate footer/nav links."
55,High,india_city,material-location,Stainless Steel,SS 304,coils,Bengaluru,Karnataka,,/material-location/ss-304-coils-bengaluru.html,SS 304 Coils Supplier in Bengaluru,SS 304 coils supplier in Bengaluru,RFQ-led material + grade + form + destination sourcing page,Bengaluru buyer intent for stainless coils RFQs and documentation-led sourcing.,/materials/ss-304-supplier-india.html,Low,96,/material-location.html; /materials.html; /locations.html; /quotation.html,/material-location.html; /materials.html; /locations.html; /quality-documentation-support.html; /technical-resources.html; /quotation.html; /contact.html,yes_if_owner_approves,"Final-batch candidate; create only with unique copy, visible FAQs, RFQ checklist, safe role wording and no duplicate footer/nav links."
56,High,india_city,material-location,Stainless Steel,SS 304,sheets,Hyderabad,Telangana,,/material-location/ss-304-sheets-hyderabad.html,SS 304 Sheets Supplier in Hyderabad,SS 304 sheets supplier in Hyderabad,RFQ-led material + grade + form + destination sourcing page,Hyderabad buyer intent for stainless sheets RFQs and documentation-led sourcing.,/materials/ss-304-supplier-india.html,Low,96,/material-location.html; /materials.html; /locations.html; /quotation.html,/material-location.html; /materials.html; /locations.html; /quality-documentation-support.html; /technical-resources.html; /quotation.html; /contact.html,yes_if_owner_approves,"Final-batch candidate; create only with unique copy, visible FAQs, RFQ checklist, safe role wording and no duplicate footer/nav links."
57,High,india_city,material-location,Stainless Steel,SS 316,pipes,Vadodara,Gujarat,,/material-location/ss-316-pipes-vadodara.html,SS 316 Pipes Supplier in Vadodara,SS 316 pipes supplier in Vadodara,RFQ-led material + grade + form + destination sourcing page,Vadodara buyer intent for stainless pipes RFQs and documentation-led sourcing.,/materials/ss-316-supplier-india.html,Low,96,/material-location.html; /materials.html; /locations.html; /quotation.html,/material-location.html; /materials.html; /locations.html; /quality-documentation-support.html; /technical-resources.html; /quotation.html; /contact.html,yes_if_owner_approves,"Final-batch candidate; create only with unique copy, visible FAQs, RFQ checklist, safe role wording and no duplicate footer/nav links."
58,High,india_city,material-location,Stainless Steel,SS 316L,pipes,Bengaluru,Karnataka,,/material-location/ss-316l-pipes-bengaluru.html,SS 316L Pipes Supplier in Bengaluru,SS 316L pipes supplier in Bengaluru,RFQ-led material + grade + form + destination sourcing page,Bengaluru buyer intent for stainless pipes RFQs and documentation-led sourcing.,/materials/ss-316l-supplier-india.html,Low,96,/material-location.html; /materials.html; /locations.html; /quotation.html,/material-location.html; /materials.html; /locations.html; /quality-documentation-support.html; /technical-resources.html; /quotation.html; /contact.html,yes_if_owner_approves,"Final-batch candidate; create only with unique copy, visible FAQs, RFQ checklist, safe role wording and no duplicate footer/nav links."
59,High,india_city,material-location,Stainless Steel,SS 304,welded pipes,Hyderabad,Telangana,,/material-location/ss-304-welded-pipes-hyderabad.html,SS 304 Welded Pipes Supplier in Hyderabad,SS 304 welded pipes supplier in Hyderabad,RFQ-led material + grade + form + destination sourcing page,Hyderabad buyer intent for stainless welded pipes RFQs and documentation-led sourcing.,/materials/ss-304-supplier-india.html,Low,96,/material-location.html; /materials.html; /locations.html; /quotation.html,/material-location.html; /materials.html; /locations.html; /quality-documentation-support.html; /technical-resources.html; /quotation.html; /contact.html,yes_if_owner_approves,"Final-batch candidate; create only with unique copy, visible FAQs, RFQ checklist, safe role wording and no duplicate footer/nav links."
60,High,india_city,material-location,Stainless Steel,SS 304,seamless pipes,Ankleshwar,Gujarat,,/material-location/ss-304-seamless-pipes-ankleshwar.html,SS 304 Seamless Pipes Supplier in Ankleshwar,SS 304 seamless pipes supplier in Ankleshwar,RFQ-led material + grade + form + destination sourcing page,Ankleshwar buyer intent for stainless seamless pipes RFQs and documentation-led sourcing.,/materials/ss-304-supplier-india.html,Low,96,/material-location.html; /materials.html; /locations.html; /quotation.html,/material-location.html; /materials.html; /locations.html; /quality-documentation-support.html; /technical-resources.html; /quotation.html; /contact.html,yes_if_owner_approves,"Final-batch candidate; create only with unique copy, visible FAQs, RFQ checklist, safe role wording and no duplicate footer/nav links."
61,High,india_city,material-location,Stainless Steel,SS 310,plates,Vadodara,Gujarat,,/material-location/ss-310-plates-vadodara.html,SS 310 Plates Supplier in Vadodara,SS 310 plates supplier in Vadodara,RFQ-led material + grade + form + destination sourcing page,Vadodara buyer intent for stainless plates RFQs and documentation-led sourcing.,/materials/ss-310-supplier-india.html,Low,93,/material-location.html; /materials.html; /locations.html; /quotation.html,/material-location.html; /materials.html; /locations.html; /quality-documentation-support.html; /technical-resources.html; /quotation.html; /contact.html,yes_if_owner_approves,"Final-batch candidate; create only with unique copy, visible FAQs, RFQ checklist, safe role wording and no duplicate footer/nav links."
62,High,india_city,material-location,Stainless Steel,SS 410,round bars,Faridabad,Haryana,,/material-location/ss-410-round-bars-faridabad.html,SS 410 Round Bars Supplier in Faridabad,SS 410 round bars supplier in Faridabad,RFQ-led material + grade + form + destination sourcing page,Faridabad buyer intent for stainless round bars RFQs and documentation-led sourcing.,/materials/ss-410-supplier-india.html,Low,93,/material-location.html; /materials.html; /locations.html; /quotation.html,/material-location.html; /materials.html; /locations.html; /quality-documentation-support.html; /technical-resources.html; /quotation.html; /contact.html,yes_if_owner_approves,"Final-batch candidate; create only with unique copy, visible FAQs, RFQ checklist, safe role wording and no duplicate footer/nav links."
63,Medium,india_city,material-location,Stainless Steel,SS 420,rods,Pune,Maharashtra,,/material-location/ss-420-rods-pune.html,SS 420 Rods Supplier in Pune,SS 420 rods supplier in Pune,RFQ-led material + grade + form + destination sourcing page,Pune buyer intent for stainless rods RFQs and documentation-led sourcing.,/materials/ss-420-supplier-india.html,Low,83,/material-location.html; /materials.html; /locations.html; /quotation.html,/material-location.html; /materials.html; /locations.html; /quality-documentation-support.html; /technical-resources.html; /quotation.html; /contact.html,yes_if_owner_approves,"Final-batch candidate; create only with unique copy, visible FAQs, RFQ checklist, safe role wording and no duplicate footer/nav links."
64,High,india_city,material-location,Stainless Steel,SS 430,sheets,Mumbai,Maharashtra,,/material-location/ss-430-sheets-mumbai.html,SS 430 Sheets Supplier in Mumbai,SS 430 sheets supplier in Mumbai,RFQ-led material + grade + form + destination sourcing page,Mumbai buyer intent for stainless sheets RFQs and documentation-led sourcing.,/materials/ss-430-supplier-india.html,Low,93,/material-location.html; /materials.html; /locations.html; /quotation.html,/material-location.html; /materials.html; /locations.html; /quality-documentation-support.html; /technical-resources.html; /quotation.html; /contact.html,yes_if_owner_approves,"Final-batch candidate; create only with unique copy, visible FAQs, RFQ checklist, safe role wording and no duplicate footer/nav links."
65,High,india_city,material-location,Stainless Steel,SS 304,perforated sheets,Chennai,Tamil Nadu,,/material-location/ss-304-perforated-sheets-chennai.html,SS 304 Perforated Sheets Supplier in Chennai,SS 304 perforated sheets supplier in Chennai,RFQ-led material + grade + form + destination sourcing page,Chennai buyer intent for stainless perforated sheets RFQs and documentation-led sourcing.,/materials/ss-304-supplier-india.html,Low,93,/material-location.html; /materials.html; /locations.html; /quotation.html,/material-location.html; /materials.html; /locations.html; /quality-documentation-support.html; /technical-resources.html; /quotation.html; /contact.html,yes_if_owner_approves,"Final-batch candidate; create only with unique copy, visible FAQs, RFQ checklist, safe role wording and no duplicate footer/nav links."
66,High,india_city,material-location,Stainless Steel,SS 316,wire mesh,Chennai,Tamil Nadu,,/material-location/ss-316-wire-mesh-chennai.html,SS 316 Wire Mesh Supplier in Chennai,SS 316 wire mesh supplier in Chennai,RFQ-led material + grade + form + destination sourcing page,Chennai buyer intent for stainless wire mesh RFQs and documentation-led sourcing.,/materials/ss-316-supplier-india.html,Low,93,/material-location.html; /materials.html; /locations.html; /quotation.html,/material-location.html; /materials.html; /locations.html; /quality-documentation-support.html; /technical-resources.html; /quotation.html; /contact.html,yes_if_owner_approves,"Final-batch candidate; create only with unique copy, visible FAQs, RFQ checklist, safe role wording and no duplicate footer/nav links."
67,High,india_city,material-location,Stainless Steel,SS 304L,sheets,Ahmedabad,Gujarat,,/material-location/ss-304l-sheets-ahmedabad.html,SS 304L Sheets Supplier in Ahmedabad,SS 304L sheets supplier in Ahmedabad,RFQ-led material + grade + form + destination sourcing page,Ahmedabad buyer intent for stainless sheets RFQs and documentation-led sourcing.,/materials/ss-304l-supplier-india.html,Low,96,/material-location.html; /materials.html; /locations.html; /quotation.html,/material-location.html; /materials.html; /locations.html; /quality-documentation-support.html; /technical-resources.html; /quotation.html; /contact.html,yes_if_owner_approves,"Final-batch candidate; create only with unique copy, visible FAQs, RFQ checklist, safe role wording and no duplicate footer/nav links."
68,High,india_city,material-location,Stainless Steel,SS 316,plates,Hyderabad,Telangana,,/material-location/ss-316-plates-hyderabad.html,SS 316 Plates Supplier in Hyderabad,SS 316 plates supplier in Hyderabad,RFQ-led material + grade + form + destination sourcing page,Hyderabad buyer intent for stainless plates RFQs and documentation-led sourcing.,/materials/ss-316-supplier-india.html,Low,96,/material-location.html; /materials.html; /locations.html; /quotation.html,/material-location.html; /materials.html; /locations.html; /quality-documentation-support.html; /technical-resources.html; /quotation.html; /contact.html,yes_if_owner_approves,"Final-batch candidate; create only with unique copy, visible FAQs, RFQ checklist, safe role wording and no duplicate footer/nav links."
69,High,india_city,material-location,Stainless Steel,SS 316L,tubes,Hyderabad,Telangana,,/material-location/ss-316l-tubes-hyderabad.html,SS 316L Tubes Supplier in Hyderabad,SS 316L tubes supplier in Hyderabad,RFQ-led material + grade + form + destination sourcing page,Hyderabad buyer intent for stainless tubes RFQs and documentation-led sourcing.,/materials/ss-316l-supplier-india.html,Low,93,/material-location.html; /materials.html; /locations.html; /quotation.html,/material-location.html; /materials.html; /locations.html; /quality-documentation-support.html; /technical-resources.html; /quotation.html; /contact.html,yes_if_owner_approves,"Final-batch candidate; create only with unique copy, visible FAQs, RFQ checklist, safe role wording and no duplicate footer/nav links."
70,High,india_city,material-location,Stainless Steel,SS 304,fasteners,Bengaluru,Karnataka,,/material-location/ss-304-fasteners-bengaluru.html,SS 304 Fasteners Supplier in Bengaluru,SS 304 fasteners supplier in Bengaluru,RFQ-led material + grade + form + destination sourcing page,Bengaluru buyer intent for stainless fasteners RFQs and documentation-led sourcing.,/materials/ss-304-supplier-india.html,Low,93,/material-location.html; /materials.html; /locations.html; /quotation.html,/material-location.html; /materials.html; /locations.html; /quality-documentation-support.html; /technical-resources.html; /quotation.html; /contact.html,yes_if_owner_approves,"Final-batch candidate; create only with unique copy, visible FAQs, RFQ checklist, safe role wording and no duplicate footer/nav links."
71,High,india_city,material-location,Stainless Steel,SS 316L,fittings,Vadodara,Gujarat,,/material-location/ss-316l-fittings-vadodara.html,SS 316L Fittings Supplier in Vadodara,SS 316L fittings supplier in Vadodara,RFQ-led material + grade + form + destination sourcing page,Vadodara buyer intent for stainless fittings RFQs and documentation-led sourcing.,/materials/ss-316l-supplier-india.html,Low,96,/material-location.html; /materials.html; /locations.html; /quotation.html,/material-location.html; /materials.html; /locations.html; /quality-documentation-support.html; /technical-resources.html; /quotation.html; /contact.html,yes_if_owner_approves,"Final-batch candidate; create only with unique copy, visible FAQs, RFQ checklist, safe role wording and no duplicate footer/nav links."
72,High,india_city,material-location,Stainless Steel,SS 316,flanges,Bengaluru,Karnataka,,/material-location/ss-316-flanges-bengaluru.html,SS 316 Flanges Supplier in Bengaluru,SS 316 flanges supplier in Bengaluru,RFQ-led material + grade + form + destination sourcing page,Bengaluru buyer intent for stainless flanges RFQs and documentation-led sourcing.,/materials/ss-316-supplier-india.html,Low,96,/material-location.html; /materials.html; /locations.html; /quotation.html,/material-location.html; /materials.html; /locations.html; /quality-documentation-support.html; /technical-resources.html; /quotation.html; /contact.html,yes_if_owner_approves,"Final-batch candidate; create only with unique copy, visible FAQs, RFQ checklist, safe role wording and no duplicate footer/nav links."
73,High,india_city,material-location,Nickel Alloys,Inconel 625,plates,Mumbai,Maharashtra,,/material-location/inconel-625-plates-mumbai.html,Inconel 625 Plates Supplier in Mumbai,Inconel 625 plates supplier in Mumbai,RFQ-led material + grade + form + destination sourcing page,"Mumbai corrosion, heat and process-industry enquiry fit for nickel alloy plates.",/materials/inconel-625-supplier-india.html,Low,96,/material-location.html; /materials.html; /locations.html; /quotation.html,/material-location.html; /materials.html; /locations.html; /quality-documentation-support.html; /technical-resources.html; /quotation.html; /contact.html,yes_if_owner_approves,"Final-batch candidate; create only with unique copy, visible FAQs, RFQ checklist, safe role wording and no duplicate footer/nav links."
74,High,india_city,material-location,Nickel Alloys,Inconel 718,round bars,Pune,Maharashtra,,/material-location/inconel-718-round-bars-pune.html,Inconel 718 Round Bars Supplier in Pune,Inconel 718 round bars supplier in Pune,RFQ-led material + grade + form + destination sourcing page,"Pune corrosion, heat and process-industry enquiry fit for nickel alloy round bars.",/materials/inconel-718-supplier-india.html,Low,96,/material-location.html; /materials.html; /locations.html; /quotation.html,/material-location.html; /materials.html; /locations.html; /quality-documentation-support.html; /technical-resources.html; /quotation.html; /contact.html,yes_if_owner_approves,"Final-batch candidate; create only with unique copy, visible FAQs, RFQ checklist, safe role wording and no duplicate footer/nav links."
75,High,india_city,material-location,Nickel Alloys,Hastelloy C276,fittings,Chennai,Tamil Nadu,,/material-location/hastelloy-c276-fittings-chennai.html,Hastelloy C276 Fittings Supplier in Chennai,Hastelloy C276 fittings supplier in Chennai,RFQ-led material + grade + form + destination sourcing page,"Chennai corrosion, heat and process-industry enquiry fit for nickel alloy fittings.",/materials/hastelloy-b-2-supplier-india.html,Low,96,/material-location.html; /materials.html; /locations.html; /quotation.html,/material-location.html; /materials.html; /locations.html; /quality-documentation-support.html; /technical-resources.html; /quotation.html; /contact.html,yes_if_owner_approves,"Final-batch candidate; create only with unique copy, visible FAQs, RFQ checklist, safe role wording and no duplicate footer/nav links."
76,High,india_city,material-location,Duplex & Super Duplex,Duplex 2205,plates,Ahmedabad,Gujarat,,/material-location/duplex-2205-plates-ahmedabad.html,Duplex 2205 Plates Supplier in Ahmedabad,Duplex 2205 plates supplier in Ahmedabad,RFQ-led material + grade + form + destination sourcing page,"Ahmedabad chloride, marine, oil-gas, chemical or desalination sourcing fit.",/materials/duplex-2205-supplier-india.html,Low,96,/material-location.html; /materials.html; /locations.html; /quotation.html,/material-location.html; /materials.html; /locations.html; /quality-documentation-support.html; /technical-resources.html; /quotation.html; /contact.html,yes_if_owner_approves,"Final-batch candidate; create only with unique copy, visible FAQs, RFQ checklist, safe role wording and no duplicate footer/nav links."
77,High,india_city,material-location,Duplex & Super Duplex,Super Duplex 2507,pipes,Chennai,Tamil Nadu,,/material-location/super-duplex-2507-pipes-chennai.html,Super Duplex 2507 Pipes Supplier in Chennai,Super Duplex 2507 pipes supplier in Chennai,RFQ-led material + grade + form + destination sourcing page,"Chennai chloride, marine, oil-gas, chemical or desalination sourcing fit.",/materials/super-duplex-2507-supplier-india.html,Low,96,/material-location.html; /materials.html; /locations.html; /quotation.html,/material-location.html; /materials.html; /locations.html; /quality-documentation-support.html; /technical-resources.html; /quotation.html; /contact.html,yes_if_owner_approves,"Final-batch candidate; create only with unique copy, visible FAQs, RFQ checklist, safe role wording and no duplicate footer/nav links."
78,High,india_city,material-location,Duplex & Super Duplex,Super Duplex 2507,flanges,Mumbai,Maharashtra,,/material-location/super-duplex-2507-flanges-mumbai.html,Super Duplex 2507 Flanges Supplier in Mumbai,Super Duplex 2507 flanges supplier in Mumbai,RFQ-led material + grade + form + destination sourcing page,"Mumbai chloride, marine, oil-gas, chemical or desalination sourcing fit.",/materials/super-duplex-2507-supplier-india.html,Low,96,/material-location.html; /materials.html; /locations.html; /quotation.html,/material-location.html; /materials.html; /locations.html; /quality-documentation-support.html; /technical-resources.html; /quotation.html; /contact.html,yes_if_owner_approves,"Final-batch candidate; create only with unique copy, visible FAQs, RFQ checklist, safe role wording and no duplicate footer/nav links."
79,High,export_country,export-material,Duplex & Super Duplex,Duplex 2205,pipes,,,Saudi Arabia,/export-material/duplex-2205-pipes-saudi-arabia.html,Duplex 2205 Pipes Supplier for Saudi Arabia,Duplex 2205 pipes supplier for Saudi Arabia,RFQ-led material + grade + form + destination sourcing page,"Saudi Arabia chloride, marine, oil-gas, chemical or desalination sourcing fit.",/materials/duplex-2205-supplier-india.html,Low,96,/export-material.html; /export.html; /quotation.html,/export-material.html; /materials.html; /quality-documentation-support.html; /technical-resources.html; /quotation.html; /contact.html,yes_if_owner_approves,"Final-batch candidate; create only with unique copy, visible FAQs, RFQ checklist, safe role wording and no duplicate footer/nav links."
80,High,export_country,export-material,Duplex & Super Duplex,Super Duplex 2507,flanges,,,Qatar,/export-material/super-duplex-2507-flanges-qatar.html,Super Duplex 2507 Flanges Supplier for Qatar,Super Duplex 2507 flanges supplier for Qatar,RFQ-led material + grade + form + destination sourcing page,"Qatar chloride, marine, oil-gas, chemical or desalination sourcing fit.",/materials/super-duplex-2507-supplier-india.html,Low,96,/export-material.html; /export.html; /quotation.html,/export-material.html; /materials.html; /quality-documentation-support.html; /technical-resources.html; /quotation.html; /contact.html,yes_if_owner_approves,"Final-batch candidate; create only with unique copy, visible FAQs, RFQ checklist, safe role wording and no duplicate footer/nav links."
81,High,export_country,export-material,Nickel Alloys,Hastelloy C276,plates,,,Singapore,/export-material/hastelloy-c276-plates-singapore.html,Hastelloy C276 Plates Supplier for Singapore,Hastelloy C276 plates supplier for Singapore,RFQ-led material + grade + form + destination sourcing page,"Singapore corrosion, heat and process-industry enquiry fit for nickel alloy plates.",/materials/hastelloy-b-2-supplier-india.html,Low,96,/export-material.html; /export.html; /quotation.html,/export-material.html; /materials.html; /quality-documentation-support.html; /technical-resources.html; /quotation.html; /contact.html,yes_if_owner_approves,"Final-batch candidate; create only with unique copy, visible FAQs, RFQ checklist, safe role wording and no duplicate footer/nav links."
82,High,export_country,export-material,Nickel Alloys,Inconel 625,plates,,,Oman,/export-material/inconel-625-plates-oman.html,Inconel 625 Plates Supplier for Oman,Inconel 625 plates supplier for Oman,RFQ-led material + grade + form + destination sourcing page,"Oman corrosion, heat and process-industry enquiry fit for nickel alloy plates.",/materials/inconel-625-supplier-india.html,Low,96,/export-material.html; /export.html; /quotation.html,/export-material.html; /materials.html; /quality-documentation-support.html; /technical-resources.html; /quotation.html; /contact.html,yes_if_owner_approves,"Final-batch candidate; create only with unique copy, visible FAQs, RFQ checklist, safe role wording and no duplicate footer/nav links."
83,High,india_city,material-location,Nickel Alloys,Inconel 625,plates,Pune,Maharashtra,,/material-location/inconel-625-plates-pune.html,Inconel 625 Plates Supplier in Pune,Inconel 625 plates supplier in Pune,RFQ-led material + grade + form + destination sourcing page,"Pune corrosion, heat and process-industry enquiry fit for nickel alloy plates.",/materials/inconel-625-supplier-india.html,Low,96,/material-location.html; /materials.html; /locations.html; /quotation.html,/material-location.html; /materials.html; /locations.html; /quality-documentation-support.html; /technical-resources.html; /quotation.html; /contact.html,yes_if_owner_approves,"Final-batch candidate; create only with unique copy, visible FAQs, RFQ checklist, safe role wording and no duplicate footer/nav links."
84,High,india_city,material-location,Nickel Alloys,Inconel 718,round bars,Bengaluru,Karnataka,,/material-location/inconel-718-round-bars-bengaluru.html,Inconel 718 Round Bars Supplier in Bengaluru,Inconel 718 round bars supplier in Bengaluru,RFQ-led material + grade + form + destination sourcing page,"Bengaluru corrosion, heat and process-industry enquiry fit for nickel alloy round bars.",/materials/inconel-718-supplier-india.html,Low,96,/material-location.html; /materials.html; /locations.html; /quotation.html,/material-location.html; /materials.html; /locations.html; /quality-documentation-support.html; /technical-resources.html; /quotation.html; /contact.html,yes_if_owner_approves,"Final-batch candidate; create only with unique copy, visible FAQs, RFQ checklist, safe role wording and no duplicate footer/nav links."
85,High,india_city,material-location,Nickel Alloys,Hastelloy C276,fittings,Ankleshwar,Gujarat,,/material-location/hastelloy-c276-fittings-ankleshwar.html,Hastelloy C276 Fittings Supplier in Ankleshwar,Hastelloy C276 fittings supplier in Ankleshwar,RFQ-led material + grade + form + destination sourcing page,"Ankleshwar corrosion, heat and process-industry enquiry fit for nickel alloy fittings.",/materials/hastelloy-b-2-supplier-india.html,Low,96,/material-location.html; /materials.html; /locations.html; /quotation.html,/material-location.html; /materials.html; /locations.html; /quality-documentation-support.html; /technical-resources.html; /quotation.html; /contact.html,yes_if_owner_approves,"Final-batch candidate; create only with unique copy, visible FAQs, RFQ checklist, safe role wording and no duplicate footer/nav links."
86,High,india_city,material-location,Duplex & Super Duplex,Duplex 2205,plates,Mumbai,Maharashtra,,/material-location/duplex-2205-plates-mumbai.html,Duplex 2205 Plates Supplier in Mumbai,Duplex 2205 plates supplier in Mumbai,RFQ-led material + grade + form + destination sourcing page,"Mumbai chloride, marine, oil-gas, chemical or desalination sourcing fit.",/materials/duplex-2205-supplier-india.html,Low,96,/material-location.html; /materials.html; /locations.html; /quotation.html,/material-location.html; /materials.html; /locations.html; /quality-documentation-support.html; /technical-resources.html; /quotation.html; /contact.html,yes_if_owner_approves,"Final-batch candidate; create only with unique copy, visible FAQs, RFQ checklist, safe role wording and no duplicate footer/nav links."
87,High,india_city,material-location,Duplex & Super Duplex,Super Duplex 2507,pipes,Mumbai,Maharashtra,,/material-location/super-duplex-2507-pipes-mumbai.html,Super Duplex 2507 Pipes Supplier in Mumbai,Super Duplex 2507 pipes supplier in Mumbai,RFQ-led material + grade + form + destination sourcing page,"Mumbai chloride, marine, oil-gas, chemical or desalination sourcing fit.",/materials/super-duplex-2507-supplier-india.html,Low,96,/material-location.html; /materials.html; /locations.html; /quotation.html,/material-location.html; /materials.html; /locations.html; /quality-documentation-support.html; /technical-resources.html; /quotation.html; /contact.html,yes_if_owner_approves,"Final-batch candidate; create only with unique copy, visible FAQs, RFQ checklist, safe role wording and no duplicate footer/nav links."
88,High,india_city,material-location,Duplex & Super Duplex,Super Duplex 2507,flanges,Vadodara,Gujarat,,/material-location/super-duplex-2507-flanges-vadodara.html,Super Duplex 2507 Flanges Supplier in Vadodara,Super Duplex 2507 flanges supplier in Vadodara,RFQ-led material + grade + form + destination sourcing page,"Vadodara chloride, marine, oil-gas, chemical or desalination sourcing fit.",/materials/super-duplex-2507-supplier-india.html,Low,96,/material-location.html; /materials.html; /locations.html; /quotation.html,/material-location.html; /materials.html; /locations.html; /quality-documentation-support.html; /technical-resources.html; /quotation.html; /contact.html,yes_if_owner_approves,"Final-batch candidate; create only with unique copy, visible FAQs, RFQ checklist, safe role wording and no duplicate footer/nav links."
89,High,export_country,export-material,Duplex & Super Duplex,Duplex 2205,pipes,,,UAE,/export-material/duplex-2205-pipes-uae.html,Duplex 2205 Pipes Supplier for UAE,Duplex 2205 pipes supplier for UAE,RFQ-led material + grade + form + destination sourcing page,"UAE chloride, marine, oil-gas, chemical or desalination sourcing fit.",/materials/duplex-2205-supplier-india.html,Low,96,/export-material.html; /export.html; /quotation.html,/export-material.html; /materials.html; /quality-documentation-support.html; /technical-resources.html; /quotation.html; /contact.html,yes_if_owner_approves,"Final-batch candidate; create only with unique copy, visible FAQs, RFQ checklist, safe role wording and no duplicate footer/nav links."
90,High,export_country,export-material,Duplex & Super Duplex,Super Duplex 2507,flanges,,,Saudi Arabia,/export-material/super-duplex-2507-flanges-saudi-arabia.html,Super Duplex 2507 Flanges Supplier for Saudi Arabia,Super Duplex 2507 flanges supplier for Saudi Arabia,RFQ-led material + grade + form + destination sourcing page,"Saudi Arabia chloride, marine, oil-gas, chemical or desalination sourcing fit.",/materials/super-duplex-2507-supplier-india.html,Low,96,/export-material.html; /export.html; /quotation.html,/export-material.html; /materials.html; /quality-documentation-support.html; /technical-resources.html; /quotation.html; /contact.html,yes_if_owner_approves,"Final-batch candidate; create only with unique copy, visible FAQs, RFQ checklist, safe role wording and no duplicate footer/nav links."
91,High,export_country,export-material,Nickel Alloys,Hastelloy C276,plates,,,Germany,/export-material/hastelloy-c276-plates-germany.html,Hastelloy C276 Plates Supplier for Germany,Hastelloy C276 plates supplier for Germany,RFQ-led material + grade + form + destination sourcing page,"Germany corrosion, heat and process-industry enquiry fit for nickel alloy plates.",/materials/hastelloy-b-2-supplier-india.html,Low,96,/export-material.html; /export.html; /quotation.html,/export-material.html; /materials.html; /quality-documentation-support.html; /technical-resources.html; /quotation.html; /contact.html,yes_if_owner_approves,"Final-batch candidate; create only with unique copy, visible FAQs, RFQ checklist, safe role wording and no duplicate footer/nav links."
92,High,export_country,export-material,Nickel Alloys,Inconel 625,plates,,,Saudi Arabia,/export-material/inconel-625-plates-saudi-arabia.html,Inconel 625 Plates Supplier for Saudi Arabia,Inconel 625 plates supplier for Saudi Arabia,RFQ-led material + grade + form + destination sourcing page,"Saudi Arabia corrosion, heat and process-industry enquiry fit for nickel alloy plates.",/materials/inconel-625-supplier-india.html,Low,96,/export-material.html; /export.html; /quotation.html,/export-material.html; /materials.html; /quality-documentation-support.html; /technical-resources.html; /quotation.html; /contact.html,yes_if_owner_approves,"Final-batch candidate; create only with unique copy, visible FAQs, RFQ checklist, safe role wording and no duplicate footer/nav links."
93,High,india_city,material-location,Nickel Alloys,Inconel 625,plates,Chennai,Tamil Nadu,,/material-location/inconel-625-plates-chennai.html,Inconel 625 Plates Supplier in Chennai,Inconel 625 plates supplier in Chennai,RFQ-led material + grade + form + destination sourcing page,"Chennai corrosion, heat and process-industry enquiry fit for nickel alloy plates.",/materials/inconel-625-supplier-india.html,Low,96,/material-location.html; /materials.html; /locations.html; /quotation.html,/material-location.html; /materials.html; /locations.html; /quality-documentation-support.html; /technical-resources.html; /quotation.html; /contact.html,yes_if_owner_approves,"Final-batch candidate; create only with unique copy, visible FAQs, RFQ checklist, safe role wording and no duplicate footer/nav links."
94,High,india_city,material-location,Nickel Alloys,Inconel 718,round bars,Chennai,Tamil Nadu,,/material-location/inconel-718-round-bars-chennai.html,Inconel 718 Round Bars Supplier in Chennai,Inconel 718 round bars supplier in Chennai,RFQ-led material + grade + form + destination sourcing page,"Chennai corrosion, heat and process-industry enquiry fit for nickel alloy round bars.",/materials/inconel-718-supplier-india.html,Low,96,/material-location.html; /materials.html; /locations.html; /quotation.html,/material-location.html; /materials.html; /locations.html; /quality-documentation-support.html; /technical-resources.html; /quotation.html; /contact.html,yes_if_owner_approves,"Final-batch candidate; create only with unique copy, visible FAQs, RFQ checklist, safe role wording and no duplicate footer/nav links."
95,High,india_city,material-location,Nickel Alloys,Hastelloy C276,fittings,Vadodara,Gujarat,,/material-location/hastelloy-c276-fittings-vadodara.html,Hastelloy C276 Fittings Supplier in Vadodara,Hastelloy C276 fittings supplier in Vadodara,RFQ-led material + grade + form + destination sourcing page,"Vadodara corrosion, heat and process-industry enquiry fit for nickel alloy fittings.",/materials/hastelloy-b-2-supplier-india.html,Low,96,/material-location.html; /materials.html; /locations.html; /quotation.html,/material-location.html; /materials.html; /locations.html; /quality-documentation-support.html; /technical-resources.html; /quotation.html; /contact.html,yes_if_owner_approves,"Final-batch candidate; create only with unique copy, visible FAQs, RFQ checklist, safe role wording and no duplicate footer/nav links."
96,High,india_city,material-location,Duplex & Super Duplex,Duplex 2205,plates,Bharuch,Gujarat,,/material-location/duplex-2205-plates-bharuch.html,Duplex 2205 Plates Supplier in Bharuch,Duplex 2205 plates supplier in Bharuch,RFQ-led material + grade + form + destination sourcing page,"Bharuch chloride, marine, oil-gas, chemical or desalination sourcing fit.",/materials/duplex-2205-supplier-india.html,Low,96,/material-location.html; /materials.html; /locations.html; /quotation.html,/material-location.html; /materials.html; /locations.html; /quality-documentation-support.html; /technical-resources.html; /quotation.html; /contact.html,yes_if_owner_approves,"Final-batch candidate; create only with unique copy, visible FAQs, RFQ checklist, safe role wording and no duplicate footer/nav links."
97,High,india_city,material-location,Duplex & Super Duplex,Super Duplex 2507,pipes,Vadodara,Gujarat,,/material-location/super-duplex-2507-pipes-vadodara.html,Super Duplex 2507 Pipes Supplier in Vadodara,Super Duplex 2507 pipes supplier in Vadodara,RFQ-led material + grade + form + destination sourcing page,"Vadodara chloride, marine, oil-gas, chemical or desalination sourcing fit.",/materials/super-duplex-2507-supplier-india.html,Low,96,/material-location.html; /materials.html; /locations.html; /quotation.html,/material-location.html; /materials.html; /locations.html; /quality-documentation-support.html; /technical-resources.html; /quotation.html; /contact.html,yes_if_owner_approves,"Final-batch candidate; create only with unique copy, visible FAQs, RFQ checklist, safe role wording and no duplicate footer/nav links."
98,High,india_city,material-location,Duplex & Super Duplex,Super Duplex 2507,flanges,Chennai,Tamil Nadu,,/material-location/super-duplex-2507-flanges-chennai.html,Super Duplex 2507 Flanges Supplier in Chennai,Super Duplex 2507 flanges supplier in Chennai,RFQ-led material + grade + form + destination sourcing page,"Chennai chloride, marine, oil-gas, chemical or desalination sourcing fit.",/materials/super-duplex-2507-supplier-india.html,Low,96,/material-location.html; /materials.html; /locations.html; /quotation.html,/material-location.html; /materials.html; /locations.html; /quality-documentation-support.html; /technical-resources.html; /quotation.html; /contact.html,yes_if_owner_approves,"Final-batch candidate; create only with unique copy, visible FAQs, RFQ checklist, safe role wording and no duplicate footer/nav links."
99,High,export_country,export-material,Duplex & Super Duplex,Duplex 2205,pipes,,,Qatar,/export-material/duplex-2205-pipes-qatar.html,Duplex 2205 Pipes Supplier for Qatar,Duplex 2205 pipes supplier for Qatar,RFQ-led material + grade + form + destination sourcing page,"Qatar chloride, marine, oil-gas, chemical or desalination sourcing fit.",/materials/duplex-2205-supplier-india.html,Low,96,/export-material.html; /export.html; /quotation.html,/export-material.html; /materials.html; /quality-documentation-support.html; /technical-resources.html; /quotation.html; /contact.html,yes_if_owner_approves,"Final-batch candidate; create only with unique copy, visible FAQs, RFQ checklist, safe role wording and no duplicate footer/nav links."
100,High,export_country,export-material,Duplex & Super Duplex,Super Duplex 2507,flanges,,,Oman,/export-material/super-duplex-2507-flanges-oman.html,Super Duplex 2507 Flanges Supplier for Oman,Super Duplex 2507 flanges supplier for Oman,RFQ-led material + grade + form + destination sourcing page,"Oman chloride, marine, oil-gas, chemical or desalination sourcing fit.",/materials/super-duplex-2507-supplier-india.html,Low,96,/export-material.html; /export.html; /quotation.html,/export-material.html; /materials.html; /quality-documentation-support.html; /technical-resources.html; /quotation.html; /contact.html,yes_if_owner_approves,"Final-batch candidate; create only with unique copy, visible FAQs, RFQ checklist, safe role wording and no duplicate footer/nav links."
101,High,export_country,export-material,Nickel Alloys,Hastelloy C276,plates,,,UAE,/export-material/hastelloy-c276-plates-uae.html,Hastelloy C276 Plates Supplier for UAE,Hastelloy C276 plates supplier for UAE,RFQ-led material + grade + form + destination sourcing page,"UAE corrosion, heat and process-industry enquiry fit for nickel alloy plates.",/materials/hastelloy-b-2-supplier-india.html,Low,96,/export-material.html; /export.html; /quotation.html,/export-material.html; /materials.html; /quality-documentation-support.html; /technical-resources.html; /quotation.html; /contact.html,yes_if_owner_approves,"Final-batch candidate; create only with unique copy, visible FAQs, RFQ checklist, safe role wording and no duplicate footer/nav links."
102,High,export_country,export-material,Nickel Alloys,Inconel 625,plates,,,Qatar,/export-material/inconel-625-plates-qatar.html,Inconel 625 Plates Supplier for Qatar,Inconel 625 plates supplier for Qatar,RFQ-led material + grade + form + destination sourcing page,"Qatar corrosion, heat and process-industry enquiry fit for nickel alloy plates.",/materials/inconel-625-supplier-india.html,Low,96,/export-material.html; /export.html; /quotation.html,/export-material.html; /materials.html; /quality-documentation-support.html; /technical-resources.html; /quotation.html; /contact.html,yes_if_owner_approves,"Final-batch candidate; create only with unique copy, visible FAQs, RFQ checklist, safe role wording and no duplicate footer/nav links."
103,High,india_city,material-location,Nickel Alloys,Inconel 625,plates,Hyderabad,Telangana,,/material-location/inconel-625-plates-hyderabad.html,Inconel 625 Plates Supplier in Hyderabad,Inconel 625 plates supplier in Hyderabad,RFQ-led material + grade + form + destination sourcing page,"Hyderabad corrosion, heat and process-industry enquiry fit for nickel alloy plates.",/materials/inconel-625-supplier-india.html,Low,96,/material-location.html; /materials.html; /locations.html; /quotation.html,/material-location.html; /materials.html; /locations.html; /quality-documentation-support.html; /technical-resources.html; /quotation.html; /contact.html,yes_if_owner_approves,"Final-batch candidate; create only with unique copy, visible FAQs, RFQ checklist, safe role wording and no duplicate footer/nav links."
104,High,india_city,material-location,Nickel Alloys,Inconel 718,round bars,Hyderabad,Telangana,,/material-location/inconel-718-round-bars-hyderabad.html,Inconel 718 Round Bars Supplier in Hyderabad,Inconel 718 round bars supplier in Hyderabad,RFQ-led material + grade + form + destination sourcing page,"Hyderabad corrosion, heat and process-industry enquiry fit for nickel alloy round bars.",/materials/inconel-718-supplier-india.html,Low,96,/material-location.html; /materials.html; /locations.html; /quotation.html,/material-location.html; /materials.html; /locations.html; /quality-documentation-support.html; /technical-resources.html; /quotation.html; /contact.html,yes_if_owner_approves,"Final-batch candidate; create only with unique copy, visible FAQs, RFQ checklist, safe role wording and no duplicate footer/nav links."
105,High,india_city,material-location,Nickel Alloys,Hastelloy C276,fittings,Hyderabad,Telangana,,/material-location/hastelloy-c276-fittings-hyderabad.html,Hastelloy C276 Fittings Supplier in Hyderabad,Hastelloy C276 fittings supplier in Hyderabad,RFQ-led material + grade + form + destination sourcing page,"Hyderabad corrosion, heat and process-industry enquiry fit for nickel alloy fittings.",/materials/hastelloy-b-2-supplier-india.html,Low,96,/material-location.html; /materials.html; /locations.html; /quotation.html,/material-location.html; /materials.html; /locations.html; /quality-documentation-support.html; /technical-resources.html; /quotation.html; /contact.html,yes_if_owner_approves,"Final-batch candidate; create only with unique copy, visible FAQs, RFQ checklist, safe role wording and no duplicate footer/nav links."
106,High,india_city,material-location,Duplex & Super Duplex,Duplex 2205,plates,Jamnagar,Gujarat,,/material-location/duplex-2205-plates-jamnagar.html,Duplex 2205 Plates Supplier in Jamnagar,Duplex 2205 plates supplier in Jamnagar,RFQ-led material + grade + form + destination sourcing page,"Jamnagar chloride, marine, oil-gas, chemical or desalination sourcing fit.",/materials/duplex-2205-supplier-india.html,Low,90,/material-location.html; /materials.html; /locations.html; /quotation.html,/material-location.html; /materials.html; /locations.html; /quality-documentation-support.html; /technical-resources.html; /quotation.html; /contact.html,yes_if_owner_approves,"Final-batch candidate; create only with unique copy, visible FAQs, RFQ checklist, safe role wording and no duplicate footer/nav links."
107,High,india_city,material-location,Duplex & Super Duplex,Super Duplex 2507,pipes,Kakinada,Andhra Pradesh,,/material-location/super-duplex-2507-pipes-kakinada.html,Super Duplex 2507 Pipes Supplier in Kakinada,Super Duplex 2507 pipes supplier in Kakinada,RFQ-led material + grade + form + destination sourcing page,"Kakinada chloride, marine, oil-gas, chemical or desalination sourcing fit.",/materials/super-duplex-2507-supplier-india.html,Low,90,/material-location.html; /materials.html; /locations.html; /quotation.html,/material-location.html; /materials.html; /locations.html; /quality-documentation-support.html; /technical-resources.html; /quotation.html; /contact.html,yes_if_owner_approves,"Final-batch candidate; create only with unique copy, visible FAQs, RFQ checklist, safe role wording and no duplicate footer/nav links."
108,High,india_city,material-location,Duplex & Super Duplex,Super Duplex 2507,flanges,Bharuch,Gujarat,,/material-location/super-duplex-2507-flanges-bharuch.html,Super Duplex 2507 Flanges Supplier in Bharuch,Super Duplex 2507 flanges supplier in Bharuch,RFQ-led material + grade + form + destination sourcing page,"Bharuch chloride, marine, oil-gas, chemical or desalination sourcing fit.",/materials/super-duplex-2507-supplier-india.html,Low,96,/material-location.html; /materials.html; /locations.html; /quotation.html,/material-location.html; /materials.html; /locations.html; /quality-documentation-support.html; /technical-resources.html; /quotation.html; /contact.html,yes_if_owner_approves,"Final-batch candidate; create only with unique copy, visible FAQs, RFQ checklist, safe role wording and no duplicate footer/nav links."
109,Medium,india_city,material-location,High Speed Steel,HSS M35,round bars,Pune,Maharashtra,,/material-location/hss-m35-round-bars-pune.html,HSS M35 Round Bars Supplier in Pune,HSS M35 round bars supplier in Pune,RFQ-led material + grade + form + destination sourcing page,"Pune tooling, machining and precision component sourcing fit.",Related destination coverage exists,Low,83,/material-location.html; /materials.html; /locations.html; /quotation.html,/material-location.html; /materials.html; /locations.html; /quality-documentation-support.html; /technical-resources.html; /quotation.html; /contact.html,yes_if_owner_approves,"Final-batch candidate; create only with unique copy, visible FAQs, RFQ checklist, safe role wording and no duplicate footer/nav links."
110,Medium,india_city,material-location,High Speed Steel,HSS M42,tool steel bars,Chennai,Tamil Nadu,,/material-location/hss-m42-tool-steel-bars-chennai.html,HSS M42 Tool Steel Bars Supplier in Chennai,HSS M42 tool steel bars supplier in Chennai,RFQ-led material + grade + form + destination sourcing page,"Chennai tooling, machining and precision component sourcing fit.",Related destination coverage exists,Low,83,/material-location.html; /materials.html; /locations.html; /quotation.html,/material-location.html; /materials.html; /locations.html; /quality-documentation-support.html; /technical-resources.html; /quotation.html; /contact.html,yes_if_owner_approves,"Final-batch candidate; create only with unique copy, visible FAQs, RFQ checklist, safe role wording and no duplicate footer/nav links."
111,Medium,india_city,material-location,High Speed Steel,HSS M2,flats,Coimbatore,Tamil Nadu,,/material-location/hss-m2-flats-coimbatore.html,HSS M2 Flats Supplier in Coimbatore,HSS M2 flats supplier in Coimbatore,RFQ-led material + grade + form + destination sourcing page,"Coimbatore tooling, machining and precision component sourcing fit.",Related destination coverage exists,Low,83,/material-location.html; /materials.html; /locations.html; /quotation.html,/material-location.html; /materials.html; /locations.html; /quality-documentation-support.html; /technical-resources.html; /quotation.html; /contact.html,yes_if_owner_approves,"Final-batch candidate; create only with unique copy, visible FAQs, RFQ checklist, safe role wording and no duplicate footer/nav links."
112,Medium,india_city,material-location,Aluminium,Aluminium 6061,plates,Chennai,Tamil Nadu,,/material-location/aluminium-6061-plates-chennai.html,Aluminium 6061 Plates Supplier in Chennai,Aluminium 6061 plates supplier in Chennai,RFQ-led material + grade + form + destination sourcing page,Chennai commercial metals enquiry fit where content depth remains practical.,/materials/aluminium-6061-supplier-india.html,Low,83,/material-location.html; /materials.html; /locations.html; /quotation.html,/material-location.html; /materials.html; /locations.html; /quality-documentation-support.html; /technical-resources.html; /quotation.html; /contact.html,yes_if_owner_approves,"Final-batch candidate; create only with unique copy, visible FAQs, RFQ checklist, safe role wording and no duplicate footer/nav links."
113,Medium,india_city,material-location,High Speed Steel,HSS M35,round bars,Bengaluru,Karnataka,,/material-location/hss-m35-round-bars-bengaluru.html,HSS M35 Round Bars Supplier in Bengaluru,HSS M35 round bars supplier in Bengaluru,RFQ-led material + grade + form + destination sourcing page,"Bengaluru tooling, machining and precision component sourcing fit.",Related destination coverage exists,Low,83,/material-location.html; /materials.html; /locations.html; /quotation.html,/material-location.html; /materials.html; /locations.html; /quality-documentation-support.html; /technical-resources.html; /quotation.html; /contact.html,yes_if_owner_approves,"Final-batch candidate; create only with unique copy, visible FAQs, RFQ checklist, safe role wording and no duplicate footer/nav links."
114,Medium,india_city,material-location,High Speed Steel,HSS M42,tool steel bars,Pune,Maharashtra,,/material-location/hss-m42-tool-steel-bars-pune.html,HSS M42 Tool Steel Bars Supplier in Pune,HSS M42 tool steel bars supplier in Pune,RFQ-led material + grade + form + destination sourcing page,"Pune tooling, machining and precision component sourcing fit.",Related destination coverage exists,Low,83,/material-location.html; /materials.html; /locations.html; /quotation.html,/material-location.html; /materials.html; /locations.html; /quality-documentation-support.html; /technical-resources.html; /quotation.html; /contact.html,yes_if_owner_approves,"Final-batch candidate; create only with unique copy, visible FAQs, RFQ checklist, safe role wording and no duplicate footer/nav links."
115,Medium,india_city,material-location,Aluminium,Aluminium 6061,plates,Mumbai,Maharashtra,,/material-location/aluminium-6061-plates-mumbai.html,Aluminium 6061 Plates Supplier in Mumbai,Aluminium 6061 plates supplier in Mumbai,RFQ-led material + grade + form + destination sourcing page,Mumbai commercial metals enquiry fit where content depth remains practical.,/materials/aluminium-6061-supplier-india.html,Low,83,/material-location.html; /materials.html; /locations.html; /quotation.html,/material-location.html; /materials.html; /locations.html; /quality-documentation-support.html; /technical-resources.html; /quotation.html; /contact.html,yes_if_owner_approves,"Final-batch candidate; create only with unique copy, visible FAQs, RFQ checklist, safe role wording and no duplicate footer/nav links."
116,Medium,india_city,material-location,High Speed Steel,HSS M35,round bars,Chennai,Tamil Nadu,,/material-location/hss-m35-round-bars-chennai.html,HSS M35 Round Bars Supplier in Chennai,HSS M35 round bars supplier in Chennai,RFQ-led material + grade + form + destination sourcing page,"Chennai tooling, machining and precision component sourcing fit.",Related destination coverage exists,Low,83,/material-location.html; /materials.html; /locations.html; /quotation.html,/material-location.html; /materials.html; /locations.html; /quality-documentation-support.html; /technical-resources.html; /quotation.html; /contact.html,yes_if_owner_approves,"Final-batch candidate; create only with unique copy, visible FAQs, RFQ checklist, safe role wording and no duplicate footer/nav links."
117,Medium,india_city,material-location,High Speed Steel,HSS M42,tool steel bars,Faridabad,Haryana,,/material-location/hss-m42-tool-steel-bars-faridabad.html,HSS M42 Tool Steel Bars Supplier in Faridabad,HSS M42 tool steel bars supplier in Faridabad,RFQ-led material + grade + form + destination sourcing page,"Faridabad tooling, machining and precision component sourcing fit.",Related destination coverage exists,Low,83,/material-location.html; /materials.html; /locations.html; /quotation.html,/material-location.html; /materials.html; /locations.html; /quality-documentation-support.html; /technical-resources.html; /quotation.html; /contact.html,yes_if_owner_approves,"Final-batch candidate; create only with unique copy, visible FAQs, RFQ checklist, safe role wording and no duplicate footer/nav links."
118,Medium,india_city,material-location,High Speed Steel,HSS M2,flats,Pune,Maharashtra,,/material-location/hss-m2-flats-pune.html,HSS M2 Flats Supplier in Pune,HSS M2 flats supplier in Pune,RFQ-led material + grade + form + destination sourcing page,"Pune tooling, machining and precision component sourcing fit.",Related destination coverage exists,Low,83,/material-location.html; /materials.html; /locations.html; /quotation.html,/material-location.html; /materials.html; /locations.html; /quality-documentation-support.html; /technical-resources.html; /quotation.html; /contact.html,yes_if_owner_approves,"Final-batch candidate; create only with unique copy, visible FAQs, RFQ checklist, safe role wording and no duplicate footer/nav links."
119,Medium,india_city,material-location,Aluminium,Aluminium 6061,plates,Bengaluru,Karnataka,,/material-location/aluminium-6061-plates-bengaluru.html,Aluminium 6061 Plates Supplier in Bengaluru,Aluminium 6061 plates supplier in Bengaluru,RFQ-led material + grade + form + destination sourcing page,Bengaluru commercial metals enquiry fit where content depth remains practical.,/materials/aluminium-6061-supplier-india.html,Low,83,/material-location.html; /materials.html; /locations.html; /quotation.html,/material-location.html; /materials.html; /locations.html; /quality-documentation-support.html; /technical-resources.html; /quotation.html; /contact.html,yes_if_owner_approves,"Final-batch candidate; create only with unique copy, visible FAQs, RFQ checklist, safe role wording and no duplicate footer/nav links."
120,Medium,india_city,material-location,High Speed Steel,HSS M35,round bars,Coimbatore,Tamil Nadu,,/material-location/hss-m35-round-bars-coimbatore.html,HSS M35 Round Bars Supplier in Coimbatore,HSS M35 round bars supplier in Coimbatore,RFQ-led material + grade + form + destination sourcing page,"Coimbatore tooling, machining and precision component sourcing fit.",Related destination coverage exists,Low,83,/material-location.html; /materials.html; /locations.html; /quotation.html,/material-location.html; /materials.html; /locations.html; /quality-documentation-support.html; /technical-resources.html; /quotation.html; /contact.html,yes_if_owner_approves,"Final-batch candidate; create only with unique copy, visible FAQs, RFQ checklist, safe role wording and no duplicate footer/nav links."
