url,slug_material,slug_grade,slug_form,slug_location,title_match,h1_match,description_match,canonical_match,breadcrumb_match,body_match,faq_match,schema_match,status,notes
/material-location/ss-304-welded-pipes-chennai.html,,,,chennai,true,true,true,true,true,true,true,true,pass,
/material-location/ss-316-sheets-hyderabad.html,,,,hyderabad,true,true,true,true,true,true,true,true,pass,
/material-location/ss-316l-pipes-ahmedabad.html,,,,ahmedabad,true,true,true,true,true,true,true,true,pass,
/material-location/ss-304-round-bars-pune.html,,,,pune,true,true,true,true,true,true,true,true,pass,
/material-location/ss-316-fittings-mumbai.html,,,,mumbai,true,true,true,true,true,true,true,true,pass,
/material-location/ss-304-plates-bengaluru.html,,,,bengaluru,true,true,true,true,true,true,true,true,pass,
/material-location/stainless-steel-coils-surat.html,,,,surat,true,true,true,true,true,true,true,true,pass,
/material-location/stainless-steel-flanges-vadodara.html,,,,vadodara,true,true,true,true,true,true,true,true,pass,
/material-location/duplex-2205-pipes-mumbai.html,,,,mumbai,true,true,true,true,true,true,true,true,pass,
/material-location/inconel-625-round-bars-hyderabad.html,,,,hyderabad,true,true,true,true,true,true,true,true,pass,
/material-location/ss-304-fittings-mumbai.html,Stainless Steel,SS 304,Fittings,Mumbai,true,true,true,true,true,true,true,true,pass,
/material-location/ss-304-fittings-pune.html,Stainless Steel,SS 304,Fittings,Pune,true,true,true,true,true,true,true,true,pass,
/material-location/ss-304-fittings-ahmedabad.html,Stainless Steel,SS 304,Fittings,Ahmedabad,true,true,true,true,true,true,true,true,pass,
/material-location/ss-304-fittings-bengaluru.html,Stainless Steel,SS 304,Fittings,Bengaluru,true,true,true,true,true,true,true,true,pass,
/material-location/ss-304-fittings-chakan-pimpri-chinchwad.html,Stainless Steel,SS 304,Fittings,Chakan and Pimpri-Chinchwad,true,true,true,true,true,true,true,true,pass,
/material-location/ss-304-fittings-chennai.html,Stainless Steel,SS 304,Fittings,Chennai,true,true,true,true,true,true,true,true,pass,
/material-location/ss-304-fittings-hyderabad.html,Stainless Steel,SS 304,Fittings,Hyderabad,true,true,true,true,true,true,true,true,pass,
/material-location/ss-304-fittings-vadodara.html,Stainless Steel,SS 304,Fittings,Vadodara,true,true,true,true,true,true,true,true,pass,
/material-location/ss-304-fittings-ankleshwar.html,Stainless Steel,SS 304,Fittings,Ankleshwar,true,true,true,true,true,true,true,true,pass,
/material-location/ss-304-fittings-delhi.html,Stainless Steel,SS 304,Fittings,Delhi NCR,true,true,true,true,true,true,true,true,pass,
/material-location/ss-304-fittings-bharuch.html,Stainless Steel,SS 304,Fittings,Bharuch,true,true,true,true,true,true,true,true,pass,
/material-location/ss-304-fittings-coimbatore.html,Stainless Steel,SS 304,Fittings,Coimbatore,true,true,true,true,true,true,true,true,pass,
/material-location/ss-304-fittings-faridabad.html,Stainless Steel,SS 304,Fittings,Faridabad,true,true,true,true,true,true,true,true,pass,
/material-location/ss-304-fittings-gurugram-manesar.html,Stainless Steel,SS 304,Fittings,Gurugram and Manesar,true,true,true,true,true,true,true,true,pass,
/material-location/ss-304-fittings-vapi.html,Stainless Steel,SS 304,Fittings,Vapi,true,true,true,true,true,true,true,true,pass,
/material-location/ss-304-fittings-visakhapatnam.html,Stainless Steel,SS 304,Fittings,Visakhapatnam,true,true,true,true,true,true,true,true,pass,
/material-location/ss-304-fittings-hosur.html,Stainless Steel,SS 304,Fittings,Hosur,true,true,true,true,true,true,true,true,pass,
/material-location/ss-304-fittings-indore-pithampur.html,Stainless Steel,SS 304,Fittings,Indore and Pithampur,true,true,true,true,true,true,true,true,pass,
/material-location/ss-304-fittings-jamnagar.html,Stainless Steel,SS 304,Fittings,Jamnagar,true,true,true,true,true,true,true,true,pass,
/material-location/ss-304-fittings-jamshedpur.html,Stainless Steel,SS 304,Fittings,Jamshedpur,true,true,true,true,true,true,true,true,pass,
/material-location/ss-304-fittings-navi-mumbai.html,Stainless Steel,SS 304,Fittings,Navi Mumbai,true,true,true,true,true,true,true,true,pass,
/material-location/ss-304-fittings-noida.html,Stainless Steel,SS 304,Fittings,Noida,true,true,true,true,true,true,true,true,pass,
/material-location/ss-304-fittings-sriperumbudur-oragadam.html,Stainless Steel,SS 304,Fittings,Sriperumbudur and Oragadam,true,true,true,true,true,true,true,true,pass,
/material-location/ss-304-fittings-surat.html,Stainless Steel,SS 304,Fittings,Surat,true,true,true,true,true,true,true,true,pass,
/material-location/ss-304-fittings-dholera-sanand.html,Stainless Steel,SS 304,Fittings,Dholera and Sanand,true,true,true,true,true,true,true,true,pass,
/material-location/ss-304-fittings-greater-noida.html,Stainless Steel,SS 304,Fittings,Greater Noida,true,true,true,true,true,true,true,true,pass,
/material-location/ss-304-fittings-kolkata-howrah-durgapur.html,Stainless Steel,SS 304,Fittings,"Kolkata, Howrah and Durgapur",true,true,true,true,true,true,true,true,pass,
/material-location/ss-304-fittings-ludhiana.html,Stainless Steel,SS 304,Fittings,Ludhiana,true,true,true,true,true,true,true,true,pass,
/material-location/ss-304-fittings-thane.html,Stainless Steel,SS 304,Fittings,Thane,true,true,true,true,true,true,true,true,pass,
/material-location/ss-304-fittings-kakinada.html,Stainless Steel,SS 304,Fittings,Kakinada,true,true,true,true,true,true,true,true,pass,
/material-location/ss-304-fittings-rajkot.html,Stainless Steel,SS 304,Fittings,Rajkot,true,true,true,true,true,true,true,true,pass,
/material-location/ss-304-fittings-ghaziabad.html,Stainless Steel,SS 304,Fittings,Ghaziabad,true,true,true,true,true,true,true,true,pass,
/material-location/ss-304-fittings-nashik.html,Stainless Steel,SS 304,Fittings,Nashik,true,true,true,true,true,true,true,true,pass,
/material-location/ss-304-fittings-salem.html,Stainless Steel,SS 304,Fittings,Salem,true,true,true,true,true,true,true,true,pass,
/material-location/ss-304-fittings-tiruchirappalli.html,Stainless Steel,SS 304,Fittings,Tiruchirappalli / Trichy,true,true,true,true,true,true,true,true,pass,
/material-location/ss-304-fittings-chhatrapati-sambhajinagar-aurangabad.html,Stainless Steel,SS 304,Fittings,Chhatrapati Sambhajinagar / Aurangabad,true,true,true,true,true,true,true,true,pass,
/material-location/ss-304-fittings-jaipur.html,Stainless Steel,SS 304,Fittings,Jaipur,true,true,true,true,true,true,true,true,pass,
/material-location/ss-304-fittings-mangaluru.html,Stainless Steel,SS 304,Fittings,Mangaluru,true,true,true,true,true,true,true,true,pass,
/material-location/ss-304-fittings-mysuru.html,Stainless Steel,SS 304,Fittings,Mysuru,true,true,true,true,true,true,true,true,pass,
/material-location/ss-304-fittings-nagpur.html,Stainless Steel,SS 304,Fittings,Nagpur / Butibori,true,true,true,true,true,true,true,true,pass,
/material-location/ss-304-fittings-bhopal-mandideep.html,Stainless Steel,SS 304,Fittings,Bhopal and Mandideep,true,true,true,true,true,true,true,true,pass,
/material-location/ss-304-fittings-vijayawada.html,Stainless Steel,SS 304,Fittings,Vijayawada,true,true,true,true,true,true,true,true,pass,
/material-location/ss-304-fittings-zaheerabad.html,Stainless Steel,SS 304,Fittings,Zaheerabad,true,true,true,true,true,true,true,true,pass,
/material-location/ss-304-flanges-mumbai.html,Stainless Steel,SS 304,Flanges,Mumbai,true,true,true,true,true,true,true,true,pass,
/material-location/ss-304-flanges-pune.html,Stainless Steel,SS 304,Flanges,Pune,true,true,true,true,true,true,true,true,pass,
/material-location/ss-304-flanges-ahmedabad.html,Stainless Steel,SS 304,Flanges,Ahmedabad,true,true,true,true,true,true,true,true,pass,
/material-location/ss-304-flanges-bengaluru.html,Stainless Steel,SS 304,Flanges,Bengaluru,true,true,true,true,true,true,true,true,pass,
/material-location/ss-304-flanges-chakan-pimpri-chinchwad.html,Stainless Steel,SS 304,Flanges,Chakan and Pimpri-Chinchwad,true,true,true,true,true,true,true,true,pass,
/material-location/ss-304-flanges-chennai.html,Stainless Steel,SS 304,Flanges,Chennai,true,true,true,true,true,true,true,true,pass,
/material-location/ss-304-flanges-hyderabad.html,Stainless Steel,SS 304,Flanges,Hyderabad,true,true,true,true,true,true,true,true,pass,
/material-location/ss-304-flanges-vadodara.html,Stainless Steel,SS 304,Flanges,Vadodara,true,true,true,true,true,true,true,true,pass,
/material-location/ss-304-flanges-ankleshwar.html,Stainless Steel,SS 304,Flanges,Ankleshwar,true,true,true,true,true,true,true,true,pass,
/material-location/ss-304-flanges-delhi.html,Stainless Steel,SS 304,Flanges,Delhi NCR,true,true,true,true,true,true,true,true,pass,
/material-location/ss-304-flanges-bharuch.html,Stainless Steel,SS 304,Flanges,Bharuch,true,true,true,true,true,true,true,true,pass,
/material-location/ss-304-flanges-coimbatore.html,Stainless Steel,SS 304,Flanges,Coimbatore,true,true,true,true,true,true,true,true,pass,
/material-location/ss-304-flanges-faridabad.html,Stainless Steel,SS 304,Flanges,Faridabad,true,true,true,true,true,true,true,true,pass,
/material-location/ss-304-flanges-gurugram-manesar.html,Stainless Steel,SS 304,Flanges,Gurugram and Manesar,true,true,true,true,true,true,true,true,pass,
/material-location/ss-304-flanges-vapi.html,Stainless Steel,SS 304,Flanges,Vapi,true,true,true,true,true,true,true,true,pass,
/material-location/ss-304-flanges-visakhapatnam.html,Stainless Steel,SS 304,Flanges,Visakhapatnam,true,true,true,true,true,true,true,true,pass,
/material-location/ss-304-flanges-hosur.html,Stainless Steel,SS 304,Flanges,Hosur,true,true,true,true,true,true,true,true,pass,
/material-location/ss-304-flanges-indore-pithampur.html,Stainless Steel,SS 304,Flanges,Indore and Pithampur,true,true,true,true,true,true,true,true,pass,
/material-location/ss-304-flanges-jamnagar.html,Stainless Steel,SS 304,Flanges,Jamnagar,true,true,true,true,true,true,true,true,pass,
/material-location/ss-304-flanges-jamshedpur.html,Stainless Steel,SS 304,Flanges,Jamshedpur,true,true,true,true,true,true,true,true,pass,
/material-location/ss-304-flanges-navi-mumbai.html,Stainless Steel,SS 304,Flanges,Navi Mumbai,true,true,true,true,true,true,true,true,pass,
/material-location/ss-304-flanges-noida.html,Stainless Steel,SS 304,Flanges,Noida,true,true,true,true,true,true,true,true,pass,
/material-location/ss-304-flanges-sriperumbudur-oragadam.html,Stainless Steel,SS 304,Flanges,Sriperumbudur and Oragadam,true,true,true,true,true,true,true,true,pass,
/material-location/ss-304-flanges-surat.html,Stainless Steel,SS 304,Flanges,Surat,true,true,true,true,true,true,true,true,pass,
/material-location/ss-304-flanges-dholera-sanand.html,Stainless Steel,SS 304,Flanges,Dholera and Sanand,true,true,true,true,true,true,true,true,pass,
/material-location/ss-304-flanges-greater-noida.html,Stainless Steel,SS 304,Flanges,Greater Noida,true,true,true,true,true,true,true,true,pass,
/material-location/ss-304-flanges-kolkata-howrah-durgapur.html,Stainless Steel,SS 304,Flanges,"Kolkata, Howrah and Durgapur",true,true,true,true,true,true,true,true,pass,
/material-location/ss-304-flanges-ludhiana.html,Stainless Steel,SS 304,Flanges,Ludhiana,true,true,true,true,true,true,true,true,pass,
/material-location/ss-304-flanges-thane.html,Stainless Steel,SS 304,Flanges,Thane,true,true,true,true,true,true,true,true,pass,
/material-location/ss-304-flanges-kakinada.html,Stainless Steel,SS 304,Flanges,Kakinada,true,true,true,true,true,true,true,true,pass,
/material-location/ss-304-flanges-rajkot.html,Stainless Steel,SS 304,Flanges,Rajkot,true,true,true,true,true,true,true,true,pass,
/material-location/ss-304-flanges-ghaziabad.html,Stainless Steel,SS 304,Flanges,Ghaziabad,true,true,true,true,true,true,true,true,pass,
/material-location/ss-304-flanges-nashik.html,Stainless Steel,SS 304,Flanges,Nashik,true,true,true,true,true,true,true,true,pass,
/material-location/ss-304-flanges-salem.html,Stainless Steel,SS 304,Flanges,Salem,true,true,true,true,true,true,true,true,pass,
/material-location/ss-304-flanges-tiruchirappalli.html,Stainless Steel,SS 304,Flanges,Tiruchirappalli / Trichy,true,true,true,true,true,true,true,true,pass,
/material-location/ss-304-flanges-chhatrapati-sambhajinagar-aurangabad.html,Stainless Steel,SS 304,Flanges,Chhatrapati Sambhajinagar / Aurangabad,true,true,true,true,true,true,true,true,pass,
/material-location/ss-304-flanges-jaipur.html,Stainless Steel,SS 304,Flanges,Jaipur,true,true,true,true,true,true,true,true,pass,
/material-location/ss-304-flanges-mangaluru.html,Stainless Steel,SS 304,Flanges,Mangaluru,true,true,true,true,true,true,true,true,pass,
/material-location/ss-304-flanges-mysuru.html,Stainless Steel,SS 304,Flanges,Mysuru,true,true,true,true,true,true,true,true,pass,
/material-location/ss-304-flanges-nagpur.html,Stainless Steel,SS 304,Flanges,Nagpur / Butibori,true,true,true,true,true,true,true,true,pass,
/material-location/ss-304-flanges-bhopal-mandideep.html,Stainless Steel,SS 304,Flanges,Bhopal and Mandideep,true,true,true,true,true,true,true,true,pass,
/material-location/ss-304-flanges-vijayawada.html,Stainless Steel,SS 304,Flanges,Vijayawada,true,true,true,true,true,true,true,true,pass,
/material-location/ss-304-flanges-zaheerabad.html,Stainless Steel,SS 304,Flanges,Zaheerabad,true,true,true,true,true,true,true,true,pass,
/material-location/ss-304-pipes-mumbai.html,Stainless Steel,SS 304,Pipes,Mumbai,true,true,true,true,true,true,true,true,pass,
/material-location/ss-304-pipes-pune.html,Stainless Steel,SS 304,Pipes,Pune,true,true,true,true,true,true,true,true,pass,
/material-location/ss-304-pipes-ahmedabad.html,Stainless Steel,SS 304,Pipes,Ahmedabad,true,true,true,true,true,true,true,true,pass,
/material-location/ss-304-pipes-bengaluru.html,Stainless Steel,SS 304,Pipes,Bengaluru,true,true,true,true,true,true,true,true,pass,
/material-location/ss-304-pipes-chakan-pimpri-chinchwad.html,Stainless Steel,SS 304,Pipes,Chakan and Pimpri-Chinchwad,true,true,true,true,true,true,true,true,pass,
/material-location/ss-304-pipes-chennai.html,Stainless Steel,SS 304,Pipes,Chennai,true,true,true,true,true,true,true,true,pass,
/material-location/ss-304-pipes-hyderabad.html,Stainless Steel,SS 304,Pipes,Hyderabad,true,true,true,true,true,true,true,true,pass,
/material-location/ss-304-pipes-vadodara.html,Stainless Steel,SS 304,Pipes,Vadodara,true,true,true,true,true,true,true,true,pass,
/material-location/ss-304-pipes-ankleshwar.html,Stainless Steel,SS 304,Pipes,Ankleshwar,true,true,true,true,true,true,true,true,pass,
/material-location/ss-304-pipes-delhi.html,Stainless Steel,SS 304,Pipes,Delhi NCR,true,true,true,true,true,true,true,true,pass,
/material-location/ss-304-pipes-bharuch.html,Stainless Steel,SS 304,Pipes,Bharuch,true,true,true,true,true,true,true,true,pass,
/material-location/ss-304-pipes-coimbatore.html,Stainless Steel,SS 304,Pipes,Coimbatore,true,true,true,true,true,true,true,true,pass,
/material-location/ss-304-pipes-faridabad.html,Stainless Steel,SS 304,Pipes,Faridabad,true,true,true,true,true,true,true,true,pass,
/material-location/ss-304-pipes-gurugram-manesar.html,Stainless Steel,SS 304,Pipes,Gurugram and Manesar,true,true,true,true,true,true,true,true,pass,
/material-location/ss-304-pipes-vapi.html,Stainless Steel,SS 304,Pipes,Vapi,true,true,true,true,true,true,true,true,pass,
/material-location/ss-304-pipes-visakhapatnam.html,Stainless Steel,SS 304,Pipes,Visakhapatnam,true,true,true,true,true,true,true,true,pass,
/material-location/ss-304-pipes-hosur.html,Stainless Steel,SS 304,Pipes,Hosur,true,true,true,true,true,true,true,true,pass,
/material-location/ss-304-pipes-indore-pithampur.html,Stainless Steel,SS 304,Pipes,Indore and Pithampur,true,true,true,true,true,true,true,true,pass,
/material-location/ss-304-pipes-jamnagar.html,Stainless Steel,SS 304,Pipes,Jamnagar,true,true,true,true,true,true,true,true,pass,
/material-location/ss-304-pipes-jamshedpur.html,Stainless Steel,SS 304,Pipes,Jamshedpur,true,true,true,true,true,true,true,true,pass,
/material-location/ss-304-pipes-navi-mumbai.html,Stainless Steel,SS 304,Pipes,Navi Mumbai,true,true,true,true,true,true,true,true,pass,
/material-location/ss-304-pipes-noida.html,Stainless Steel,SS 304,Pipes,Noida,true,true,true,true,true,true,true,true,pass,
/material-location/ss-304-pipes-sriperumbudur-oragadam.html,Stainless Steel,SS 304,Pipes,Sriperumbudur and Oragadam,true,true,true,true,true,true,true,true,pass,
/material-location/ss-304-pipes-surat.html,Stainless Steel,SS 304,Pipes,Surat,true,true,true,true,true,true,true,true,pass,
/material-location/ss-304-pipes-dholera-sanand.html,Stainless Steel,SS 304,Pipes,Dholera and Sanand,true,true,true,true,true,true,true,true,pass,
/material-location/ss-304-pipes-greater-noida.html,Stainless Steel,SS 304,Pipes,Greater Noida,true,true,true,true,true,true,true,true,pass,
/material-location/ss-304-pipes-kolkata-howrah-durgapur.html,Stainless Steel,SS 304,Pipes,"Kolkata, Howrah and Durgapur",true,true,true,true,true,true,true,true,pass,
/material-location/ss-304-pipes-ludhiana.html,Stainless Steel,SS 304,Pipes,Ludhiana,true,true,true,true,true,true,true,true,pass,
/material-location/ss-304-pipes-thane.html,Stainless Steel,SS 304,Pipes,Thane,true,true,true,true,true,true,true,true,pass,
/material-location/ss-304-pipes-kakinada.html,Stainless Steel,SS 304,Pipes,Kakinada,true,true,true,true,true,true,true,true,pass,
/material-location/ss-304-pipes-rajkot.html,Stainless Steel,SS 304,Pipes,Rajkot,true,true,true,true,true,true,true,true,pass,
/material-location/ss-304-pipes-ghaziabad.html,Stainless Steel,SS 304,Pipes,Ghaziabad,true,true,true,true,true,true,true,true,pass,
/material-location/ss-304-pipes-nashik.html,Stainless Steel,SS 304,Pipes,Nashik,true,true,true,true,true,true,true,true,pass,
/material-location/ss-304-pipes-salem.html,Stainless Steel,SS 304,Pipes,Salem,true,true,true,true,true,true,true,true,pass,
/material-location/ss-304-pipes-tiruchirappalli.html,Stainless Steel,SS 304,Pipes,Tiruchirappalli / Trichy,true,true,true,true,true,true,true,true,pass,
/material-location/ss-304-pipes-chhatrapati-sambhajinagar-aurangabad.html,Stainless Steel,SS 304,Pipes,Chhatrapati Sambhajinagar / Aurangabad,true,true,true,true,true,true,true,true,pass,
/material-location/ss-304-pipes-jaipur.html,Stainless Steel,SS 304,Pipes,Jaipur,true,true,true,true,true,true,true,true,pass,
/material-location/ss-304-pipes-mangaluru.html,Stainless Steel,SS 304,Pipes,Mangaluru,true,true,true,true,true,true,true,true,pass,
/material-location/ss-304-pipes-mysuru.html,Stainless Steel,SS 304,Pipes,Mysuru,true,true,true,true,true,true,true,true,pass,
/material-location/ss-304-pipes-nagpur.html,Stainless Steel,SS 304,Pipes,Nagpur / Butibori,true,true,true,true,true,true,true,true,pass,
/material-location/ss-304-pipes-bhopal-mandideep.html,Stainless Steel,SS 304,Pipes,Bhopal and Mandideep,true,true,true,true,true,true,true,true,pass,
/material-location/ss-304-pipes-vijayawada.html,Stainless Steel,SS 304,Pipes,Vijayawada,true,true,true,true,true,true,true,true,pass,
/material-location/ss-304-pipes-zaheerabad.html,Stainless Steel,SS 304,Pipes,Zaheerabad,true,true,true,true,true,true,true,true,pass,
/material-location/ss-304-plates-mumbai.html,Stainless Steel,SS 304,Plates,Mumbai,true,true,true,true,true,true,true,true,pass,
/material-location/ss-304-plates-pune.html,Stainless Steel,SS 304,Plates,Pune,true,true,true,true,true,true,true,true,pass,
/material-location/ss-304-plates-ahmedabad.html,Stainless Steel,SS 304,Plates,Ahmedabad,true,true,true,true,true,true,true,true,pass,
/material-location/ss-304-round-bars-bengaluru.html,Stainless Steel,SS 304,Round Bars,Bengaluru,true,true,true,true,true,true,true,true,pass,
/material-location/ss-304-plates-chakan-pimpri-chinchwad.html,Stainless Steel,SS 304,Plates,Chakan and Pimpri-Chinchwad,true,true,true,true,true,true,true,true,pass,
/material-location/ss-304-plates-chennai.html,Stainless Steel,SS 304,Plates,Chennai,true,true,true,true,true,true,true,true,pass,
/material-location/ss-304-plates-hyderabad.html,Stainless Steel,SS 304,Plates,Hyderabad,true,true,true,true,true,true,true,true,pass,
/material-location/ss-304-plates-vadodara.html,Stainless Steel,SS 304,Plates,Vadodara,true,true,true,true,true,true,true,true,pass,
/material-location/ss-304-plates-ankleshwar.html,Stainless Steel,SS 304,Plates,Ankleshwar,true,true,true,true,true,true,true,true,pass,
/material-location/ss-304-plates-delhi.html,Stainless Steel,SS 304,Plates,Delhi NCR,true,true,true,true,true,true,true,true,pass,
/material-location/ss-304-plates-bharuch.html,Stainless Steel,SS 304,Plates,Bharuch,true,true,true,true,true,true,true,true,pass,
/material-location/ss-304-plates-coimbatore.html,Stainless Steel,SS 304,Plates,Coimbatore,true,true,true,true,true,true,true,true,pass,
/material-location/ss-304-plates-faridabad.html,Stainless Steel,SS 304,Plates,Faridabad,true,true,true,true,true,true,true,true,pass,
/material-location/ss-304-plates-gurugram-manesar.html,Stainless Steel,SS 304,Plates,Gurugram and Manesar,true,true,true,true,true,true,true,true,pass,
/material-location/ss-304-plates-vapi.html,Stainless Steel,SS 304,Plates,Vapi,true,true,true,true,true,true,true,true,pass,
/material-location/inconel-625-fittings-mumbai.html,Nickel Alloys,Inconel 625,Fittings,Mumbai,true,true,true,true,true,true,true,true,pass,
/material-location/inconel-625-fittings-bengaluru.html,Nickel Alloys,Inconel 625,Fittings,Bengaluru,true,true,true,true,true,true,true,true,pass,
/material-location/inconel-625-fittings-chennai.html,Nickel Alloys,Inconel 625,Fittings,Chennai,true,true,true,true,true,true,true,true,pass,
/material-location/inconel-625-fittings-pune.html,Nickel Alloys,Inconel 625,Fittings,Pune,true,true,true,true,true,true,true,true,pass,
/material-location/inconel-625-fittings-vadodara.html,Nickel Alloys,Inconel 625,Fittings,Vadodara,true,true,true,true,true,true,true,true,pass,
/material-location/inconel-625-fittings-hyderabad.html,Nickel Alloys,Inconel 625,Fittings,Hyderabad,true,true,true,true,true,true,true,true,pass,
/material-location/inconel-625-fittings-ankleshwar.html,Nickel Alloys,Inconel 625,Fittings,Ankleshwar,true,true,true,true,true,true,true,true,pass,
/material-location/inconel-625-fittings-delhi.html,Nickel Alloys,Inconel 625,Fittings,Delhi NCR,true,true,true,true,true,true,true,true,pass,
/material-location/duplex-2205-fittings-bharuch.html,Duplex and Super Duplex Stainless Steel,Duplex 2205,Fittings,Bharuch,true,true,true,true,true,true,true,true,pass,
/material-location/duplex-2205-fittings-coimbatore.html,Duplex and Super Duplex Stainless Steel,Duplex 2205,Fittings,Coimbatore,true,true,true,true,true,true,true,true,pass,
/material-location/inconel-625-fittings-faridabad.html,Nickel Alloys,Inconel 625,Fittings,Faridabad,true,true,true,true,true,true,true,true,pass,
/material-location/inconel-625-fittings-vapi.html,Nickel Alloys,Inconel 625,Fittings,Vapi,true,true,true,true,true,true,true,true,pass,
/material-location/duplex-2205-fittings-visakhapatnam.html,Duplex and Super Duplex Stainless Steel,Duplex 2205,Fittings,Visakhapatnam,true,true,true,true,true,true,true,true,pass,
/material-location/inconel-625-fittings-indore-pithampur.html,Nickel Alloys,Inconel 625,Fittings,Indore and Pithampur,true,true,true,true,true,true,true,true,pass,
/material-location/inconel-625-fittings-jamnagar.html,Nickel Alloys,Inconel 625,Fittings,Jamnagar,true,true,true,true,true,true,true,true,pass,
/material-location/inconel-625-fittings-jamshedpur.html,Nickel Alloys,Inconel 625,Fittings,Jamshedpur,true,true,true,true,true,true,true,true,pass,
/material-location/duplex-2205-fittings-kakinada.html,Duplex and Super Duplex Stainless Steel,Duplex 2205,Fittings,Kakinada,true,true,true,true,true,true,true,true,pass,
/material-location/inconel-625-fittings-mangaluru.html,Nickel Alloys,Inconel 625,Fittings,Mangaluru,true,true,true,true,true,true,true,true,pass,
/material-location/inconel-625-flanges-mumbai.html,Nickel Alloys,Inconel 625,Flanges,Mumbai,true,true,true,true,true,true,true,true,pass,
/material-location/inconel-625-flanges-bengaluru.html,Nickel Alloys,Inconel 625,Flanges,Bengaluru,true,true,true,true,true,true,true,true,pass,
/material-location/inconel-625-flanges-chennai.html,Nickel Alloys,Inconel 625,Flanges,Chennai,true,true,true,true,true,true,true,true,pass,
/material-location/inconel-625-flanges-pune.html,Nickel Alloys,Inconel 625,Flanges,Pune,true,true,true,true,true,true,true,true,pass,
/material-location/inconel-625-flanges-vadodara.html,Nickel Alloys,Inconel 625,Flanges,Vadodara,true,true,true,true,true,true,true,true,pass,
/material-location/inconel-625-flanges-hyderabad.html,Nickel Alloys,Inconel 625,Flanges,Hyderabad,true,true,true,true,true,true,true,true,pass,
/material-location/inconel-625-flanges-ankleshwar.html,Nickel Alloys,Inconel 625,Flanges,Ankleshwar,true,true,true,true,true,true,true,true,pass,
/material-location/inconel-625-flanges-delhi.html,Nickel Alloys,Inconel 625,Flanges,Delhi NCR,true,true,true,true,true,true,true,true,pass,
/material-location/duplex-2205-flanges-bharuch.html,Duplex and Super Duplex Stainless Steel,Duplex 2205,Flanges,Bharuch,true,true,true,true,true,true,true,true,pass,
/material-location/duplex-2205-flanges-coimbatore.html,Duplex and Super Duplex Stainless Steel,Duplex 2205,Flanges,Coimbatore,true,true,true,true,true,true,true,true,pass,
/material-location/inconel-625-flanges-faridabad.html,Nickel Alloys,Inconel 625,Flanges,Faridabad,true,true,true,true,true,true,true,true,pass,
/material-location/inconel-625-flanges-vapi.html,Nickel Alloys,Inconel 625,Flanges,Vapi,true,true,true,true,true,true,true,true,pass,
/material-location/duplex-2205-flanges-visakhapatnam.html,Duplex and Super Duplex Stainless Steel,Duplex 2205,Flanges,Visakhapatnam,true,true,true,true,true,true,true,true,pass,
/material-location/inconel-625-flanges-indore-pithampur.html,Nickel Alloys,Inconel 625,Flanges,Indore and Pithampur,true,true,true,true,true,true,true,true,pass,
/material-location/inconel-625-flanges-jamnagar.html,Nickel Alloys,Inconel 625,Flanges,Jamnagar,true,true,true,true,true,true,true,true,pass,
/material-location/inconel-625-flanges-jamshedpur.html,Nickel Alloys,Inconel 625,Flanges,Jamshedpur,true,true,true,true,true,true,true,true,pass,
/material-location/duplex-2205-flanges-kakinada.html,Duplex and Super Duplex Stainless Steel,Duplex 2205,Flanges,Kakinada,true,true,true,true,true,true,true,true,pass,
/material-location/inconel-625-flanges-mangaluru.html,Nickel Alloys,Inconel 625,Flanges,Mangaluru,true,true,true,true,true,true,true,true,pass,
/export-material/inconel-625-fittings-uae.html,Nickel Alloys,Inconel 625,Fittings,UAE,true,true,true,true,true,true,true,true,pass,
/export-material/inconel-625-fittings-saudi-arabia.html,Nickel Alloys,Inconel 625,Fittings,Saudi Arabia,true,true,true,true,true,true,true,true,pass,
/export-material/inconel-625-fittings-qatar.html,Nickel Alloys,Inconel 625,Fittings,Qatar,true,true,true,true,true,true,true,true,pass,
/export-material/inconel-625-fittings-singapore.html,Nickel Alloys,Inconel 625,Fittings,Singapore,true,true,true,true,true,true,true,true,pass,
/export-material/duplex-2205-fittings-oman.html,Duplex and Super Duplex Stainless Steel,Duplex 2205,Fittings,Oman,true,true,true,true,true,true,true,true,pass,
/export-material/inconel-625-fittings-germany.html,Nickel Alloys,Inconel 625,Fittings,Germany,true,true,true,true,true,true,true,true,pass,
/export-material/duplex-2205-fittings-kuwait.html,Duplex and Super Duplex Stainless Steel,Duplex 2205,Fittings,Kuwait,true,true,true,true,true,true,true,true,pass,
/export-material/duplex-2205-fittings-malaysia.html,Duplex and Super Duplex Stainless Steel,Duplex 2205,Fittings,Malaysia,true,true,true,true,true,true,true,true,pass,
/export-material/inconel-625-fittings-united-states.html,Nickel Alloys,Inconel 625,Fittings,United States,true,true,true,true,true,true,true,true,pass,
/export-material/inconel-625-fittings-australia.html,Nickel Alloys,Inconel 625,Fittings,Australia,true,true,true,true,true,true,true,true,pass,
/export-material/duplex-2205-fittings-netherlands.html,Duplex and Super Duplex Stainless Steel,Duplex 2205,Fittings,Netherlands,true,true,true,true,true,true,true,true,pass,
/export-material/duplex-2205-fittings-thailand.html,Duplex and Super Duplex Stainless Steel,Duplex 2205,Fittings,Thailand,true,true,true,true,true,true,true,true,pass,
/export-material/inconel-625-fittings-united-kingdom.html,Nickel Alloys,Inconel 625,Fittings,United Kingdom,true,true,true,true,true,true,true,true,pass,
/export-material/inconel-625-fittings-vietnam.html,Nickel Alloys,Inconel 625,Fittings,Vietnam,true,true,true,true,true,true,true,true,pass,
/export-material/duplex-2205-fittings-bahrain.html,Duplex and Super Duplex Stainless Steel,Duplex 2205,Fittings,Bahrain,true,true,true,true,true,true,true,true,pass,
/export-material/inconel-625-fittings-indonesia.html,Nickel Alloys,Inconel 625,Fittings,Indonesia,true,true,true,true,true,true,true,true,pass,
/export-material/duplex-2205-fittings-canada.html,Duplex and Super Duplex Stainless Steel,Duplex 2205,Fittings,Canada,true,true,true,true,true,true,true,true,pass,
/export-material/inconel-625-fittings-japan.html,Nickel Alloys,Inconel 625,Fittings,Japan,true,true,true,true,true,true,true,true,pass,
/export-material/duplex-2205-fittings-south-africa.html,Duplex and Super Duplex Stainless Steel,Duplex 2205,Fittings,South Africa,true,true,true,true,true,true,true,true,pass,
/export-material/duplex-2205-fittings-south-korea.html,Duplex and Super Duplex Stainless Steel,Duplex 2205,Fittings,South Korea,true,true,true,true,true,true,true,true,pass,
/export-material/duplex-2205-fittings-italy.html,Duplex and Super Duplex Stainless Steel,Duplex 2205,Fittings,Italy,true,true,true,true,true,true,true,true,pass,
/export-material/inconel-625-fittings-mexico.html,Nickel Alloys,Inconel 625,Fittings,Mexico,true,true,true,true,true,true,true,true,pass,
/export-material/duplex-2205-fittings-philippines.html,Duplex and Super Duplex Stainless Steel,Duplex 2205,Fittings,Philippines,true,true,true,true,true,true,true,true,pass,
/export-material/inconel-625-fittings-spain.html,Nickel Alloys,Inconel 625,Fittings,Spain,true,true,true,true,true,true,true,true,pass,
/export-material/duplex-2205-fittings-egypt.html,Duplex and Super Duplex Stainless Steel,Duplex 2205,Fittings,Egypt,true,true,true,true,true,true,true,true,pass,
/export-material/inconel-625-flanges-uae.html,Nickel Alloys,Inconel 625,Flanges,UAE,true,true,true,true,true,true,true,true,pass,
/export-material/inconel-625-flanges-saudi-arabia.html,Nickel Alloys,Inconel 625,Flanges,Saudi Arabia,true,true,true,true,true,true,true,true,pass,
/export-material/inconel-625-flanges-qatar.html,Nickel Alloys,Inconel 625,Flanges,Qatar,true,true,true,true,true,true,true,true,pass,
/export-material/inconel-625-flanges-singapore.html,Nickel Alloys,Inconel 625,Flanges,Singapore,true,true,true,true,true,true,true,true,pass,
/export-material/duplex-2205-flanges-oman.html,Duplex and Super Duplex Stainless Steel,Duplex 2205,Flanges,Oman,true,true,true,true,true,true,true,true,pass,
/export-material/inconel-625-flanges-germany.html,Nickel Alloys,Inconel 625,Flanges,Germany,true,true,true,true,true,true,true,true,pass,
/export-material/duplex-2205-flanges-kuwait.html,Duplex and Super Duplex Stainless Steel,Duplex 2205,Flanges,Kuwait,true,true,true,true,true,true,true,true,pass,
/export-material/duplex-2205-flanges-malaysia.html,Duplex and Super Duplex Stainless Steel,Duplex 2205,Flanges,Malaysia,true,true,true,true,true,true,true,true,pass,
/export-material/inconel-625-flanges-united-states.html,Nickel Alloys,Inconel 625,Flanges,United States,true,true,true,true,true,true,true,true,pass,
/export-material/inconel-625-flanges-australia.html,Nickel Alloys,Inconel 625,Flanges,Australia,true,true,true,true,true,true,true,true,pass,
/export-material/duplex-2205-flanges-netherlands.html,Duplex and Super Duplex Stainless Steel,Duplex 2205,Flanges,Netherlands,true,true,true,true,true,true,true,true,pass,
/material-location/hss-m2-round-bars-pune.html,High Speed Steel,HSS M2,Round Bars,Pune,true,true,true,true,true,true,true,true,pass,
/material-location/hss-m2-round-bars-ahmedabad.html,High Speed Steel,HSS M2,Round Bars,Ahmedabad,true,true,true,true,true,true,true,true,pass,
/material-location/hss-m2-round-bars-bengaluru.html,High Speed Steel,HSS M2,Round Bars,Bengaluru,true,true,true,true,true,true,true,true,pass,
/material-location/hss-m2-round-bars-chakan-pimpri-chinchwad.html,High Speed Steel,HSS M2,Round Bars,Chakan and Pimpri-Chinchwad,true,true,true,true,true,true,true,true,pass,
/material-location/hss-m2-round-bars-chennai.html,High Speed Steel,HSS M2,Round Bars,Chennai,true,true,true,true,true,true,true,true,pass,
/material-location/hss-m2-round-bars-hyderabad.html,High Speed Steel,HSS M2,Round Bars,Hyderabad,true,true,true,true,true,true,true,true,pass,
/material-location/hss-m2-round-bars-coimbatore.html,High Speed Steel,HSS M2,Round Bars,Coimbatore,true,true,true,true,true,true,true,true,pass,
/material-location/hss-m2-round-bars-faridabad.html,High Speed Steel,HSS M2,Round Bars,Faridabad,true,true,true,true,true,true,true,true,pass,
/material-location/hss-m2-round-bars-gurugram-manesar.html,High Speed Steel,HSS M2,Round Bars,Gurugram and Manesar,true,true,true,true,true,true,true,true,pass,
/material-location/hss-m2-round-bars-jamshedpur.html,High Speed Steel,HSS M2,Round Bars,Jamshedpur,true,true,true,true,true,true,true,true,pass,
/material-location/aluminium-6061-fittings-mumbai.html,Aluminium,Aluminium 6061,Fittings,Mumbai,true,true,true,true,true,true,true,true,pass,
/material-location/aluminium-6061-fittings-bengaluru.html,Aluminium,Aluminium 6061,Fittings,Bengaluru,true,true,true,true,true,true,true,true,pass,
/material-location/aluminium-6061-fittings-chennai.html,Aluminium,Aluminium 6061,Fittings,Chennai,true,true,true,true,true,true,true,true,pass,
/material-location/aluminium-6061-fittings-pune.html,Aluminium,Aluminium 6061,Fittings,Pune,true,true,true,true,true,true,true,true,pass,
/material-location/aluminium-6061-fittings-vadodara.html,Aluminium,Aluminium 6061,Fittings,Vadodara,true,true,true,true,true,true,true,true,pass,
/material-location/aluminium-6061-fittings-ahmedabad.html,Aluminium,Aluminium 6061,Fittings,Ahmedabad,true,true,true,true,true,true,true,true,pass,
/material-location/aluminium-6061-fittings-hyderabad.html,Aluminium,Aluminium 6061,Fittings,Hyderabad,true,true,true,true,true,true,true,true,pass,
/material-location/aluminium-6061-fittings-delhi.html,Aluminium,Aluminium 6061,Fittings,Delhi NCR,true,true,true,true,true,true,true,true,pass,
/material-location/aluminium-6061-fittings-coimbatore.html,Aluminium,Aluminium 6061,Fittings,Coimbatore,true,true,true,true,true,true,true,true,pass,
/material-location/aluminium-6061-fittings-faridabad.html,Aluminium,Aluminium 6061,Fittings,Faridabad,true,true,true,true,true,true,true,true,pass,
/export-material/aluminium-6061-flanges-uae.html,Aluminium,Aluminium 6061,Flanges,UAE,true,true,true,true,true,true,true,true,pass,
/export-material/aluminium-6061-flanges-saudi-arabia.html,Aluminium,Aluminium 6061,Flanges,Saudi Arabia,true,true,true,true,true,true,true,true,pass,
/export-material/aluminium-6061-flanges-qatar.html,Aluminium,Aluminium 6061,Flanges,Qatar,true,true,true,true,true,true,true,true,pass,
/export-material/aluminium-6061-flanges-singapore.html,Aluminium,Aluminium 6061,Flanges,Singapore,true,true,true,true,true,true,true,true,pass,
/material-location/ss-316l-fittings-chennai.html,Stainless Steel,SS 316L,fittings,Chennai,true,true,true,true,true,true,true,true,pass,
/material-location/ss-316-flanges-hyderabad.html,Stainless Steel,SS 316,flanges,Hyderabad,true,true,true,true,true,true,true,true,pass,
/material-location/ss-304-coils-mumbai.html,Stainless Steel,SS 304,coils,Mumbai,true,true,true,true,true,true,true,true,pass,
/material-location/ss-304-sheets-mumbai.html,Stainless Steel,SS 304,sheets,Mumbai,true,true,true,true,true,true,true,true,pass,
/material-location/ss-316-pipes-mumbai.html,Stainless Steel,SS 316,pipes,Mumbai,true,true,true,true,true,true,true,true,pass,
/material-location/ss-316l-pipes-pune.html,Stainless Steel,SS 316L,pipes,Pune,true,true,true,true,true,true,true,true,pass,
/material-location/ss-304-welded-pipes-mumbai.html,Stainless Steel,SS 304,welded pipes,Mumbai,true,true,true,true,true,true,true,true,pass,
/material-location/ss-304-seamless-pipes-mumbai.html,Stainless Steel,SS 304,seamless pipes,Mumbai,true,true,true,true,true,true,true,true,pass,
/material-location/ss-310-plates-pune.html,Stainless Steel,SS 310,plates,Pune,true,true,true,true,true,true,true,true,pass,
/material-location/ss-410-round-bars-rajkot.html,Stainless Steel,SS 410,round bars,Rajkot,true,true,true,true,true,true,true,true,pass,
/material-location/ss-430-sheets-delhi.html,Stainless Steel,SS 430,sheets,Delhi,true,true,true,true,true,true,true,true,pass,
/material-location/ss-304-perforated-sheets-ahmedabad.html,Stainless Steel,SS 304,perforated sheets,Ahmedabad,true,true,true,true,true,true,true,true,pass,
/material-location/ss-316-wire-mesh-bengaluru.html,Stainless Steel,SS 316,wire mesh,Bengaluru,true,true,true,true,true,true,true,true,pass,
/material-location/ss-304l-sheets-mumbai.html,Stainless Steel,SS 304L,sheets,Mumbai,true,true,true,true,true,true,true,true,pass,
/material-location/ss-316-plates-mumbai.html,Stainless Steel,SS 316,plates,Mumbai,true,true,true,true,true,true,true,true,pass,
/material-location/ss-316l-tubes-chennai.html,Stainless Steel,SS 316L,tubes,Chennai,true,true,true,true,true,true,true,true,pass,
/material-location/ss-304-fasteners-pune.html,Stainless Steel,SS 304,fasteners,Pune,true,true,true,true,true,true,true,true,pass,
/material-location/ss-316l-fittings-mumbai.html,Stainless Steel,SS 316L,fittings,Mumbai,true,true,true,true,true,true,true,true,pass,
/material-location/ss-316-flanges-chennai.html,Stainless Steel,SS 316,flanges,Chennai,true,true,true,true,true,true,true,true,pass,
/material-location/ss-304-coils-ahmedabad.html,Stainless Steel,SS 304,coils,Ahmedabad,true,true,true,true,true,true,true,true,pass,
/material-location/ss-304-sheets-pune.html,Stainless Steel,SS 304,sheets,Pune,true,true,true,true,true,true,true,true,pass,
/material-location/ss-316-pipes-chennai.html,Stainless Steel,SS 316,pipes,Chennai,true,true,true,true,true,true,true,true,pass,
/material-location/ss-316l-pipes-mumbai.html,Stainless Steel,SS 316L,pipes,Mumbai,true,true,true,true,true,true,true,true,pass,
/material-location/ss-304-welded-pipes-pune.html,Stainless Steel,SS 304,welded pipes,Pune,true,true,true,true,true,true,true,true,pass,
/material-location/ss-304-seamless-pipes-vadodara.html,Stainless Steel,SS 304,seamless pipes,Vadodara,true,true,true,true,true,true,true,true,pass,
/material-location/ss-310-plates-mumbai.html,Stainless Steel,SS 310,plates,Mumbai,true,true,true,true,true,true,true,true,pass,
/material-location/ss-410-round-bars-pune.html,Stainless Steel,SS 410,round bars,Pune,true,true,true,true,true,true,true,true,pass,
/material-location/ss-430-sheets-chennai.html,Stainless Steel,SS 430,sheets,Chennai,true,true,true,true,true,true,true,true,pass,
/material-location/ss-304-perforated-sheets-mumbai.html,Stainless Steel,SS 304,perforated sheets,Mumbai,true,true,true,true,true,true,true,true,pass,
/material-location/ss-316-wire-mesh-mumbai.html,Stainless Steel,SS 316,wire mesh,Mumbai,true,true,true,true,true,true,true,true,pass,
/material-location/ss-304l-sheets-pune.html,Stainless Steel,SS 304L,sheets,Pune,true,true,true,true,true,true,true,true,pass,
/material-location/ss-316-plates-pune.html,Stainless Steel,SS 316,plates,Pune,true,true,true,true,true,true,true,true,pass,
/material-location/ss-316l-tubes-mumbai.html,Stainless Steel,SS 316L,tubes,Mumbai,true,true,true,true,true,true,true,true,pass,
/material-location/ss-304-fasteners-faridabad.html,Stainless Steel,SS 304,fasteners,Faridabad,true,true,true,true,true,true,true,true,pass,
/material-location/ss-316l-fittings-pune.html,Stainless Steel,SS 316L,fittings,Pune,true,true,true,true,true,true,true,true,pass,
/material-location/ss-316-flanges-pune.html,Stainless Steel,SS 316,flanges,Pune,true,true,true,true,true,true,true,true,pass,
/material-location/ss-304-coils-chennai.html,Stainless Steel,SS 304,coils,Chennai,true,true,true,true,true,true,true,true,pass,
/material-location/ss-304-sheets-chennai.html,Stainless Steel,SS 304,sheets,Chennai,true,true,true,true,true,true,true,true,pass,
/material-location/ss-316-pipes-hyderabad.html,Stainless Steel,SS 316,pipes,Hyderabad,true,true,true,true,true,true,true,true,pass,
/material-location/ss-316l-pipes-chennai.html,Stainless Steel,SS 316L,pipes,Chennai,true,true,true,true,true,true,true,true,pass,
/material-location/ss-304-welded-pipes-ahmedabad.html,Stainless Steel,SS 304,welded pipes,Ahmedabad,true,true,true,true,true,true,true,true,pass,
/material-location/ss-304-seamless-pipes-chennai.html,Stainless Steel,SS 304,seamless pipes,Chennai,true,true,true,true,true,true,true,true,pass,
/material-location/ss-310-plates-chennai.html,Stainless Steel,SS 310,plates,Chennai,true,true,true,true,true,true,true,true,pass,
/material-location/ss-410-round-bars-coimbatore.html,Stainless Steel,SS 410,round bars,Coimbatore,true,true,true,true,true,true,true,true,pass,
/material-location/ss-420-rods-faridabad.html,Stainless Steel,SS 420,rods,Faridabad,true,true,true,true,true,true,true,true,pass,
/material-location/ss-430-sheets-ahmedabad.html,Stainless Steel,SS 430,sheets,Ahmedabad,true,true,true,true,true,true,true,true,pass,
/material-location/ss-304-perforated-sheets-pune.html,Stainless Steel,SS 304,perforated sheets,Pune,true,true,true,true,true,true,true,true,pass,
/material-location/ss-316-wire-mesh-hyderabad.html,Stainless Steel,SS 316,wire mesh,Hyderabad,true,true,true,true,true,true,true,true,pass,
/material-location/ss-304l-sheets-chennai.html,Stainless Steel,SS 304L,sheets,Chennai,true,true,true,true,true,true,true,true,pass,
/material-location/ss-316-plates-chennai.html,Stainless Steel,SS 316,plates,Chennai,true,true,true,true,true,true,true,true,pass,
/material-location/ss-316l-tubes-pune.html,Stainless Steel,SS 316L,tubes,Pune,true,true,true,true,true,true,true,true,pass,
/material-location/ss-304-fasteners-chennai.html,Stainless Steel,SS 304,fasteners,Chennai,true,true,true,true,true,true,true,true,pass,
/material-location/ss-316l-fittings-hyderabad.html,Stainless Steel,SS 316L,fittings,Hyderabad,true,true,true,true,true,true,true,true,pass,
/material-location/ss-316-flanges-ahmedabad.html,Stainless Steel,SS 316,flanges,Ahmedabad,true,true,true,true,true,true,true,true,pass,
/material-location/ss-304-coils-bengaluru.html,Stainless Steel,SS 304,coils,Bengaluru,true,true,true,true,true,true,true,true,pass,
/material-location/ss-304-sheets-hyderabad.html,Stainless Steel,SS 304,sheets,Hyderabad,true,true,true,true,true,true,true,true,pass,
/material-location/ss-316-pipes-vadodara.html,Stainless Steel,SS 316,pipes,Vadodara,true,true,true,true,true,true,true,true,pass,
/material-location/ss-316l-pipes-bengaluru.html,Stainless Steel,SS 316L,pipes,Bengaluru,true,true,true,true,true,true,true,true,pass,
/material-location/ss-304-welded-pipes-hyderabad.html,Stainless Steel,SS 304,welded pipes,Hyderabad,true,true,true,true,true,true,true,true,pass,
/material-location/ss-304-seamless-pipes-ankleshwar.html,Stainless Steel,SS 304,seamless pipes,Ankleshwar,true,true,true,true,true,true,true,true,pass,
/material-location/ss-310-plates-vadodara.html,Stainless Steel,SS 310,plates,Vadodara,true,true,true,true,true,true,true,true,pass,
/material-location/ss-410-round-bars-faridabad.html,Stainless Steel,SS 410,round bars,Faridabad,true,true,true,true,true,true,true,true,pass,
/material-location/ss-420-rods-pune.html,Stainless Steel,SS 420,rods,Pune,true,true,true,true,true,true,true,true,pass,
/material-location/ss-430-sheets-mumbai.html,Stainless Steel,SS 430,sheets,Mumbai,true,true,true,true,true,true,true,true,pass,
/material-location/ss-304-perforated-sheets-chennai.html,Stainless Steel,SS 304,perforated sheets,Chennai,true,true,true,true,true,true,true,true,pass,
/material-location/ss-316-wire-mesh-chennai.html,Stainless Steel,SS 316,wire mesh,Chennai,true,true,true,true,true,true,true,true,pass,
/material-location/ss-304l-sheets-ahmedabad.html,Stainless Steel,SS 304L,sheets,Ahmedabad,true,true,true,true,true,true,true,true,pass,
/material-location/ss-316-plates-hyderabad.html,Stainless Steel,SS 316,plates,Hyderabad,true,true,true,true,true,true,true,true,pass,
/material-location/ss-316l-tubes-hyderabad.html,Stainless Steel,SS 316L,tubes,Hyderabad,true,true,true,true,true,true,true,true,pass,
/material-location/ss-304-fasteners-bengaluru.html,Stainless Steel,SS 304,fasteners,Bengaluru,true,true,true,true,true,true,true,true,pass,
/material-location/ss-316l-fittings-vadodara.html,Stainless Steel,SS 316L,fittings,Vadodara,true,true,true,true,true,true,true,true,pass,
/material-location/ss-316-flanges-bengaluru.html,Stainless Steel,SS 316,flanges,Bengaluru,true,true,true,true,true,true,true,true,pass,
/material-location/inconel-625-plates-mumbai.html,Nickel Alloys,Inconel 625,plates,Mumbai,true,true,true,true,true,true,true,true,pass,
/material-location/inconel-718-round-bars-pune.html,Nickel Alloys,Inconel 718,round bars,Pune,true,true,true,true,true,true,true,true,pass,
/material-location/hastelloy-c276-fittings-chennai.html,Nickel Alloys,Hastelloy C276,fittings,Chennai,true,true,true,true,true,true,true,true,pass,
/material-location/duplex-2205-plates-ahmedabad.html,Duplex & Super Duplex,Duplex 2205,plates,Ahmedabad,true,true,true,true,true,true,true,true,pass,
/material-location/super-duplex-2507-pipes-chennai.html,Duplex & Super Duplex,Super Duplex 2507,pipes,Chennai,true,true,true,true,true,true,true,true,pass,
/material-location/super-duplex-2507-flanges-mumbai.html,Duplex & Super Duplex,Super Duplex 2507,flanges,Mumbai,true,true,true,true,true,true,true,true,pass,
/export-material/duplex-2205-pipes-saudi-arabia.html,Duplex & Super Duplex,Duplex 2205,pipes,Saudi Arabia,true,true,true,true,true,true,true,true,pass,
/export-material/super-duplex-2507-flanges-qatar.html,Duplex & Super Duplex,Super Duplex 2507,flanges,Qatar,true,true,true,true,true,true,true,true,pass,
/export-material/hastelloy-c276-plates-singapore.html,Nickel Alloys,Hastelloy C276,plates,Singapore,true,true,true,true,true,true,true,true,pass,
/export-material/inconel-625-plates-oman.html,Nickel Alloys,Inconel 625,plates,Oman,true,true,true,true,true,true,true,true,pass,
/material-location/inconel-625-plates-pune.html,Nickel Alloys,Inconel 625,plates,Pune,true,true,true,true,true,true,true,true,pass,
/material-location/inconel-718-round-bars-bengaluru.html,Nickel Alloys,Inconel 718,round bars,Bengaluru,true,true,true,true,true,true,true,true,pass,
/material-location/hastelloy-c276-fittings-ankleshwar.html,Nickel Alloys,Hastelloy C276,fittings,Ankleshwar,true,true,true,true,true,true,true,true,pass,
/material-location/duplex-2205-plates-mumbai.html,Duplex & Super Duplex,Duplex 2205,plates,Mumbai,true,true,true,true,true,true,true,true,pass,
/material-location/super-duplex-2507-pipes-mumbai.html,Duplex & Super Duplex,Super Duplex 2507,pipes,Mumbai,true,true,true,true,true,true,true,true,pass,
/material-location/super-duplex-2507-flanges-vadodara.html,Duplex & Super Duplex,Super Duplex 2507,flanges,Vadodara,true,true,true,true,true,true,true,true,pass,
/export-material/duplex-2205-pipes-uae.html,Duplex & Super Duplex,Duplex 2205,pipes,UAE,true,true,true,true,true,true,true,true,pass,
/export-material/super-duplex-2507-flanges-saudi-arabia.html,Duplex & Super Duplex,Super Duplex 2507,flanges,Saudi Arabia,true,true,true,true,true,true,true,true,pass,
/export-material/hastelloy-c276-plates-germany.html,Nickel Alloys,Hastelloy C276,plates,Germany,true,true,true,true,true,true,true,true,pass,
/export-material/inconel-625-plates-saudi-arabia.html,Nickel Alloys,Inconel 625,plates,Saudi Arabia,true,true,true,true,true,true,true,true,pass,
/material-location/inconel-625-plates-chennai.html,Nickel Alloys,Inconel 625,plates,Chennai,true,true,true,true,true,true,true,true,pass,
/material-location/inconel-718-round-bars-chennai.html,Nickel Alloys,Inconel 718,round bars,Chennai,true,true,true,true,true,true,true,true,pass,
/material-location/hastelloy-c276-fittings-vadodara.html,Nickel Alloys,Hastelloy C276,fittings,Vadodara,true,true,true,true,true,true,true,true,pass,
/material-location/duplex-2205-plates-bharuch.html,Duplex & Super Duplex,Duplex 2205,plates,Bharuch,true,true,true,true,true,true,true,true,pass,
/material-location/super-duplex-2507-pipes-vadodara.html,Duplex & Super Duplex,Super Duplex 2507,pipes,Vadodara,true,true,true,true,true,true,true,true,pass,
/material-location/super-duplex-2507-flanges-chennai.html,Duplex & Super Duplex,Super Duplex 2507,flanges,Chennai,true,true,true,true,true,true,true,true,pass,
/export-material/duplex-2205-pipes-qatar.html,Duplex & Super Duplex,Duplex 2205,pipes,Qatar,true,true,true,true,true,true,true,true,pass,
/export-material/super-duplex-2507-flanges-oman.html,Duplex & Super Duplex,Super Duplex 2507,flanges,Oman,true,true,true,true,true,true,true,true,pass,
/export-material/hastelloy-c276-plates-uae.html,Nickel Alloys,Hastelloy C276,plates,UAE,true,true,true,true,true,true,true,true,pass,
/export-material/inconel-625-plates-qatar.html,Nickel Alloys,Inconel 625,plates,Qatar,true,true,true,true,true,true,true,true,pass,
/material-location/inconel-625-plates-hyderabad.html,Nickel Alloys,Inconel 625,plates,Hyderabad,true,true,true,true,true,true,true,true,pass,
/material-location/inconel-718-round-bars-hyderabad.html,Nickel Alloys,Inconel 718,round bars,Hyderabad,true,true,true,true,true,true,true,true,pass,
/material-location/hastelloy-c276-fittings-hyderabad.html,Nickel Alloys,Hastelloy C276,fittings,Hyderabad,true,true,true,true,true,true,true,true,pass,
/material-location/duplex-2205-plates-jamnagar.html,Duplex & Super Duplex,Duplex 2205,plates,Jamnagar,true,true,true,true,true,true,true,true,pass,
/material-location/super-duplex-2507-pipes-kakinada.html,Duplex & Super Duplex,Super Duplex 2507,pipes,Kakinada,true,true,true,true,true,true,true,true,pass,
/material-location/super-duplex-2507-flanges-bharuch.html,Duplex & Super Duplex,Super Duplex 2507,flanges,Bharuch,true,true,true,true,true,true,true,true,pass,
/material-location/hss-m35-round-bars-pune.html,High Speed Steel,HSS M35,round bars,Pune,true,true,true,true,true,true,true,true,pass,
/material-location/hss-m42-tool-steel-bars-chennai.html,High Speed Steel,HSS M42,tool steel bars,Chennai,true,true,true,true,true,true,true,true,pass,
/material-location/hss-m2-flats-coimbatore.html,High Speed Steel,HSS M2,flats,Coimbatore,true,true,true,true,true,true,true,true,pass,
/material-location/aluminium-6061-plates-chennai.html,Aluminium,Aluminium 6061,plates,Chennai,true,true,true,true,true,true,true,true,pass,
/material-location/hss-m35-round-bars-bengaluru.html,High Speed Steel,HSS M35,round bars,Bengaluru,true,true,true,true,true,true,true,true,pass,
/material-location/hss-m42-tool-steel-bars-pune.html,High Speed Steel,HSS M42,tool steel bars,Pune,true,true,true,true,true,true,true,true,pass,
/material-location/aluminium-6061-plates-mumbai.html,Aluminium,Aluminium 6061,plates,Mumbai,true,true,true,true,true,true,true,true,pass,
/material-location/hss-m35-round-bars-chennai.html,High Speed Steel,HSS M35,round bars,Chennai,true,true,true,true,true,true,true,true,pass,
/material-location/hss-m42-tool-steel-bars-faridabad.html,High Speed Steel,HSS M42,tool steel bars,Faridabad,true,true,true,true,true,true,true,true,pass,
/material-location/hss-m2-flats-pune.html,High Speed Steel,HSS M2,flats,Pune,true,true,true,true,true,true,true,true,pass,
/material-location/aluminium-6061-plates-bengaluru.html,Aluminium,Aluminium 6061,plates,Bengaluru,true,true,true,true,true,true,true,true,pass,
/material-location/hss-m35-round-bars-coimbatore.html,High Speed Steel,HSS M35,round bars,Coimbatore,true,true,true,true,true,true,true,true,pass,
