country,region,primary_material_focus,secondary_material_focus,forms_to_prioritize,industry_basis,existing_export_page,proposed_page_type,risk_notes,priority
UAE,Middle East / GCC,Stainless Steel,Duplex & Super Duplex | Nickel Alloys | Aluminium,"pipes, plates, sheets, flanges, fittings, aluminium sheets","oil and gas, marine, process equipment, infrastructure and fabrication",yes: /export/uae.html,export combo pages,Existing country page; build material/form/country pages only.,High
Saudi Arabia,Middle East / GCC,Duplex & Super Duplex,Nickel Alloys | Stainless Steel | Aluminium,"pipes, plates, flanges, fittings, fasteners","oil and gas, seawater service, infrastructure, process projects",yes: /export/saudi-arabia.html,export combo pages,Existing country page; avoid any delivery promise.,High
Qatar,Middle East / GCC,Duplex & Super Duplex,Stainless Steel | Nickel Alloys,"pipes, fittings, flanges, plates","oil and gas, marine, desalination and infrastructure",yes: /export/qatar.html,export combo pages,Existing country page; keep content RFQ-led.,High
Oman,Middle East / GCC,Duplex & Super Duplex,Stainless Steel | Nickel Alloys,"pipes, fittings, plates, flanges","marine, oil and gas, process industries",yes: /export/oman.html,export combo pages,Existing country page; medium-high opportunity.,Medium
Kuwait,Middle East / GCC,Nickel Alloys,Duplex & Super Duplex | Stainless Steel,"flanges, fittings, pipes, fasteners",oil and gas and process projects,yes: /export/kuwait.html,export combo pages,Existing country page; avoid approval claims.,Medium
Bahrain,Middle East / GCC,Stainless Steel,Duplex & Super Duplex | Aluminium,"sheets, plates, pipes, fittings","industrial projects, marine and infrastructure",yes: /export/bahrain.html,export combo pages,"Existing country page; smaller market, choose focused combos.",Medium
Singapore,Asia / ASEAN,Nickel Alloys,Stainless Steel | Copper | Duplex & Super Duplex,"sheets, tubes, pipes, fittings, copper tubes","marine, process, precision engineering and regional trade",yes: /export/singapore.html,export combo pages,Existing country page; high for nickel and copper tube content.,High
Malaysia,Asia / ASEAN,Stainless Steel,Nickel Alloys | Aluminium | Copper,"pipes, sheets, plates, fittings, aluminium sheets","process equipment, electrical and construction supply",yes: /export/malaysia.html,export combo pages,Existing country page; medium-high.,Medium
Indonesia,Asia / ASEAN,Stainless Steel,Nickel Alloys | Duplex & Super Duplex,"pipes, plates, fittings, flanges","process, marine, infrastructure and energy projects",no existing export page,new export country hub plus later combo pages,No existing export page; build only after stronger existing-country combos.,Medium
Thailand,Asia / ASEAN,Stainless Steel,Aluminium | Copper | Nickel Alloys,"sheets, plates, rods, tubes","auto, electrical, process and fabrication demand",yes: /export/thailand.html,export combo pages,Existing country page; use combo pages.,Medium
Vietnam,Asia / ASEAN,Stainless Steel,Aluminium | Copper | Duplex & Super Duplex,"pipes, sheets, plates, fittings","industrial expansion, infrastructure and process supply",yes: /export/vietnam.html,export combo pages,Existing country page; medium-high.,Medium
Philippines,Asia / ASEAN,Stainless Steel,Aluminium | Copper,"sheets, plates, tubes, fittings","infrastructure, marine and commercial fabrication",no existing export page,new export country hub plus later combo pages,No existing export page; medium after ASEAN first set.,Medium
South Korea,East Asia,Nickel Alloys,Stainless Steel | Copper,"rods, sheets, plates, tubes","engineering, marine, electrical and high-spec procurement",no existing export page,new export country hub plus later combo pages,No existing page; high-value but content must be careful.,Medium
Japan,East Asia,Nickel Alloys,Stainless Steel | Copper | Aluminium,"bars, sheets, tubes, plates","precision engineering, marine and process equipment",no existing export page,new export country hub plus later combo pages,"No existing page; high quality expectations, avoid broad page.",Medium
Taiwan,East Asia,Stainless Steel,Copper | Nickel Alloys | Aluminium,"sheets, tubes, rods, plates","electronics, engineering and marine supply chains",no existing export page,new export country hub plus later combo pages,No existing page; medium priority.,Medium
Germany,Europe,Stainless Steel,Nickel Alloys | Aluminium,"bars, rods, sheets, plates, tubes","engineering, auto, process and machinery supply",yes: /export/germany.html,export combo pages,Existing country page; high for precise form pages.,High
Netherlands,Europe,Stainless Steel,Nickel Alloys | Aluminium,"wire mesh, sheets, plates, pipes","trade, port-linked distribution and engineering",yes: /export/netherlands.html,export combo pages,Existing country page; strong for SS export search.,High
United Kingdom,Europe,Stainless Steel,Nickel Alloys | Brass,"sheets, plates, tubes, rods","engineering, process equipment and commercial fabrication",yes: /export/uk.html,export combo pages,Existing country page; medium-high.,Medium
Italy,Europe,Stainless Steel,Aluminium | Nickel Alloys,"wire mesh, sheets, rods, tubes","engineering, machinery and stainless wire/mesh demand",no existing export page,new export country hub plus later combo pages,No existing page; strong evidence for SS wire/mesh exports.,Medium
Spain,Europe,Stainless Steel,Aluminium | Copper,"sheets, plates, tubes, wire mesh","engineering, marine, architecture and infrastructure",no existing export page,new export country hub plus later combo pages,No existing page; medium.,Medium
Poland,Europe,Stainless Steel,Carbon Steel | Aluminium,"wire mesh, sheets, plates, pipes",industrial and infrastructure supply,no existing export page,new export country hub plus later combo pages,No existing page; medium-low.,Low
United States,Americas,Stainless Steel,Nickel Alloys | Aluminium | Copper,"wire mesh, rods, sheets, plates, tubes","engineering, industrial machinery, electrical and process sectors",yes: /export/usa.html,export combo pages,"Existing country page; high search value, higher content bar.",High
Canada,Americas,Stainless Steel,Aluminium | Nickel Alloys,"sheets, plates, pipes, rods","energy, infrastructure, marine and engineering",no existing export page,new export country hub plus later combo pages,No existing page; medium.,Medium
Mexico,Americas,Stainless Steel,Aluminium | Carbon Steel,"sheets, plates, rods, pipes",auto and engineering supply chains,no existing export page,new export country hub plus later combo pages,No existing page; high industrial relevance but later batch.,Medium
Brazil,Americas,Stainless Steel,Carbon Steel | Aluminium,"wire mesh, sheets, plates, pipes","engineering, energy and infrastructure",no existing export page,new export country hub plus later combo pages,No existing page; medium.,Medium
South Africa,Africa / Indian Ocean,Stainless Steel,Carbon Steel | Aluminium,"wire mesh, sheets, plates, pipes","mining, engineering and infrastructure supply",no existing export page,new export country hub plus later combo pages,No existing page; medium.,Medium
Egypt,Africa / Indian Ocean,Stainless Steel,Carbon Steel | Aluminium,"pipes, plates, sheets, fittings","infrastructure, process and construction-linked procurement",no existing export page,new export country hub plus later combo pages,No existing page; medium-low.,Low
Kenya,Africa / Indian Ocean,Stainless Steel,Aluminium | Carbon Steel,"sheets, pipes, plates, fittings",infrastructure and commercial fabrication,no existing export page,new export country hub plus later combo pages,No existing page; lower than South Africa/Egypt.,Low
Tanzania,Africa / Indian Ocean,Stainless Steel,Aluminium | Carbon Steel,"sheets, pipes, plates",infrastructure and marine-adjacent procurement,no existing export page,new export country hub plus later combo pages,No existing page; low until demand is validated.,Low
Nigeria,Africa / Indian Ocean,Stainless Steel,Carbon Steel | Aluminium,"pipes, sheets, plates, fittings","oil and gas, infrastructure and engineering",no existing export page,new export country hub plus later combo pages,No existing page; content needs strong RFQ proof.,Medium
Mauritius,Africa / Indian Ocean,Stainless Steel,Aluminium | Brass,"sheets, tubes, rods, fittings","marine, hospitality interiors and commercial fabrication",no existing export page,new export country hub plus later combo pages,"No existing page; niche market, lower priority.",Low
Australia,Oceania,Stainless Steel,Aluminium | Nickel Alloys,"wire mesh, sheets, plates, rods","engineering, infrastructure, marine and mining supply",yes: /export/australia.html,export combo pages,Existing country page; medium-high.,Medium
New Zealand,Oceania,Stainless Steel,Aluminium | Copper,"sheets, tubes, rods, wire mesh","marine, food processing and commercial fabrication",no existing export page,new export country hub plus later combo pages,No existing page; low-medium after Australia.,Low
