url,page_type,incoming_links,outgoing_links,linking_hubs,shortest_click_depth,broken_links,orphan,status,recommended_action
/,homepage,634,69,material-location.html|export-material.html|hss-location.html,0,,false,pass,none
/about-us.html,site-page,634,37,material-location.html|export-material.html|hss-location.html,1,,false,pass,none
/industries.html,site-page,634,81,material-location.html|export-material.html|hss-location.html,1,,false,pass,none
/quotation.html,site-page,634,40,material-location.html|export-material.html|hss-location.html,1,,false,pass,none
/contact.html,site-page,634,37,material-location.html|export-material.html|hss-location.html,1,,false,pass,none
/locations.html,site-page,634,108,material-location.html|export-material.html|hss-location.html,1,,false,pass,none
/export.html,site-page,634,56,material-location.html|export-material.html|hss-location.html,1,,false,pass,none
/materials/stainless-steel.html,materials,634,82,material-location.html|export-material.html|hss-location.html,1,,false,pass,none
/materials/stainless-steel-supplier-mumbai.html,materials,3,41,,2,,false,pass,none
/materials/ss-201-supplier-india.html,materials,3,41,,2,,false,pass,none
/materials/ss-202-supplier-india.html,materials,3,41,,2,,false,pass,none
/materials/ss-304-supplier-india.html,materials,281,41,,1,,false,pass,none
/materials/ss-304l-supplier-india.html,materials,23,40,,2,,false,pass,none
/materials/ss-309-supplier-india.html,materials,3,41,,2,,false,pass,none
/materials/ss-309s-supplier-india.html,materials,3,41,,2,,false,pass,none
/materials/ss-310-supplier-india.html,materials,28,41,,2,,false,pass,none
/materials/ss-310s-supplier-india.html,materials,4,41,,2,,false,pass,none
/materials/ss-321-supplier-india.html,materials,24,41,,2,,false,pass,none
/materials/ss-321h-supplier-india.html,materials,3,41,,2,,false,pass,none
/materials/ss-347-supplier-india.html,materials,7,41,,2,,false,pass,none
/materials/ss-347h-supplier-india.html,materials,3,41,,2,,false,pass,none
/materials/ss-253ma-supplier-india.html,materials,3,41,,2,,false,pass,none
/materials/ss-316-supplier-india.html,materials,62,41,,2,,false,pass,none
/materials/ss-316l-supplier-india.html,materials,128,36,,1,,false,pass,none
/materials/ss-316ti-supplier-india.html,materials,6,41,,2,,false,pass,none
/materials/ss-317l-supplier-india.html,materials,5,41,,2,,false,pass,none
/materials/ss-904l-supplier-india.html,materials,7,41,,2,,false,pass,none
/materials/ss-409-supplier-india.html,materials,3,41,,2,,false,pass,none
/materials/ss-410-supplier-india.html,materials,9,41,,2,,false,pass,none
/materials/ss-420-supplier-india.html,materials,5,41,,2,,false,pass,none
/materials/ss-430-supplier-india.html,materials,7,41,,2,,false,pass,none
/materials/ss-17-4-ph-supplier-india.html,materials,4,39,,2,,false,pass,none
/materials/nitronic-60-supplier-india.html,materials,4,39,,2,,false,pass,none
/materials/smo-254-supplier-india.html,materials,11,40,,1,,false,pass,none
/materials/duplex-2205-supplier-india.html,materials,108,35,,1,,false,pass,none
/materials/super-duplex-2507-supplier-india.html,materials,88,41,,1,,false,pass,none
/materials/zeron-100-supplier-india.html,materials,5,40,,2,,false,pass,none
/materials/stainless-steel-pipes-supplier-india.html,materials,634,38,material-location.html|export-material.html|hss-location.html,1,,false,pass,none
/materials/stainless-steel-tubes-supplier-india.html,materials,634,39,material-location.html|export-material.html|hss-location.html,1,,false,pass,none
/materials/stainless-steel-sheets-supplier-india.html,materials,634,40,material-location.html|export-material.html|hss-location.html,1,,false,pass,none
/materials/stainless-steel-plates-supplier-india.html,materials,634,37,material-location.html|export-material.html|hss-location.html,1,,false,pass,none
/materials/stainless-steel-coils-supplier-india.html,materials,18,38,,1,,false,pass,none
/materials/stainless-steel-flanges-supplier-india.html,materials,634,38,material-location.html|export-material.html|hss-location.html,1,,false,pass,none
/materials/stainless-steel-fittings-supplier-india.html,materials,268,38,,1,,false,pass,none
/materials/stainless-steel-fasteners-supplier-india.html,materials,114,40,,1,,false,pass,none
/materials/stainless-steel-angles-supplier-india.html,materials,60,40,,1,,false,pass,none
/materials/stainless-steel-bars-rods-supplier-india.html,materials,114,42,,2,,false,pass,none
/materials/stainless-steel-bars-supplier-india.html,materials,55,41,,1,,false,pass,none
/materials/stainless-steel-rods-supplier-india.html,materials,54,41,,1,,false,pass,none
/materials/stainless-steel-flats-supplier-india.html,materials,24,40,,1,,false,pass,none
/materials/stainless-steel-circles-supplier-india.html,materials,12,38,,1,,false,pass,none
/materials/stainless-steel-wire-mesh-supplier-india.html,materials,11,39,,1,,false,pass,none
/materials/aluminium.html,materials,89,47,,1,,false,pass,none
/materials/aluminium-6061-supplier-india.html,materials,25,40,,2,,false,pass,none
/materials/aluminium-6063-supplier-india.html,materials,9,40,,2,,false,pass,none
/materials/aluminium-7075-supplier-india.html,materials,10,40,,2,,false,pass,none
/materials/aluminium-5083-supplier-india.html,materials,3,41,,2,,false,pass,none
/materials/aluminium-5052-supplier-india.html,materials,2,41,,2,,false,pass,none
/materials/aluminium-6082-supplier-india.html,materials,3,41,,2,,false,pass,none
/materials/copper.html,materials,73,48,,1,,false,pass,none
/materials/copper-c101-supplier-india.html,materials,8,40,,2,,false,pass,none
/materials/copper-c110-supplier-india.html,materials,9,40,,2,,false,pass,none
/materials/copper-c122-supplier-india.html,materials,8,40,,2,,false,pass,none
/materials/copper-c145-supplier-india.html,materials,2,41,,2,,false,pass,none
/materials/copper-c172-supplier-india.html,materials,2,41,,2,,false,pass,none
/materials/brass.html,materials,70,47,,1,,false,pass,none
/materials/brass-c260-supplier-india.html,materials,8,40,,2,,false,pass,none
/materials/brass-c360-supplier-india.html,materials,8,40,,2,,false,pass,none
/materials/brass-c464-supplier-india.html,materials,7,40,,2,,false,pass,none
/materials/brass-c280-supplier-india.html,materials,2,41,,2,,false,pass,none
/materials/brass-c385-supplier-india.html,materials,2,41,,2,,false,pass,none
/materials/carbon-steel.html,materials,92,54,,1,,false,pass,none
/materials/carbon-steel-a36-supplier-india.html,materials,16,41,,2,,false,pass,none
/materials/carbon-steel-1018-supplier-india.html,materials,4,40,,2,,false,pass,none
/materials/carbon-steel-1045-supplier-india.html,materials,3,40,,2,,false,pass,none
/materials/carbon-steel-a516-grade-70-supplier-india.html,materials,6,43,,2,,false,pass,none
/materials/mild-steel.html,materials,76,51,,1,,false,pass,none
/materials/nickel-alloys.html,materials,634,61,material-location.html|export-material.html|hss-location.html,1,,false,pass,none
/materials/inconel-600-supplier-india.html,materials,4,41,,2,,false,pass,none
/materials/inconel-625-supplier-india.html,materials,145,37,,1,,false,pass,none
/materials/inconel-718-supplier-india.html,materials,17,40,,2,,false,pass,none
/materials/monel-400-supplier-india.html,materials,63,41,,1,,false,pass,none
/materials/monel-k-500-supplier-india.html,materials,5,41,,2,,false,pass,none
/materials/hastelloy-b-2-supplier-india.html,materials,3,40,,2,,false,pass,none
/materials/hastelloy-b-3-supplier-india.html,materials,3,40,,2,,false,pass,none
/materials/hastelloy-c-4-supplier-india.html,materials,3,40,,2,,false,pass,none
/materials/hastelloy-c-22-supplier-india.html,materials,10,41,,2,,false,pass,none
/materials/hastelloy-c-276-supplier-india.html,materials,67,41,,1,,false,pass,none
/materials/hastelloy-x-supplier-india.html,materials,3,40,,2,,false,pass,none
/materials/incoloy-800-supplier-india.html,materials,3,40,,2,,false,pass,none
/materials/incoloy-825-supplier-india.html,materials,8,41,,2,,false,pass,none
/materials/nickel-200-supplier-india.html,materials,3,41,,2,,false,pass,none
/materials/nickel-201-supplier-india.html,materials,3,41,,2,,false,pass,none
/materials/duplex-super-duplex.html,materials,634,42,material-location.html|export-material.html|hss-location.html,1,,false,pass,none
/materials/smo-254.html,materials,634,46,material-location.html|export-material.html|hss-location.html,1,,false,pass,none
/materials/titanium.html,materials,634,45,material-location.html|export-material.html|hss-location.html,1,,false,pass,none
/materials/titanium-grade-1-supplier-india.html,materials,5,40,,2,,false,pass,none
/materials/titanium-grade-2-supplier-india.html,materials,29,40,,1,,false,pass,none
/materials/titanium-grade-5-supplier-india.html,materials,8,41,,2,,false,pass,none
/materials/titanium-grade-23-supplier-india.html,materials,6,40,,2,,false,pass,none
/materials/mild-steel-a500-supplier-india.html,materials,3,40,,2,,false,pass,none
/materials/mild-steel-a513-supplier-india.html,materials,2,40,,2,,false,pass,none
/materials/mild-steel-1020-supplier-india.html,materials,3,41,,2,,false,pass,none
/materials/mild-steel-is-2062-supplier-india.html,materials,4,40,,2,,false,pass,none
/materials/mild-steel-s235-supplier-india.html,materials,3,40,,2,,false,pass,none
/materials/mild-steel-s275-supplier-india.html,materials,3,40,,2,,false,pass,none
/materials/mild-steel-s355-supplier-india.html,materials,3,40,,2,,false,pass,none
/materials/phosphor-bronze-c510-supplier-india.html,materials,6,42,,2,,false,pass,none
/materials/phosphor-bronze-c521-supplier-india.html,materials,6,42,,2,,false,pass,none
/materials/phosphor-bronze-c544-supplier-india.html,materials,5,42,,2,,false,pass,none
/materials/phosphor-bronze.html,materials,21,45,,1,,false,pass,none
/materials/other-metals.html,materials,634,43,material-location.html|export-material.html|hss-location.html,1,,false,pass,none
/locations/mumbai.html,location,44,58,,1,,false,pass,none
/locations/pune.html,location,39,58,,1,,false,pass,none
/locations/chennai.html,location,51,58,,1,,false,pass,none
/locations/ahmedabad.html,location,28,58,,1,,false,pass,none
/locations/vadodara.html,location,30,57,,1,,false,pass,none
/locations/hyderabad.html,location,32,59,,1,,false,pass,none
/locations/bengaluru.html,location,32,58,,1,,false,pass,none
/locations/navi-mumbai.html,location,10,59,,1,,false,pass,none
/locations/coimbatore.html,location,22,59,,2,,false,pass,none
/locations/delhi.html,location,18,58,,2,,false,pass,none
/locations/thane.html,location,12,59,,1,,false,pass,none
/locations/chakan-pimpri-chinchwad.html,location,8,45,,2,,false,pass,none
/locations/nashik.html,location,13,59,,2,,false,pass,none
/locations/surat.html,location,17,58,,1,,false,pass,none
/locations/bharuch.html,location,15,59,,2,,false,pass,none
/locations/ankleshwar.html,location,15,59,,2,,false,pass,none
/locations/vapi.html,location,15,59,,2,,false,pass,none
/locations/rajkot.html,location,12,59,,2,,false,pass,none
/locations/jamnagar.html,location,11,58,,2,,false,pass,none
/locations/hosur.html,location,16,59,,2,,false,pass,none
/locations/sriperumbudur-oragadam.html,location,6,45,,2,,false,pass,none
/locations/visakhapatnam.html,location,17,59,,2,,false,pass,none
/locations/gurugram-manesar.html,location,14,59,,2,,false,pass,none
/locations/faridabad.html,location,22,59,,2,,false,pass,none
/locations/noida.html,location,12,59,,2,,false,pass,none
/locations/greater-noida.html,location,8,45,,2,,false,pass,none
/locations/ghaziabad.html,location,11,59,,2,,false,pass,none
/locations/ludhiana.html,location,9,59,,2,,false,pass,none
/locations/indore-pithampur.html,location,15,59,,2,,false,pass,none
/locations/jamshedpur.html,location,11,59,,2,,false,pass,none
/locations/chhatrapati-sambhajinagar-aurangabad.html,location,6,59,,2,,false,pass,none
/locations/nagpur.html,location,16,59,,2,,false,pass,none
/locations/dholera-sanand.html,location,5,45,,2,,false,pass,none
/locations/salem.html,location,9,45,,2,,false,pass,none
/locations/tiruchirappalli.html,location,8,45,,2,,false,pass,none
/locations/thoothukudi.html,location,5,45,,2,,false,pass,none
/locations/tumakuru.html,location,4,45,,2,,false,pass,none
/locations/mysuru.html,location,11,45,,2,,false,pass,none
/locations/mangaluru.html,location,10,59,,2,,false,pass,none
/locations/zaheerabad.html,location,6,45,,2,,false,pass,none
/locations/vijayawada.html,location,10,45,,2,,false,pass,none
/locations/nellore-krishnapatnam.html,location,6,45,,2,,false,pass,none
/locations/kakinada.html,location,11,45,,2,,false,pass,none
/locations/haridwar-rudrapur.html,location,3,45,,2,,false,pass,none
/locations/jaipur.html,location,15,59,,2,,false,pass,none
/locations/jodhpur-pali.html,location,3,45,,2,,false,pass,none
/locations/bhopal-mandideep.html,location,8,45,,2,,false,pass,none
/locations/raipur.html,location,10,59,,2,,false,pass,none
/locations/bhilai.html,location,7,59,,2,,false,pass,none
/locations/kolkata-howrah-durgapur.html,location,10,59,,1,,false,pass,none
/export/uae.html,export,22,58,,2,,false,pass,none
/export/saudi-arabia.html,export,14,59,,2,,false,pass,none
/export/qatar.html,export,14,59,,2,,false,pass,none
/export/oman.html,export,12,59,,2,,false,pass,none
/export/kuwait.html,export,10,59,,2,,false,pass,none
/export/bahrain.html,export,8,59,,2,,false,pass,none
/export/singapore.html,export,19,59,,2,,false,pass,none
/export/malaysia.html,export,9,59,,2,,false,pass,none
/export/thailand.html,export,6,45,,2,,false,pass,none
/export/vietnam.html,export,6,45,,2,,false,pass,none
/export/usa.html,export,7,45,,2,,false,pass,none
/export/uk.html,export,7,59,,2,,false,pass,none
/export/germany.html,export,14,59,,2,,false,pass,none
/export/netherlands.html,export,7,45,,2,,false,pass,none
/export/australia.html,export,12,59,,2,,false,pass,none
/materials/high-speed-steel.html,materials,20,39,,1,,false,pass,none
/materials/stainless-steel-channels-supplier-india.html,materials,59,41,,1,,false,pass,none
/materials/stainless-steel-perforated-sheets-supplier-india.html,materials,12,39,,1,,false,pass,none
/blog.html,site-page,634,61,material-location.html|export-material.html|hss-location.html,1,,false,pass,none
/blog/stainless-steel-304-vs-316-vs-316l.html,blog,250,39,,2,,false,pass,none
/blog/duplex-2205-vs-super-duplex-2507.html,blog,34,38,,2,,false,pass,none
/blog/inconel-monel-hastelloy-selection-guide.html,blog,74,39,,2,,false,pass,none
/blog/titanium-grade-2-vs-grade-5.html,blog,9,38,,2,,false,pass,none
/blog/smo-254-vs-904l-vs-316l.html,blog,7,39,,2,,false,pass,none
/blog/metal-rfq-checklist-for-buyers.html,blog,36,36,,2,,false,pass,none
/blog/mtc-pmi-third-party-inspection-guide.html,blog,71,36,,2,,false,pass,none
/blog/stainless-steel-for-pharma-food-processing.html,blog,12,38,,2,,false,pass,none
/blog/metals-for-automotive-ev-components.html,blog,8,40,,2,,false,pass,none
/blog/metals-for-chemical-petrochemical-industries.html,blog,17,36,,2,,false,pass,none
/blog/marine-desalination-material-selection.html,blog,12,37,,2,,false,pass,none
/blog/aluminium-6061-6063-7075-guide.html,blog,27,40,,2,,false,pass,none
/blog/copper-brass-phosphor-bronze-guide.html,blog,14,40,,2,,false,pass,none
/blog/high-speed-steel-sourcing-guide.html,blog,6,38,,2,,false,pass,none
/blog/export-metal-rfq-from-india.html,blog,6,36,,2,,false,pass,none
/mission-vision.html,site-page,634,31,material-location.html|export-material.html|hss-location.html,1,,false,pass,none
/registrations-compliance.html,site-page,634,31,material-location.html|export-material.html|hss-location.html,1,,false,pass,none
/product-portfolio.html,site-page,634,38,material-location.html|export-material.html|hss-location.html,1,,false,pass,none
/materials.html,site-page,634,59,material-location.html|export-material.html|hss-location.html,1,,false,pass,none
/product-forms.html,site-page,634,45,material-location.html|export-material.html|hss-location.html,1,,false,pass,none
/grades.html,site-page,634,135,material-location.html|export-material.html|hss-location.html,1,,false,pass,none
/privacy-policy.html,site-page,634,31,material-location.html|export-material.html|hss-location.html,1,,false,pass,none
/terms-and-conditions.html,site-page,634,31,material-location.html|export-material.html|hss-location.html,1,,false,pass,none
/blog/stainless-steel-304l-vs-316l.html,blog,7,38,,2,,false,pass,none
/blog/stainless-steel-310-vs-321-vs-347.html,blog,10,39,,2,,false,pass,none
/blog/duplex-stainless-steel-for-chemical-processing.html,blog,7,38,,2,,false,pass,none
/blog/super-duplex-for-seawater-desalination.html,blog,9,37,,2,,false,pass,none
/blog/nickel-alloy-625-vs-718.html,blog,8,38,,2,,false,pass,none
/blog/monel-400-vs-k500.html,blog,6,38,,2,,false,pass,none
/blog/hastelloy-c276-vs-c22.html,blog,12,38,,2,,false,pass,none
/blog/titanium-vs-stainless-steel.html,blog,10,36,,2,,false,pass,none
/blog/aluminium-vs-stainless-steel.html,blog,7,38,,2,,false,pass,none
/blog/carbon-steel-vs-mild-steel.html,blog,17,38,,2,,false,pass,none
/blog/mild-steel-is-2062-vs-astm-a36.html,blog,15,39,,2,,false,pass,none
/blog/copper-c101-vs-c110-vs-c122.html,blog,11,39,,2,,false,pass,none
/blog/brass-c260-vs-c360.html,blog,11,39,,2,,false,pass,none
/blog/phosphor-bronze-c510-vs-c521.html,blog,9,39,,2,,false,pass,none
/blog/industrial-metal-product-forms-guide.html,blog,34,38,,2,,false,pass,none
/materials/copper-nickel-90-10-c70600-supplier-india.html,materials,40,40,,2,,false,pass,none
/materials/copper-nickel-70-30-c71500-supplier-india.html,materials,5,40,,2,,false,pass,none
/materials/alloy-20-uns-n08020-supplier-india.html,materials,6,41,,2,,false,pass,none
/materials/inconel-601-supplier-india.html,materials,3,41,,2,,false,pass,none
/materials/incoloy-800h-supplier-india.html,materials,3,41,,2,,false,pass,none
/materials/astm-a335-p11-pipe-supplier-india.html,materials,4,41,,2,,false,pass,none
/materials/astm-a335-p22-pipe-supplier-india.html,materials,5,41,,2,,false,pass,none
/materials/astm-a335-p91-pipe-supplier-india.html,materials,19,36,,2,,false,pass,none
/materials/api-5l-grade-b-pipe-supplier-india.html,materials,18,35,,2,,false,pass,none
/materials/api-5l-x52-pipe-supplier-india.html,materials,17,40,,2,,false,pass,none
/materials/api-5l-x65-pipe-supplier-india.html,materials,6,41,,2,,false,pass,none
/materials/is-2062-steel-supplier-india.html,materials,13,44,,2,,false,pass,none
/materials/is-1239-pipe-supplier-india.html,materials,4,42,,2,,false,pass,none
/materials/is-3589-pipe-supplier-india.html,materials,4,42,,2,,false,pass,none
/materials/astm-a106-grade-b-pipe-supplier-india.html,materials,19,41,,2,,false,pass,none
/materials/astm-a53-grade-b-pipe-supplier-india.html,materials,14,40,,2,,false,pass,none
/materials/astm-a333-grade-6-pipe-supplier-india.html,materials,4,41,,2,,false,pass,none
/technical-resources.html,site-page,634,59,material-location.html|export-material.html|hss-location.html,1,,false,pass,none
/quality-documentation-support.html,site-page,634,32,material-location.html|export-material.html|hss-location.html,1,,false,pass,none
/knowledge-hub-author.html,site-page,31,32,,3,,false,pass,none
/materials/astm-a335-p5-pipe-supplier-india.html,materials,3,41,,2,,false,pass,none
/materials/astm-a335-p9-pipe-supplier-india.html,materials,3,41,,2,,false,pass,none
/materials/sa-210-grade-a1-boiler-tube-supplier-india.html,materials,7,38,,2,,false,pass,none
/materials/sa-213-t11-tube-supplier-india.html,materials,8,38,,2,,false,pass,none
/materials/sa-213-t22-tube-supplier-india.html,materials,8,38,,2,,false,pass,none
/materials/sa-213-t91-tube-supplier-india.html,materials,6,38,,2,,false,pass,none
/materials/en-10216-seamless-pipe-supplier-india.html,materials,3,37,,2,,false,pass,none
/materials/en-10217-welded-pipe-supplier-india.html,materials,3,37,,2,,false,pass,none
/materials/en-10305-1-precision-tube-supplier-india.html,materials,5,37,,2,,false,pass,none
/materials/din-2448-seamless-pipe-supplier-india.html,materials,3,37,,2,,false,pass,none
/materials/din-2391-precision-tube-supplier-india.html,materials,5,37,,2,,false,pass,none
/materials/schedule-40-pipe-supplier-india.html,materials,9,36,,2,,false,pass,none
/materials/schedule-80-pipe-supplier-india.html,materials,9,36,,2,,false,pass,none
/materials/seamless-pipe-supplier-india.html,materials,56,36,,2,,false,pass,none
/materials/welded-pipe-supplier-india.html,materials,56,36,,2,,false,pass,none
/stainless-steel-price-factors-india.html,site-page,17,32,,2,,false,pass,none
/stainless-steel-pipe-price-factors-india.html,site-page,6,32,,2,,false,pass,none
/ss-304-price-factors-india.html,site-page,3,33,,2,,false,pass,none
/ss-316l-price-factors-india.html,site-page,3,33,,2,,false,pass,none
/inconel-625-price-factors-india.html,site-page,3,33,,2,,false,pass,none
/duplex-2205-price-factors-india.html,site-page,3,33,,2,,false,pass,none
/company-profile.html,site-page,634,31,material-location.html|export-material.html|hss-location.html,1,,false,pass,none
/material-location/ss-304-welded-pipes-chennai.html,material-location,3,36,material-location.html,2,,false,pass,none
/material-location/ss-316-sheets-hyderabad.html,material-location,3,35,material-location.html,2,,false,pass,none
/material-location/ss-316l-pipes-ahmedabad.html,material-location,3,35,material-location.html,2,,false,pass,none
/material-location/ss-304-round-bars-pune.html,material-location,3,36,material-location.html,2,,false,pass,none
/material-location/ss-316-fittings-mumbai.html,material-location,3,36,material-location.html,2,,false,pass,none
/material-location/ss-304-plates-bengaluru.html,material-location,3,35,material-location.html,2,,false,pass,none
/material-location/stainless-steel-coils-surat.html,material-location,3,36,material-location.html,2,,false,pass,none
/material-location/stainless-steel-flanges-vadodara.html,material-location,3,35,material-location.html,2,,false,pass,none
/material-location/duplex-2205-pipes-mumbai.html,material-location,3,35,material-location.html,2,,false,pass,none
/material-location/inconel-625-round-bars-hyderabad.html,material-location,3,36,material-location.html,2,,false,pass,none
/material-location/ss-304-fittings-mumbai.html,material-location,2,37,material-location.html,3,,false,pass,none
/material-location/ss-304-fittings-pune.html,material-location,2,37,material-location.html,3,,false,pass,none
/material-location/ss-304-fittings-ahmedabad.html,material-location,2,37,material-location.html,3,,false,pass,none
/material-location/ss-304-fittings-bengaluru.html,material-location,2,37,material-location.html,3,,false,pass,none
/material-location/ss-304-fittings-chakan-pimpri-chinchwad.html,material-location,2,37,material-location.html,3,,false,pass,none
/material-location/ss-304-fittings-chennai.html,material-location,2,37,material-location.html,3,,false,pass,none
/material-location/ss-304-fittings-hyderabad.html,material-location,2,37,material-location.html,3,,false,pass,none
/material-location/ss-304-fittings-vadodara.html,material-location,2,37,material-location.html,3,,false,pass,none
/material-location/ss-304-fittings-ankleshwar.html,material-location,2,37,material-location.html,3,,false,pass,none
/material-location/ss-304-fittings-delhi.html,material-location,2,37,material-location.html,3,,false,pass,none
/material-location/ss-304-fittings-bharuch.html,material-location,2,37,material-location.html,3,,false,pass,none
/material-location/ss-304-fittings-coimbatore.html,material-location,2,37,material-location.html,3,,false,pass,none
/material-location/ss-304-fittings-faridabad.html,material-location,2,37,material-location.html,3,,false,pass,none
/material-location/ss-304-fittings-gurugram-manesar.html,material-location,2,37,material-location.html,3,,false,pass,none
/material-location/ss-304-fittings-vapi.html,material-location,2,37,material-location.html,3,,false,pass,none
/material-location/ss-304-fittings-visakhapatnam.html,material-location,2,37,material-location.html,3,,false,pass,none
/material-location/ss-304-fittings-hosur.html,material-location,2,37,material-location.html,3,,false,pass,none
/material-location/ss-304-fittings-indore-pithampur.html,material-location,2,37,material-location.html,3,,false,pass,none
/material-location/ss-304-fittings-jamnagar.html,material-location,2,37,material-location.html,3,,false,pass,none
/material-location/ss-304-fittings-jamshedpur.html,material-location,2,37,material-location.html,3,,false,pass,none
/material-location/ss-304-fittings-navi-mumbai.html,material-location,2,37,material-location.html,3,,false,pass,none
/material-location/ss-304-fittings-noida.html,material-location,2,37,material-location.html,3,,false,pass,none
/material-location/ss-304-fittings-sriperumbudur-oragadam.html,material-location,2,37,material-location.html,3,,false,pass,none
/material-location/ss-304-fittings-surat.html,material-location,2,37,material-location.html,3,,false,pass,none
/material-location/ss-304-fittings-dholera-sanand.html,material-location,2,37,material-location.html,3,,false,pass,none
/material-location/ss-304-fittings-greater-noida.html,material-location,2,37,material-location.html,3,,false,pass,none
/material-location/ss-304-fittings-kolkata-howrah-durgapur.html,material-location,2,37,material-location.html,3,,false,pass,none
/material-location/ss-304-fittings-ludhiana.html,material-location,2,37,material-location.html,3,,false,pass,none
/material-location/ss-304-fittings-thane.html,material-location,2,37,material-location.html,3,,false,pass,none
/material-location/ss-304-fittings-kakinada.html,material-location,2,37,material-location.html,3,,false,pass,none
/material-location/ss-304-fittings-rajkot.html,material-location,2,37,material-location.html,3,,false,pass,none
/material-location/ss-304-fittings-ghaziabad.html,material-location,2,37,material-location.html,3,,false,pass,none
/material-location/ss-304-fittings-nashik.html,material-location,2,37,material-location.html,3,,false,pass,none
/material-location/ss-304-fittings-salem.html,material-location,2,37,material-location.html,3,,false,pass,none
/material-location/ss-304-fittings-tiruchirappalli.html,material-location,2,37,material-location.html,3,,false,pass,none
/material-location/ss-304-fittings-chhatrapati-sambhajinagar-aurangabad.html,material-location,2,37,material-location.html,3,,false,pass,none
/material-location/ss-304-fittings-jaipur.html,material-location,2,37,material-location.html,3,,false,pass,none
/material-location/ss-304-fittings-mangaluru.html,material-location,2,37,material-location.html,3,,false,pass,none
/material-location/ss-304-fittings-mysuru.html,material-location,2,37,material-location.html,3,,false,pass,none
/material-location/ss-304-fittings-nagpur.html,material-location,2,37,material-location.html,3,,false,pass,none
/material-location/ss-304-fittings-bhopal-mandideep.html,material-location,2,37,material-location.html,3,,false,pass,none
/material-location/ss-304-fittings-vijayawada.html,material-location,2,37,material-location.html,3,,false,pass,none
/material-location/ss-304-fittings-zaheerabad.html,material-location,2,37,material-location.html,3,,false,pass,none
/material-location/ss-304-flanges-mumbai.html,material-location,2,36,material-location.html,3,,false,pass,none
/material-location/ss-304-flanges-pune.html,material-location,2,36,material-location.html,3,,false,pass,none
/material-location/ss-304-flanges-ahmedabad.html,material-location,2,36,material-location.html,3,,false,pass,none
/material-location/ss-304-flanges-bengaluru.html,material-location,2,36,material-location.html,3,,false,pass,none
/material-location/ss-304-flanges-chakan-pimpri-chinchwad.html,material-location,2,36,material-location.html,3,,false,pass,none
/material-location/ss-304-flanges-chennai.html,material-location,2,36,material-location.html,3,,false,pass,none
/material-location/ss-304-flanges-hyderabad.html,material-location,2,36,material-location.html,3,,false,pass,none
/material-location/ss-304-flanges-vadodara.html,material-location,2,36,material-location.html,3,,false,pass,none
/material-location/ss-304-flanges-ankleshwar.html,material-location,2,36,material-location.html,3,,false,pass,none
/material-location/ss-304-flanges-delhi.html,material-location,2,36,material-location.html,3,,false,pass,none
/material-location/ss-304-flanges-bharuch.html,material-location,2,36,material-location.html,3,,false,pass,none
/material-location/ss-304-flanges-coimbatore.html,material-location,2,36,material-location.html,3,,false,pass,none
/material-location/ss-304-flanges-faridabad.html,material-location,2,36,material-location.html,3,,false,pass,none
/material-location/ss-304-flanges-gurugram-manesar.html,material-location,2,36,material-location.html,3,,false,pass,none
/material-location/ss-304-flanges-vapi.html,material-location,2,36,material-location.html,3,,false,pass,none
/material-location/ss-304-flanges-visakhapatnam.html,material-location,2,36,material-location.html,3,,false,pass,none
/material-location/ss-304-flanges-hosur.html,material-location,2,36,material-location.html,3,,false,pass,none
/material-location/ss-304-flanges-indore-pithampur.html,material-location,2,36,material-location.html,3,,false,pass,none
/material-location/ss-304-flanges-jamnagar.html,material-location,2,36,material-location.html,3,,false,pass,none
/material-location/ss-304-flanges-jamshedpur.html,material-location,2,36,material-location.html,3,,false,pass,none
/material-location/ss-304-flanges-navi-mumbai.html,material-location,2,36,material-location.html,3,,false,pass,none
/material-location/ss-304-flanges-noida.html,material-location,2,36,material-location.html,3,,false,pass,none
/material-location/ss-304-flanges-sriperumbudur-oragadam.html,material-location,2,36,material-location.html,3,,false,pass,none
/material-location/ss-304-flanges-surat.html,material-location,2,36,material-location.html,3,,false,pass,none
/material-location/ss-304-flanges-dholera-sanand.html,material-location,2,36,material-location.html,3,,false,pass,none
/material-location/ss-304-flanges-greater-noida.html,material-location,2,36,material-location.html,3,,false,pass,none
/material-location/ss-304-flanges-kolkata-howrah-durgapur.html,material-location,2,36,material-location.html,3,,false,pass,none
/material-location/ss-304-flanges-ludhiana.html,material-location,2,36,material-location.html,3,,false,pass,none
/material-location/ss-304-flanges-thane.html,material-location,2,36,material-location.html,3,,false,pass,none
/material-location/ss-304-flanges-kakinada.html,material-location,2,36,material-location.html,3,,false,pass,none
/material-location/ss-304-flanges-rajkot.html,material-location,2,36,material-location.html,3,,false,pass,none
/material-location/ss-304-flanges-ghaziabad.html,material-location,2,36,material-location.html,3,,false,pass,none
/material-location/ss-304-flanges-nashik.html,material-location,2,36,material-location.html,3,,false,pass,none
/material-location/ss-304-flanges-salem.html,material-location,2,36,material-location.html,3,,false,pass,none
/material-location/ss-304-flanges-tiruchirappalli.html,material-location,2,36,material-location.html,3,,false,pass,none
/material-location/ss-304-flanges-chhatrapati-sambhajinagar-aurangabad.html,material-location,2,36,material-location.html,3,,false,pass,none
/material-location/ss-304-flanges-jaipur.html,material-location,2,36,material-location.html,3,,false,pass,none
/material-location/ss-304-flanges-mangaluru.html,material-location,2,36,material-location.html,3,,false,pass,none
/material-location/ss-304-flanges-mysuru.html,material-location,2,36,material-location.html,3,,false,pass,none
/material-location/ss-304-flanges-nagpur.html,material-location,2,36,material-location.html,3,,false,pass,none
/material-location/ss-304-flanges-bhopal-mandideep.html,material-location,2,36,material-location.html,3,,false,pass,none
/material-location/ss-304-flanges-vijayawada.html,material-location,2,36,material-location.html,3,,false,pass,none
/material-location/ss-304-flanges-zaheerabad.html,material-location,2,36,material-location.html,3,,false,pass,none
/material-location/ss-304-pipes-mumbai.html,material-location,2,36,material-location.html,3,,false,pass,none
/material-location/ss-304-pipes-pune.html,material-location,2,36,material-location.html,3,,false,pass,none
/material-location/ss-304-pipes-ahmedabad.html,material-location,2,36,material-location.html,3,,false,pass,none
/material-location/ss-304-pipes-bengaluru.html,material-location,2,36,material-location.html,3,,false,pass,none
/material-location/ss-304-pipes-chakan-pimpri-chinchwad.html,material-location,2,36,material-location.html,3,,false,pass,none
/material-location/ss-304-pipes-chennai.html,material-location,2,36,material-location.html,3,,false,pass,none
/material-location/ss-304-pipes-hyderabad.html,material-location,2,36,material-location.html,3,,false,pass,none
/material-location/ss-304-pipes-vadodara.html,material-location,2,36,material-location.html,3,,false,pass,none
/material-location/ss-304-pipes-ankleshwar.html,material-location,2,36,material-location.html,3,,false,pass,none
/material-location/ss-304-pipes-delhi.html,material-location,2,36,material-location.html,3,,false,pass,none
/material-location/ss-304-pipes-bharuch.html,material-location,2,36,material-location.html,3,,false,pass,none
/material-location/ss-304-pipes-coimbatore.html,material-location,2,36,material-location.html,3,,false,pass,none
/material-location/ss-304-pipes-faridabad.html,material-location,2,36,material-location.html,3,,false,pass,none
/material-location/ss-304-pipes-gurugram-manesar.html,material-location,2,36,material-location.html,3,,false,pass,none
/material-location/ss-304-pipes-vapi.html,material-location,2,36,material-location.html,3,,false,pass,none
/material-location/ss-304-pipes-visakhapatnam.html,material-location,2,36,material-location.html,3,,false,pass,none
/material-location/ss-304-pipes-hosur.html,material-location,2,36,material-location.html,3,,false,pass,none
/material-location/ss-304-pipes-indore-pithampur.html,material-location,2,36,material-location.html,3,,false,pass,none
/material-location/ss-304-pipes-jamnagar.html,material-location,2,36,material-location.html,3,,false,pass,none
/material-location/ss-304-pipes-jamshedpur.html,material-location,2,36,material-location.html,3,,false,pass,none
/material-location/ss-304-pipes-navi-mumbai.html,material-location,2,36,material-location.html,3,,false,pass,none
/material-location/ss-304-pipes-noida.html,material-location,2,36,material-location.html,3,,false,pass,none
/material-location/ss-304-pipes-sriperumbudur-oragadam.html,material-location,2,36,material-location.html,3,,false,pass,none
/material-location/ss-304-pipes-surat.html,material-location,2,36,material-location.html,3,,false,pass,none
/material-location/ss-304-pipes-dholera-sanand.html,material-location,2,36,material-location.html,3,,false,pass,none
/material-location/ss-304-pipes-greater-noida.html,material-location,2,36,material-location.html,3,,false,pass,none
/material-location/ss-304-pipes-kolkata-howrah-durgapur.html,material-location,2,36,material-location.html,3,,false,pass,none
/material-location/ss-304-pipes-ludhiana.html,material-location,2,36,material-location.html,3,,false,pass,none
/material-location/ss-304-pipes-thane.html,material-location,2,36,material-location.html,3,,false,pass,none
/material-location/ss-304-pipes-kakinada.html,material-location,2,36,material-location.html,3,,false,pass,none
/material-location/ss-304-pipes-rajkot.html,material-location,2,36,material-location.html,3,,false,pass,none
/material-location/ss-304-pipes-ghaziabad.html,material-location,2,36,material-location.html,3,,false,pass,none
/material-location/ss-304-pipes-nashik.html,material-location,2,36,material-location.html,3,,false,pass,none
/material-location/ss-304-pipes-salem.html,material-location,2,36,material-location.html,3,,false,pass,none
/material-location/ss-304-pipes-tiruchirappalli.html,material-location,2,36,material-location.html,3,,false,pass,none
/material-location/ss-304-pipes-chhatrapati-sambhajinagar-aurangabad.html,material-location,2,36,material-location.html,3,,false,pass,none
/material-location/ss-304-pipes-jaipur.html,material-location,2,36,material-location.html,3,,false,pass,none
/material-location/ss-304-pipes-mangaluru.html,material-location,2,36,material-location.html,3,,false,pass,none
/material-location/ss-304-pipes-mysuru.html,material-location,2,36,material-location.html,3,,false,pass,none
/material-location/ss-304-pipes-nagpur.html,material-location,2,36,material-location.html,3,,false,pass,none
/material-location/ss-304-pipes-bhopal-mandideep.html,material-location,2,36,material-location.html,3,,false,pass,none
/material-location/ss-304-pipes-vijayawada.html,material-location,2,36,material-location.html,3,,false,pass,none
/material-location/ss-304-pipes-zaheerabad.html,material-location,2,36,material-location.html,3,,false,pass,none
/material-location/ss-304-plates-mumbai.html,material-location,2,36,material-location.html,3,,false,pass,none
/material-location/ss-304-plates-pune.html,material-location,2,36,material-location.html,3,,false,pass,none
/material-location/ss-304-plates-ahmedabad.html,material-location,2,36,material-location.html,3,,false,pass,none
/material-location/ss-304-round-bars-bengaluru.html,material-location,2,37,material-location.html,3,,false,pass,none
/material-location/ss-304-plates-chakan-pimpri-chinchwad.html,material-location,2,36,material-location.html,3,,false,pass,none
/material-location/ss-304-plates-chennai.html,material-location,2,36,material-location.html,3,,false,pass,none
/material-location/ss-304-plates-hyderabad.html,material-location,2,36,material-location.html,3,,false,pass,none
/material-location/ss-304-plates-vadodara.html,material-location,2,36,material-location.html,3,,false,pass,none
/material-location/ss-304-plates-ankleshwar.html,material-location,2,36,material-location.html,3,,false,pass,none
/material-location/ss-304-plates-delhi.html,material-location,2,36,material-location.html,3,,false,pass,none
/material-location/ss-304-plates-bharuch.html,material-location,2,36,material-location.html,3,,false,pass,none
/material-location/ss-304-plates-coimbatore.html,material-location,2,36,material-location.html,3,,false,pass,none
/material-location/ss-304-plates-faridabad.html,material-location,2,36,material-location.html,3,,false,pass,none
/material-location/ss-304-plates-gurugram-manesar.html,material-location,2,36,material-location.html,3,,false,pass,none
/material-location/ss-304-plates-vapi.html,material-location,2,36,material-location.html,3,,false,pass,none
/material-location/inconel-625-fittings-mumbai.html,material-location,2,37,material-location.html,3,,false,pass,none
/material-location/inconel-625-fittings-bengaluru.html,material-location,2,37,material-location.html,3,,false,pass,none
/material-location/inconel-625-fittings-chennai.html,material-location,2,37,material-location.html,3,,false,pass,none
/material-location/inconel-625-fittings-pune.html,material-location,2,37,material-location.html,3,,false,pass,none
/material-location/inconel-625-fittings-vadodara.html,material-location,2,37,material-location.html,3,,false,pass,none
/material-location/inconel-625-fittings-hyderabad.html,material-location,2,37,material-location.html,3,,false,pass,none
/material-location/inconel-625-fittings-ankleshwar.html,material-location,2,37,material-location.html,3,,false,pass,none
/material-location/inconel-625-fittings-delhi.html,material-location,2,37,material-location.html,3,,false,pass,none
/material-location/duplex-2205-fittings-bharuch.html,material-location,2,37,material-location.html,3,,false,pass,none
/material-location/duplex-2205-fittings-coimbatore.html,material-location,2,37,material-location.html,3,,false,pass,none
/material-location/inconel-625-fittings-faridabad.html,material-location,2,37,material-location.html,3,,false,pass,none
/material-location/inconel-625-fittings-vapi.html,material-location,2,37,material-location.html,3,,false,pass,none
/material-location/duplex-2205-fittings-visakhapatnam.html,material-location,2,37,material-location.html,3,,false,pass,none
/material-location/inconel-625-fittings-indore-pithampur.html,material-location,2,37,material-location.html,3,,false,pass,none
/material-location/inconel-625-fittings-jamnagar.html,material-location,2,37,material-location.html,3,,false,pass,none
/material-location/inconel-625-fittings-jamshedpur.html,material-location,2,37,material-location.html,3,,false,pass,none
/material-location/duplex-2205-fittings-kakinada.html,material-location,2,37,material-location.html,3,,false,pass,none
/material-location/inconel-625-fittings-mangaluru.html,material-location,2,37,material-location.html,3,,false,pass,none
/material-location/inconel-625-flanges-mumbai.html,material-location,2,36,material-location.html,3,,false,pass,none
/material-location/inconel-625-flanges-bengaluru.html,material-location,2,36,material-location.html,3,,false,pass,none
/material-location/inconel-625-flanges-chennai.html,material-location,2,36,material-location.html,3,,false,pass,none
/material-location/inconel-625-flanges-pune.html,material-location,2,36,material-location.html,3,,false,pass,none
/material-location/inconel-625-flanges-vadodara.html,material-location,2,36,material-location.html,3,,false,pass,none
/material-location/inconel-625-flanges-hyderabad.html,material-location,2,36,material-location.html,3,,false,pass,none
/material-location/inconel-625-flanges-ankleshwar.html,material-location,2,36,material-location.html,3,,false,pass,none
/material-location/inconel-625-flanges-delhi.html,material-location,2,36,material-location.html,3,,false,pass,none
/material-location/duplex-2205-flanges-bharuch.html,material-location,2,36,material-location.html,3,,false,pass,none
/material-location/duplex-2205-flanges-coimbatore.html,material-location,2,36,material-location.html,3,,false,pass,none
/material-location/inconel-625-flanges-faridabad.html,material-location,2,36,material-location.html,3,,false,pass,none
/material-location/inconel-625-flanges-vapi.html,material-location,2,36,material-location.html,3,,false,pass,none
/material-location/duplex-2205-flanges-visakhapatnam.html,material-location,2,36,material-location.html,3,,false,pass,none
/material-location/inconel-625-flanges-indore-pithampur.html,material-location,2,36,material-location.html,3,,false,pass,none
/material-location/inconel-625-flanges-jamnagar.html,material-location,2,36,material-location.html,3,,false,pass,none
/material-location/inconel-625-flanges-jamshedpur.html,material-location,2,36,material-location.html,3,,false,pass,none
/material-location/duplex-2205-flanges-kakinada.html,material-location,2,36,material-location.html,3,,false,pass,none
/material-location/inconel-625-flanges-mangaluru.html,material-location,2,36,material-location.html,3,,false,pass,none
/export-material/inconel-625-fittings-uae.html,export-material,2,37,export-material.html,3,,false,pass,none
/export-material/inconel-625-fittings-saudi-arabia.html,export-material,2,37,export-material.html,3,,false,pass,none
/export-material/inconel-625-fittings-qatar.html,export-material,2,37,export-material.html,3,,false,pass,none
/export-material/inconel-625-fittings-singapore.html,export-material,2,37,export-material.html,3,,false,pass,none
/export-material/duplex-2205-fittings-oman.html,export-material,2,37,export-material.html,3,,false,pass,none
/export-material/inconel-625-fittings-germany.html,export-material,2,37,export-material.html,3,,false,pass,none
/export-material/duplex-2205-fittings-kuwait.html,export-material,2,37,export-material.html,3,,false,pass,none
/export-material/duplex-2205-fittings-malaysia.html,export-material,2,37,export-material.html,3,,false,pass,none
/export-material/inconel-625-fittings-united-states.html,export-material,2,37,export-material.html,3,,false,pass,none
/export-material/inconel-625-fittings-australia.html,export-material,2,37,export-material.html,3,,false,pass,none
/export-material/duplex-2205-fittings-netherlands.html,export-material,2,37,export-material.html,3,,false,pass,none
/export-material/duplex-2205-fittings-thailand.html,export-material,2,37,export-material.html,3,,false,pass,none
/export-material/inconel-625-fittings-united-kingdom.html,export-material,2,37,export-material.html,3,,false,pass,none
/export-material/inconel-625-fittings-vietnam.html,export-material,2,37,export-material.html,3,,false,pass,none
/export-material/duplex-2205-fittings-bahrain.html,export-material,2,37,export-material.html,3,,false,pass,none
/export-material/inconel-625-fittings-indonesia.html,export-material,2,36,export-material.html,3,,false,pass,none
/export-material/duplex-2205-fittings-canada.html,export-material,2,36,export-material.html,3,,false,pass,none
/export-material/inconel-625-fittings-japan.html,export-material,2,36,export-material.html,3,,false,pass,none
/export-material/duplex-2205-fittings-south-africa.html,export-material,2,36,export-material.html,3,,false,pass,none
/export-material/duplex-2205-fittings-south-korea.html,export-material,2,36,export-material.html,3,,false,pass,none
/export-material/duplex-2205-fittings-italy.html,export-material,2,36,export-material.html,3,,false,pass,none
/export-material/inconel-625-fittings-mexico.html,export-material,2,36,export-material.html,3,,false,pass,none
/export-material/duplex-2205-fittings-philippines.html,export-material,2,36,export-material.html,3,,false,pass,none
/export-material/inconel-625-fittings-spain.html,export-material,2,36,export-material.html,3,,false,pass,none
/export-material/duplex-2205-fittings-egypt.html,export-material,2,36,export-material.html,3,,false,pass,none
/export-material/inconel-625-flanges-uae.html,export-material,2,36,export-material.html,3,,false,pass,none
/export-material/inconel-625-flanges-saudi-arabia.html,export-material,2,36,export-material.html,3,,false,pass,none
/export-material/inconel-625-flanges-qatar.html,export-material,2,36,export-material.html,3,,false,pass,none
/export-material/inconel-625-flanges-singapore.html,export-material,2,36,export-material.html,3,,false,pass,none
/export-material/duplex-2205-flanges-oman.html,export-material,2,36,export-material.html,3,,false,pass,none
/export-material/inconel-625-flanges-germany.html,export-material,2,36,export-material.html,3,,false,pass,none
/export-material/duplex-2205-flanges-kuwait.html,export-material,2,36,export-material.html,3,,false,pass,none
/export-material/duplex-2205-flanges-malaysia.html,export-material,2,36,export-material.html,3,,false,pass,none
/export-material/inconel-625-flanges-united-states.html,export-material,2,36,export-material.html,3,,false,pass,none
/export-material/inconel-625-flanges-australia.html,export-material,2,36,export-material.html,3,,false,pass,none
/export-material/duplex-2205-flanges-netherlands.html,export-material,2,36,export-material.html,3,,false,pass,none
/material-location/hss-m2-round-bars-pune.html,material-location,3,38,material-location.html|hss-location.html,3,,false,pass,none
/material-location/hss-m2-round-bars-ahmedabad.html,material-location,3,38,material-location.html|hss-location.html,3,,false,pass,none
/material-location/hss-m2-round-bars-bengaluru.html,material-location,3,38,material-location.html|hss-location.html,3,,false,pass,none
/material-location/hss-m2-round-bars-chakan-pimpri-chinchwad.html,material-location,3,38,material-location.html|hss-location.html,3,,false,pass,none
/material-location/hss-m2-round-bars-chennai.html,material-location,3,38,material-location.html|hss-location.html,3,,false,pass,none
/material-location/hss-m2-round-bars-hyderabad.html,material-location,3,38,material-location.html|hss-location.html,3,,false,pass,none
/material-location/hss-m2-round-bars-coimbatore.html,material-location,3,38,material-location.html|hss-location.html,3,,false,pass,none
/material-location/hss-m2-round-bars-faridabad.html,material-location,3,38,material-location.html|hss-location.html,3,,false,pass,none
/material-location/hss-m2-round-bars-gurugram-manesar.html,material-location,3,38,material-location.html|hss-location.html,3,,false,pass,none
/material-location/hss-m2-round-bars-jamshedpur.html,material-location,3,38,material-location.html|hss-location.html,3,,false,pass,none
/material-location/aluminium-6061-fittings-mumbai.html,material-location,2,38,material-location.html,3,,false,pass,none
/material-location/aluminium-6061-fittings-bengaluru.html,material-location,2,38,material-location.html,3,,false,pass,none
/material-location/aluminium-6061-fittings-chennai.html,material-location,2,38,material-location.html,3,,false,pass,none
/material-location/aluminium-6061-fittings-pune.html,material-location,2,38,material-location.html,3,,false,pass,none
/material-location/aluminium-6061-fittings-vadodara.html,material-location,2,38,material-location.html,3,,false,pass,none
/material-location/aluminium-6061-fittings-ahmedabad.html,material-location,2,38,material-location.html,3,,false,pass,none
/material-location/aluminium-6061-fittings-hyderabad.html,material-location,2,38,material-location.html,3,,false,pass,none
/material-location/aluminium-6061-fittings-delhi.html,material-location,2,38,material-location.html,3,,false,pass,none
/material-location/aluminium-6061-fittings-coimbatore.html,material-location,2,38,material-location.html,3,,false,pass,none
/material-location/aluminium-6061-fittings-faridabad.html,material-location,2,38,material-location.html,3,,false,pass,none
/export-material/aluminium-6061-flanges-uae.html,export-material,2,37,export-material.html,3,,false,pass,none
/export-material/aluminium-6061-flanges-saudi-arabia.html,export-material,2,37,export-material.html,3,,false,pass,none
/export-material/aluminium-6061-flanges-qatar.html,export-material,2,37,export-material.html,3,,false,pass,none
/export-material/aluminium-6061-flanges-singapore.html,export-material,2,37,export-material.html,3,,false,pass,none
/material-location.html,site-page,305,350,material-location.html,2,,false,pass,none
/export-material.html,site-page,58,84,export-material.html,2,,false,pass,none
/hss-location.html,site-page,25,51,hss-location.html,2,,false,pass,none
/material-location/ss-316l-fittings-chennai.html,material-location,2,37,material-location.html,3,,false,pass,none
/material-location/ss-316-flanges-hyderabad.html,material-location,2,36,material-location.html,3,,false,pass,none
/material-location/ss-304-coils-mumbai.html,material-location,2,37,material-location.html,3,,false,pass,none
/material-location/ss-304-sheets-mumbai.html,material-location,2,36,material-location.html,3,,false,pass,none
/material-location/ss-316-pipes-mumbai.html,material-location,2,36,material-location.html,3,,false,pass,none
/material-location/ss-316l-pipes-pune.html,material-location,2,36,material-location.html,3,,false,pass,none
/material-location/ss-304-welded-pipes-mumbai.html,material-location,2,36,material-location.html,3,,false,pass,none
/material-location/ss-304-seamless-pipes-mumbai.html,material-location,2,36,material-location.html,3,,false,pass,none
/material-location/ss-310-plates-pune.html,material-location,2,36,material-location.html,3,,false,pass,none
/material-location/ss-410-round-bars-rajkot.html,material-location,2,37,material-location.html,3,,false,pass,none
/material-location/ss-430-sheets-delhi.html,material-location,2,36,material-location.html,3,,false,pass,none
/material-location/ss-304-perforated-sheets-ahmedabad.html,material-location,2,37,material-location.html,3,,false,pass,none
/material-location/ss-316-wire-mesh-bengaluru.html,material-location,2,37,material-location.html,3,,false,pass,none
/material-location/ss-304l-sheets-mumbai.html,material-location,2,36,material-location.html,3,,false,pass,none
/material-location/ss-316-plates-mumbai.html,material-location,2,36,material-location.html,3,,false,pass,none
/material-location/ss-316l-tubes-chennai.html,material-location,2,36,material-location.html,3,,false,pass,none
/material-location/ss-304-fasteners-pune.html,material-location,2,37,material-location.html,3,,false,pass,none
/material-location/ss-316l-fittings-mumbai.html,material-location,2,37,material-location.html,3,,false,pass,none
/material-location/ss-316-flanges-chennai.html,material-location,2,36,material-location.html,3,,false,pass,none
/material-location/ss-304-coils-ahmedabad.html,material-location,2,37,material-location.html,3,,false,pass,none
/material-location/ss-304-sheets-pune.html,material-location,2,36,material-location.html,3,,false,pass,none
/material-location/ss-316-pipes-chennai.html,material-location,2,36,material-location.html,3,,false,pass,none
/material-location/ss-316l-pipes-mumbai.html,material-location,2,36,material-location.html,3,,false,pass,none
/material-location/ss-304-welded-pipes-pune.html,material-location,2,36,material-location.html,3,,false,pass,none
/material-location/ss-304-seamless-pipes-vadodara.html,material-location,2,36,material-location.html,3,,false,pass,none
/material-location/ss-310-plates-mumbai.html,material-location,2,36,material-location.html,3,,false,pass,none
/material-location/ss-410-round-bars-pune.html,material-location,2,37,material-location.html,3,,false,pass,none
/material-location/ss-430-sheets-chennai.html,material-location,2,36,material-location.html,3,,false,pass,none
/material-location/ss-304-perforated-sheets-mumbai.html,material-location,2,37,material-location.html,3,,false,pass,none
/material-location/ss-316-wire-mesh-mumbai.html,material-location,2,37,material-location.html,3,,false,pass,none
/material-location/ss-304l-sheets-pune.html,material-location,2,36,material-location.html,3,,false,pass,none
/material-location/ss-316-plates-pune.html,material-location,2,36,material-location.html,3,,false,pass,none
/material-location/ss-316l-tubes-mumbai.html,material-location,2,36,material-location.html,3,,false,pass,none
/material-location/ss-304-fasteners-faridabad.html,material-location,2,37,material-location.html,3,,false,pass,none
/material-location/ss-316l-fittings-pune.html,material-location,2,37,material-location.html,3,,false,pass,none
/material-location/ss-316-flanges-pune.html,material-location,2,36,material-location.html,3,,false,pass,none
/material-location/ss-304-coils-chennai.html,material-location,2,37,material-location.html,3,,false,pass,none
/material-location/ss-304-sheets-chennai.html,material-location,2,36,material-location.html,3,,false,pass,none
/material-location/ss-316-pipes-hyderabad.html,material-location,2,36,material-location.html,3,,false,pass,none
/material-location/ss-316l-pipes-chennai.html,material-location,2,36,material-location.html,3,,false,pass,none
/material-location/ss-304-welded-pipes-ahmedabad.html,material-location,2,36,material-location.html,3,,false,pass,none
/material-location/ss-304-seamless-pipes-chennai.html,material-location,2,36,material-location.html,3,,false,pass,none
/material-location/ss-310-plates-chennai.html,material-location,2,36,material-location.html,3,,false,pass,none
/material-location/ss-410-round-bars-coimbatore.html,material-location,2,37,material-location.html,3,,false,pass,none
/material-location/ss-420-rods-faridabad.html,material-location,2,36,material-location.html,3,,false,pass,none
/material-location/ss-430-sheets-ahmedabad.html,material-location,2,36,material-location.html,3,,false,pass,none
/material-location/ss-304-perforated-sheets-pune.html,material-location,2,37,material-location.html,3,,false,pass,none
/material-location/ss-316-wire-mesh-hyderabad.html,material-location,2,37,material-location.html,3,,false,pass,none
/material-location/ss-304l-sheets-chennai.html,material-location,2,36,material-location.html,3,,false,pass,none
/material-location/ss-316-plates-chennai.html,material-location,2,36,material-location.html,3,,false,pass,none
/material-location/ss-316l-tubes-pune.html,material-location,2,36,material-location.html,3,,false,pass,none
/material-location/ss-304-fasteners-chennai.html,material-location,2,37,material-location.html,3,,false,pass,none
/material-location/ss-316l-fittings-hyderabad.html,material-location,2,37,material-location.html,3,,false,pass,none
/material-location/ss-316-flanges-ahmedabad.html,material-location,2,36,material-location.html,3,,false,pass,none
/material-location/ss-304-coils-bengaluru.html,material-location,2,37,material-location.html,3,,false,pass,none
/material-location/ss-304-sheets-hyderabad.html,material-location,2,36,material-location.html,3,,false,pass,none
/material-location/ss-316-pipes-vadodara.html,material-location,2,36,material-location.html,3,,false,pass,none
/material-location/ss-316l-pipes-bengaluru.html,material-location,2,36,material-location.html,3,,false,pass,none
/material-location/ss-304-welded-pipes-hyderabad.html,material-location,2,36,material-location.html,3,,false,pass,none
/material-location/ss-304-seamless-pipes-ankleshwar.html,material-location,2,36,material-location.html,3,,false,pass,none
/material-location/ss-310-plates-vadodara.html,material-location,2,36,material-location.html,3,,false,pass,none
/material-location/ss-410-round-bars-faridabad.html,material-location,2,37,material-location.html,3,,false,pass,none
/material-location/ss-420-rods-pune.html,material-location,2,36,material-location.html,3,,false,pass,none
/material-location/ss-430-sheets-mumbai.html,material-location,2,36,material-location.html,3,,false,pass,none
/material-location/ss-304-perforated-sheets-chennai.html,material-location,2,37,material-location.html,3,,false,pass,none
/material-location/ss-316-wire-mesh-chennai.html,material-location,2,37,material-location.html,3,,false,pass,none
/material-location/ss-304l-sheets-ahmedabad.html,material-location,2,36,material-location.html,3,,false,pass,none
/material-location/ss-316-plates-hyderabad.html,material-location,2,36,material-location.html,3,,false,pass,none
/material-location/ss-316l-tubes-hyderabad.html,material-location,2,36,material-location.html,3,,false,pass,none
/material-location/ss-304-fasteners-bengaluru.html,material-location,2,37,material-location.html,3,,false,pass,none
/material-location/ss-316l-fittings-vadodara.html,material-location,2,37,material-location.html,3,,false,pass,none
/material-location/ss-316-flanges-bengaluru.html,material-location,2,36,material-location.html,3,,false,pass,none
/material-location/inconel-625-plates-mumbai.html,material-location,2,35,material-location.html,3,,false,pass,none
/material-location/inconel-718-round-bars-pune.html,material-location,2,36,material-location.html,3,,false,pass,none
/material-location/hastelloy-c276-fittings-chennai.html,material-location,2,35,material-location.html,3,,false,pass,none
/material-location/duplex-2205-plates-ahmedabad.html,material-location,2,35,material-location.html,3,,false,pass,none
/material-location/super-duplex-2507-pipes-chennai.html,material-location,2,35,material-location.html,3,,false,pass,none
/material-location/super-duplex-2507-flanges-mumbai.html,material-location,2,35,material-location.html,3,,false,pass,none
/export-material/duplex-2205-pipes-saudi-arabia.html,export-material,2,35,export-material.html,3,,false,pass,none
/export-material/super-duplex-2507-flanges-qatar.html,export-material,2,35,export-material.html,3,,false,pass,none
/export-material/hastelloy-c276-plates-singapore.html,export-material,2,34,export-material.html,3,,false,pass,none
/export-material/inconel-625-plates-oman.html,export-material,2,35,export-material.html,3,,false,pass,none
/material-location/inconel-625-plates-pune.html,material-location,2,35,material-location.html,3,,false,pass,none
/material-location/inconel-718-round-bars-bengaluru.html,material-location,2,36,material-location.html,3,,false,pass,none
/material-location/hastelloy-c276-fittings-ankleshwar.html,material-location,2,35,material-location.html,3,,false,pass,none
/material-location/duplex-2205-plates-mumbai.html,material-location,2,35,material-location.html,3,,false,pass,none
/material-location/super-duplex-2507-pipes-mumbai.html,material-location,2,35,material-location.html,3,,false,pass,none
/material-location/super-duplex-2507-flanges-vadodara.html,material-location,2,35,material-location.html,3,,false,pass,none
/export-material/duplex-2205-pipes-uae.html,export-material,2,35,export-material.html,3,,false,pass,none
/export-material/super-duplex-2507-flanges-saudi-arabia.html,export-material,2,35,export-material.html,3,,false,pass,none
/export-material/hastelloy-c276-plates-germany.html,export-material,2,34,export-material.html,3,,false,pass,none
/export-material/inconel-625-plates-saudi-arabia.html,export-material,2,35,export-material.html,3,,false,pass,none
/material-location/inconel-625-plates-chennai.html,material-location,2,35,material-location.html,3,,false,pass,none
/material-location/inconel-718-round-bars-chennai.html,material-location,2,36,material-location.html,3,,false,pass,none
/material-location/hastelloy-c276-fittings-vadodara.html,material-location,2,35,material-location.html,3,,false,pass,none
/material-location/duplex-2205-plates-bharuch.html,material-location,2,35,material-location.html,3,,false,pass,none
/material-location/super-duplex-2507-pipes-vadodara.html,material-location,2,35,material-location.html,3,,false,pass,none
/material-location/super-duplex-2507-flanges-chennai.html,material-location,2,35,material-location.html,3,,false,pass,none
/export-material/duplex-2205-pipes-qatar.html,export-material,2,35,export-material.html,3,,false,pass,none
/export-material/super-duplex-2507-flanges-oman.html,export-material,2,35,export-material.html,3,,false,pass,none
/export-material/hastelloy-c276-plates-uae.html,export-material,2,34,export-material.html,3,,false,pass,none
/export-material/inconel-625-plates-qatar.html,export-material,2,35,export-material.html,3,,false,pass,none
/material-location/inconel-625-plates-hyderabad.html,material-location,2,35,material-location.html,3,,false,pass,none
/material-location/inconel-718-round-bars-hyderabad.html,material-location,2,36,material-location.html,3,,false,pass,none
/material-location/hastelloy-c276-fittings-hyderabad.html,material-location,2,35,material-location.html,3,,false,pass,none
/material-location/duplex-2205-plates-jamnagar.html,material-location,2,35,material-location.html,3,,false,pass,none
/material-location/super-duplex-2507-pipes-kakinada.html,material-location,2,35,material-location.html,3,,false,pass,none
/material-location/super-duplex-2507-flanges-bharuch.html,material-location,2,35,material-location.html,3,,false,pass,none
/material-location/hss-m35-round-bars-pune.html,material-location,3,35,material-location.html|hss-location.html,3,,false,pass,none
/material-location/hss-m42-tool-steel-bars-chennai.html,material-location,3,34,material-location.html|hss-location.html,3,,false,pass,none
/material-location/hss-m2-flats-coimbatore.html,material-location,3,34,material-location.html|hss-location.html,3,,false,pass,none
/material-location/aluminium-6061-plates-chennai.html,material-location,2,35,material-location.html,3,,false,pass,none
/material-location/hss-m35-round-bars-bengaluru.html,material-location,3,35,material-location.html|hss-location.html,3,,false,pass,none
/material-location/hss-m42-tool-steel-bars-pune.html,material-location,3,34,material-location.html|hss-location.html,3,,false,pass,none
/material-location/aluminium-6061-plates-mumbai.html,material-location,2,35,material-location.html,3,,false,pass,none
/material-location/hss-m35-round-bars-chennai.html,material-location,3,35,material-location.html|hss-location.html,3,,false,pass,none
/material-location/hss-m42-tool-steel-bars-faridabad.html,material-location,3,34,material-location.html|hss-location.html,3,,false,pass,none
/material-location/hss-m2-flats-pune.html,material-location,3,34,material-location.html|hss-location.html,3,,false,pass,none
/material-location/aluminium-6061-plates-bengaluru.html,material-location,2,35,material-location.html,3,,false,pass,none
/material-location/hss-m35-round-bars-coimbatore.html,material-location,3,35,material-location.html|hss-location.html,3,,false,pass,none
