priority_rank,page_type,folder,material,grade,form,city,state,country,url,canonical,h1,target_keyword,bucket,status,created_in_batch,notes
1,india_city,material-location,Stainless Steel,SS 316L,fittings,Chennai,Tamil Nadu,,/material-location/ss-316l-fittings-chennai.html,https://rubinoxmetal.com/material-location/ss-316l-fittings-chennai.html,SS 316L Fittings Supplier in Chennai,SS 316L fittings supplier in Chennai,Stainless Steel India,created,D12B,"Generated from owner-approved D12B candidate CSV with final sitewide design shell, FAQ schema, RFQ checklist and safe role wording."
2,india_city,material-location,Stainless Steel,SS 316,flanges,Hyderabad,Telangana,,/material-location/ss-316-flanges-hyderabad.html,https://rubinoxmetal.com/material-location/ss-316-flanges-hyderabad.html,SS 316 Flanges Supplier in Hyderabad,SS 316 flanges supplier in Hyderabad,Stainless Steel India,created,D12B,"Generated from owner-approved D12B candidate CSV with final sitewide design shell, FAQ schema, RFQ checklist and safe role wording."
3,india_city,material-location,Stainless Steel,SS 304,coils,Mumbai,Maharashtra,,/material-location/ss-304-coils-mumbai.html,https://rubinoxmetal.com/material-location/ss-304-coils-mumbai.html,SS 304 Coils Supplier in Mumbai,SS 304 coils supplier in Mumbai,Stainless Steel India,created,D12B,"Generated from owner-approved D12B candidate CSV with final sitewide design shell, FAQ schema, RFQ checklist and safe role wording."
4,india_city,material-location,Stainless Steel,SS 304,sheets,Mumbai,Maharashtra,,/material-location/ss-304-sheets-mumbai.html,https://rubinoxmetal.com/material-location/ss-304-sheets-mumbai.html,SS 304 Sheets Supplier in Mumbai,SS 304 sheets supplier in Mumbai,Stainless Steel India,created,D12B,"Generated from owner-approved D12B candidate CSV with final sitewide design shell, FAQ schema, RFQ checklist and safe role wording."
5,india_city,material-location,Stainless Steel,SS 316,pipes,Mumbai,Maharashtra,,/material-location/ss-316-pipes-mumbai.html,https://rubinoxmetal.com/material-location/ss-316-pipes-mumbai.html,SS 316 Pipes Supplier in Mumbai,SS 316 pipes supplier in Mumbai,Stainless Steel India,created,D12B,"Generated from owner-approved D12B candidate CSV with final sitewide design shell, FAQ schema, RFQ checklist and safe role wording."
6,india_city,material-location,Stainless Steel,SS 316L,pipes,Pune,Maharashtra,,/material-location/ss-316l-pipes-pune.html,https://rubinoxmetal.com/material-location/ss-316l-pipes-pune.html,SS 316L Pipes Supplier in Pune,SS 316L pipes supplier in Pune,Stainless Steel India,created,D12B,"Generated from owner-approved D12B candidate CSV with final sitewide design shell, FAQ schema, RFQ checklist and safe role wording."
7,india_city,material-location,Stainless Steel,SS 304,welded pipes,Mumbai,Maharashtra,,/material-location/ss-304-welded-pipes-mumbai.html,https://rubinoxmetal.com/material-location/ss-304-welded-pipes-mumbai.html,SS 304 Welded Pipes Supplier in Mumbai,SS 304 welded pipes supplier in Mumbai,Stainless Steel India,created,D12B,"Generated from owner-approved D12B candidate CSV with final sitewide design shell, FAQ schema, RFQ checklist and safe role wording."
8,india_city,material-location,Stainless Steel,SS 304,seamless pipes,Mumbai,Maharashtra,,/material-location/ss-304-seamless-pipes-mumbai.html,https://rubinoxmetal.com/material-location/ss-304-seamless-pipes-mumbai.html,SS 304 Seamless Pipes Supplier in Mumbai,SS 304 seamless pipes supplier in Mumbai,Stainless Steel India,created,D12B,"Generated from owner-approved D12B candidate CSV with final sitewide design shell, FAQ schema, RFQ checklist and safe role wording."
9,india_city,material-location,Stainless Steel,SS 310,plates,Pune,Maharashtra,,/material-location/ss-310-plates-pune.html,https://rubinoxmetal.com/material-location/ss-310-plates-pune.html,SS 310 Plates Supplier in Pune,SS 310 plates supplier in Pune,Stainless Steel India,created,D12B,"Generated from owner-approved D12B candidate CSV with final sitewide design shell, FAQ schema, RFQ checklist and safe role wording."
10,india_city,material-location,Stainless Steel,SS 410,round bars,Rajkot,Gujarat,,/material-location/ss-410-round-bars-rajkot.html,https://rubinoxmetal.com/material-location/ss-410-round-bars-rajkot.html,SS 410 Round Bars Supplier in Rajkot,SS 410 round bars supplier in Rajkot,Stainless Steel India,created,D12B,"Generated from owner-approved D12B candidate CSV with final sitewide design shell, FAQ schema, RFQ checklist and safe role wording."
11,india_city,material-location,Stainless Steel,SS 430,sheets,Delhi,Delhi NCR,,/material-location/ss-430-sheets-delhi.html,https://rubinoxmetal.com/material-location/ss-430-sheets-delhi.html,SS 430 Sheets Supplier in Delhi,SS 430 sheets supplier in Delhi,Stainless Steel India,created,D12B,"Generated from owner-approved D12B candidate CSV with final sitewide design shell, FAQ schema, RFQ checklist and safe role wording."
12,india_city,material-location,Stainless Steel,SS 304,perforated sheets,Ahmedabad,Gujarat,,/material-location/ss-304-perforated-sheets-ahmedabad.html,https://rubinoxmetal.com/material-location/ss-304-perforated-sheets-ahmedabad.html,SS 304 Perforated Sheets Supplier in Ahmedabad,SS 304 perforated sheets supplier in Ahmedabad,Stainless Steel India,created,D12B,"Generated from owner-approved D12B candidate CSV with final sitewide design shell, FAQ schema, RFQ checklist and safe role wording."
13,india_city,material-location,Stainless Steel,SS 316,wire mesh,Bengaluru,Karnataka,,/material-location/ss-316-wire-mesh-bengaluru.html,https://rubinoxmetal.com/material-location/ss-316-wire-mesh-bengaluru.html,SS 316 Wire Mesh Supplier in Bengaluru,SS 316 wire mesh supplier in Bengaluru,Stainless Steel India,created,D12B,"Generated from owner-approved D12B candidate CSV with final sitewide design shell, FAQ schema, RFQ checklist and safe role wording."
14,india_city,material-location,Stainless Steel,SS 304L,sheets,Mumbai,Maharashtra,,/material-location/ss-304l-sheets-mumbai.html,https://rubinoxmetal.com/material-location/ss-304l-sheets-mumbai.html,SS 304L Sheets Supplier in Mumbai,SS 304L sheets supplier in Mumbai,Stainless Steel India,created,D12B,"Generated from owner-approved D12B candidate CSV with final sitewide design shell, FAQ schema, RFQ checklist and safe role wording."
15,india_city,material-location,Stainless Steel,SS 316,plates,Mumbai,Maharashtra,,/material-location/ss-316-plates-mumbai.html,https://rubinoxmetal.com/material-location/ss-316-plates-mumbai.html,SS 316 Plates Supplier in Mumbai,SS 316 plates supplier in Mumbai,Stainless Steel India,created,D12B,"Generated from owner-approved D12B candidate CSV with final sitewide design shell, FAQ schema, RFQ checklist and safe role wording."
16,india_city,material-location,Stainless Steel,SS 316L,tubes,Chennai,Tamil Nadu,,/material-location/ss-316l-tubes-chennai.html,https://rubinoxmetal.com/material-location/ss-316l-tubes-chennai.html,SS 316L Tubes Supplier in Chennai,SS 316L tubes supplier in Chennai,Stainless Steel India,created,D12B,"Generated from owner-approved D12B candidate CSV with final sitewide design shell, FAQ schema, RFQ checklist and safe role wording."
17,india_city,material-location,Stainless Steel,SS 304,fasteners,Pune,Maharashtra,,/material-location/ss-304-fasteners-pune.html,https://rubinoxmetal.com/material-location/ss-304-fasteners-pune.html,SS 304 Fasteners Supplier in Pune,SS 304 fasteners supplier in Pune,Stainless Steel India,created,D12B,"Generated from owner-approved D12B candidate CSV with final sitewide design shell, FAQ schema, RFQ checklist and safe role wording."
18,india_city,material-location,Stainless Steel,SS 316L,fittings,Mumbai,Maharashtra,,/material-location/ss-316l-fittings-mumbai.html,https://rubinoxmetal.com/material-location/ss-316l-fittings-mumbai.html,SS 316L Fittings Supplier in Mumbai,SS 316L fittings supplier in Mumbai,Stainless Steel India,created,D12B,"Generated from owner-approved D12B candidate CSV with final sitewide design shell, FAQ schema, RFQ checklist and safe role wording."
19,india_city,material-location,Stainless Steel,SS 316,flanges,Chennai,Tamil Nadu,,/material-location/ss-316-flanges-chennai.html,https://rubinoxmetal.com/material-location/ss-316-flanges-chennai.html,SS 316 Flanges Supplier in Chennai,SS 316 flanges supplier in Chennai,Stainless Steel India,created,D12B,"Generated from owner-approved D12B candidate CSV with final sitewide design shell, FAQ schema, RFQ checklist and safe role wording."
20,india_city,material-location,Stainless Steel,SS 304,coils,Ahmedabad,Gujarat,,/material-location/ss-304-coils-ahmedabad.html,https://rubinoxmetal.com/material-location/ss-304-coils-ahmedabad.html,SS 304 Coils Supplier in Ahmedabad,SS 304 coils supplier in Ahmedabad,Stainless Steel India,created,D12B,"Generated from owner-approved D12B candidate CSV with final sitewide design shell, FAQ schema, RFQ checklist and safe role wording."
21,india_city,material-location,Stainless Steel,SS 304,sheets,Pune,Maharashtra,,/material-location/ss-304-sheets-pune.html,https://rubinoxmetal.com/material-location/ss-304-sheets-pune.html,SS 304 Sheets Supplier in Pune,SS 304 sheets supplier in Pune,Stainless Steel India,created,D12B,"Generated from owner-approved D12B candidate CSV with final sitewide design shell, FAQ schema, RFQ checklist and safe role wording."
22,india_city,material-location,Stainless Steel,SS 316,pipes,Chennai,Tamil Nadu,,/material-location/ss-316-pipes-chennai.html,https://rubinoxmetal.com/material-location/ss-316-pipes-chennai.html,SS 316 Pipes Supplier in Chennai,SS 316 pipes supplier in Chennai,Stainless Steel India,created,D12B,"Generated from owner-approved D12B candidate CSV with final sitewide design shell, FAQ schema, RFQ checklist and safe role wording."
23,india_city,material-location,Stainless Steel,SS 316L,pipes,Mumbai,Maharashtra,,/material-location/ss-316l-pipes-mumbai.html,https://rubinoxmetal.com/material-location/ss-316l-pipes-mumbai.html,SS 316L Pipes Supplier in Mumbai,SS 316L pipes supplier in Mumbai,Stainless Steel India,created,D12B,"Generated from owner-approved D12B candidate CSV with final sitewide design shell, FAQ schema, RFQ checklist and safe role wording."
24,india_city,material-location,Stainless Steel,SS 304,welded pipes,Pune,Maharashtra,,/material-location/ss-304-welded-pipes-pune.html,https://rubinoxmetal.com/material-location/ss-304-welded-pipes-pune.html,SS 304 Welded Pipes Supplier in Pune,SS 304 welded pipes supplier in Pune,Stainless Steel India,created,D12B,"Generated from owner-approved D12B candidate CSV with final sitewide design shell, FAQ schema, RFQ checklist and safe role wording."
25,india_city,material-location,Stainless Steel,SS 304,seamless pipes,Vadodara,Gujarat,,/material-location/ss-304-seamless-pipes-vadodara.html,https://rubinoxmetal.com/material-location/ss-304-seamless-pipes-vadodara.html,SS 304 Seamless Pipes Supplier in Vadodara,SS 304 seamless pipes supplier in Vadodara,Stainless Steel India,created,D12B,"Generated from owner-approved D12B candidate CSV with final sitewide design shell, FAQ schema, RFQ checklist and safe role wording."
26,india_city,material-location,Stainless Steel,SS 310,plates,Mumbai,Maharashtra,,/material-location/ss-310-plates-mumbai.html,https://rubinoxmetal.com/material-location/ss-310-plates-mumbai.html,SS 310 Plates Supplier in Mumbai,SS 310 plates supplier in Mumbai,Stainless Steel India,created,D12B,"Generated from owner-approved D12B candidate CSV with final sitewide design shell, FAQ schema, RFQ checklist and safe role wording."
27,india_city,material-location,Stainless Steel,SS 410,round bars,Pune,Maharashtra,,/material-location/ss-410-round-bars-pune.html,https://rubinoxmetal.com/material-location/ss-410-round-bars-pune.html,SS 410 Round Bars Supplier in Pune,SS 410 round bars supplier in Pune,Stainless Steel India,created,D12B,"Generated from owner-approved D12B candidate CSV with final sitewide design shell, FAQ schema, RFQ checklist and safe role wording."
28,india_city,material-location,Stainless Steel,SS 430,sheets,Chennai,Tamil Nadu,,/material-location/ss-430-sheets-chennai.html,https://rubinoxmetal.com/material-location/ss-430-sheets-chennai.html,SS 430 Sheets Supplier in Chennai,SS 430 sheets supplier in Chennai,Stainless Steel India,created,D12B,"Generated from owner-approved D12B candidate CSV with final sitewide design shell, FAQ schema, RFQ checklist and safe role wording."
29,india_city,material-location,Stainless Steel,SS 304,perforated sheets,Mumbai,Maharashtra,,/material-location/ss-304-perforated-sheets-mumbai.html,https://rubinoxmetal.com/material-location/ss-304-perforated-sheets-mumbai.html,SS 304 Perforated Sheets Supplier in Mumbai,SS 304 perforated sheets supplier in Mumbai,Stainless Steel India,created,D12B,"Generated from owner-approved D12B candidate CSV with final sitewide design shell, FAQ schema, RFQ checklist and safe role wording."
30,india_city,material-location,Stainless Steel,SS 316,wire mesh,Mumbai,Maharashtra,,/material-location/ss-316-wire-mesh-mumbai.html,https://rubinoxmetal.com/material-location/ss-316-wire-mesh-mumbai.html,SS 316 Wire Mesh Supplier in Mumbai,SS 316 wire mesh supplier in Mumbai,Stainless Steel India,created,D12B,"Generated from owner-approved D12B candidate CSV with final sitewide design shell, FAQ schema, RFQ checklist and safe role wording."
31,india_city,material-location,Stainless Steel,SS 304L,sheets,Pune,Maharashtra,,/material-location/ss-304l-sheets-pune.html,https://rubinoxmetal.com/material-location/ss-304l-sheets-pune.html,SS 304L Sheets Supplier in Pune,SS 304L sheets supplier in Pune,Stainless Steel India,created,D12B,"Generated from owner-approved D12B candidate CSV with final sitewide design shell, FAQ schema, RFQ checklist and safe role wording."
32,india_city,material-location,Stainless Steel,SS 316,plates,Pune,Maharashtra,,/material-location/ss-316-plates-pune.html,https://rubinoxmetal.com/material-location/ss-316-plates-pune.html,SS 316 Plates Supplier in Pune,SS 316 plates supplier in Pune,Stainless Steel India,created,D12B,"Generated from owner-approved D12B candidate CSV with final sitewide design shell, FAQ schema, RFQ checklist and safe role wording."
33,india_city,material-location,Stainless Steel,SS 316L,tubes,Mumbai,Maharashtra,,/material-location/ss-316l-tubes-mumbai.html,https://rubinoxmetal.com/material-location/ss-316l-tubes-mumbai.html,SS 316L Tubes Supplier in Mumbai,SS 316L tubes supplier in Mumbai,Stainless Steel India,created,D12B,"Generated from owner-approved D12B candidate CSV with final sitewide design shell, FAQ schema, RFQ checklist and safe role wording."
34,india_city,material-location,Stainless Steel,SS 304,fasteners,Faridabad,Haryana,,/material-location/ss-304-fasteners-faridabad.html,https://rubinoxmetal.com/material-location/ss-304-fasteners-faridabad.html,SS 304 Fasteners Supplier in Faridabad,SS 304 fasteners supplier in Faridabad,Stainless Steel India,created,D12B,"Generated from owner-approved D12B candidate CSV with final sitewide design shell, FAQ schema, RFQ checklist and safe role wording."
35,india_city,material-location,Stainless Steel,SS 316L,fittings,Pune,Maharashtra,,/material-location/ss-316l-fittings-pune.html,https://rubinoxmetal.com/material-location/ss-316l-fittings-pune.html,SS 316L Fittings Supplier in Pune,SS 316L fittings supplier in Pune,Stainless Steel India,created,D12B,"Generated from owner-approved D12B candidate CSV with final sitewide design shell, FAQ schema, RFQ checklist and safe role wording."
36,india_city,material-location,Stainless Steel,SS 316,flanges,Pune,Maharashtra,,/material-location/ss-316-flanges-pune.html,https://rubinoxmetal.com/material-location/ss-316-flanges-pune.html,SS 316 Flanges Supplier in Pune,SS 316 flanges supplier in Pune,Stainless Steel India,created,D12B,"Generated from owner-approved D12B candidate CSV with final sitewide design shell, FAQ schema, RFQ checklist and safe role wording."
37,india_city,material-location,Stainless Steel,SS 304,coils,Chennai,Tamil Nadu,,/material-location/ss-304-coils-chennai.html,https://rubinoxmetal.com/material-location/ss-304-coils-chennai.html,SS 304 Coils Supplier in Chennai,SS 304 coils supplier in Chennai,Stainless Steel India,created,D12B,"Generated from owner-approved D12B candidate CSV with final sitewide design shell, FAQ schema, RFQ checklist and safe role wording."
38,india_city,material-location,Stainless Steel,SS 304,sheets,Chennai,Tamil Nadu,,/material-location/ss-304-sheets-chennai.html,https://rubinoxmetal.com/material-location/ss-304-sheets-chennai.html,SS 304 Sheets Supplier in Chennai,SS 304 sheets supplier in Chennai,Stainless Steel India,created,D12B,"Generated from owner-approved D12B candidate CSV with final sitewide design shell, FAQ schema, RFQ checklist and safe role wording."
39,india_city,material-location,Stainless Steel,SS 316,pipes,Hyderabad,Telangana,,/material-location/ss-316-pipes-hyderabad.html,https://rubinoxmetal.com/material-location/ss-316-pipes-hyderabad.html,SS 316 Pipes Supplier in Hyderabad,SS 316 pipes supplier in Hyderabad,Stainless Steel India,created,D12B,"Generated from owner-approved D12B candidate CSV with final sitewide design shell, FAQ schema, RFQ checklist and safe role wording."
40,india_city,material-location,Stainless Steel,SS 316L,pipes,Chennai,Tamil Nadu,,/material-location/ss-316l-pipes-chennai.html,https://rubinoxmetal.com/material-location/ss-316l-pipes-chennai.html,SS 316L Pipes Supplier in Chennai,SS 316L pipes supplier in Chennai,Stainless Steel India,created,D12B,"Generated from owner-approved D12B candidate CSV with final sitewide design shell, FAQ schema, RFQ checklist and safe role wording."
41,india_city,material-location,Stainless Steel,SS 304,welded pipes,Ahmedabad,Gujarat,,/material-location/ss-304-welded-pipes-ahmedabad.html,https://rubinoxmetal.com/material-location/ss-304-welded-pipes-ahmedabad.html,SS 304 Welded Pipes Supplier in Ahmedabad,SS 304 welded pipes supplier in Ahmedabad,Stainless Steel India,created,D12B,"Generated from owner-approved D12B candidate CSV with final sitewide design shell, FAQ schema, RFQ checklist and safe role wording."
42,india_city,material-location,Stainless Steel,SS 304,seamless pipes,Chennai,Tamil Nadu,,/material-location/ss-304-seamless-pipes-chennai.html,https://rubinoxmetal.com/material-location/ss-304-seamless-pipes-chennai.html,SS 304 Seamless Pipes Supplier in Chennai,SS 304 seamless pipes supplier in Chennai,Stainless Steel India,created,D12B,"Generated from owner-approved D12B candidate CSV with final sitewide design shell, FAQ schema, RFQ checklist and safe role wording."
43,india_city,material-location,Stainless Steel,SS 310,plates,Chennai,Tamil Nadu,,/material-location/ss-310-plates-chennai.html,https://rubinoxmetal.com/material-location/ss-310-plates-chennai.html,SS 310 Plates Supplier in Chennai,SS 310 plates supplier in Chennai,Stainless Steel India,created,D12B,"Generated from owner-approved D12B candidate CSV with final sitewide design shell, FAQ schema, RFQ checklist and safe role wording."
44,india_city,material-location,Stainless Steel,SS 410,round bars,Coimbatore,Tamil Nadu,,/material-location/ss-410-round-bars-coimbatore.html,https://rubinoxmetal.com/material-location/ss-410-round-bars-coimbatore.html,SS 410 Round Bars Supplier in Coimbatore,SS 410 round bars supplier in Coimbatore,Stainless Steel India,created,D12B,"Generated from owner-approved D12B candidate CSV with final sitewide design shell, FAQ schema, RFQ checklist and safe role wording."
45,india_city,material-location,Stainless Steel,SS 420,rods,Faridabad,Haryana,,/material-location/ss-420-rods-faridabad.html,https://rubinoxmetal.com/material-location/ss-420-rods-faridabad.html,SS 420 Rods Supplier in Faridabad,SS 420 rods supplier in Faridabad,Stainless Steel India,created,D12B,"Generated from owner-approved D12B candidate CSV with final sitewide design shell, FAQ schema, RFQ checklist and safe role wording."
46,india_city,material-location,Stainless Steel,SS 430,sheets,Ahmedabad,Gujarat,,/material-location/ss-430-sheets-ahmedabad.html,https://rubinoxmetal.com/material-location/ss-430-sheets-ahmedabad.html,SS 430 Sheets Supplier in Ahmedabad,SS 430 sheets supplier in Ahmedabad,Stainless Steel India,created,D12B,"Generated from owner-approved D12B candidate CSV with final sitewide design shell, FAQ schema, RFQ checklist and safe role wording."
47,india_city,material-location,Stainless Steel,SS 304,perforated sheets,Pune,Maharashtra,,/material-location/ss-304-perforated-sheets-pune.html,https://rubinoxmetal.com/material-location/ss-304-perforated-sheets-pune.html,SS 304 Perforated Sheets Supplier in Pune,SS 304 perforated sheets supplier in Pune,Stainless Steel India,created,D12B,"Generated from owner-approved D12B candidate CSV with final sitewide design shell, FAQ schema, RFQ checklist and safe role wording."
48,india_city,material-location,Stainless Steel,SS 316,wire mesh,Hyderabad,Telangana,,/material-location/ss-316-wire-mesh-hyderabad.html,https://rubinoxmetal.com/material-location/ss-316-wire-mesh-hyderabad.html,SS 316 Wire Mesh Supplier in Hyderabad,SS 316 wire mesh supplier in Hyderabad,Stainless Steel India,created,D12B,"Generated from owner-approved D12B candidate CSV with final sitewide design shell, FAQ schema, RFQ checklist and safe role wording."
49,india_city,material-location,Stainless Steel,SS 304L,sheets,Chennai,Tamil Nadu,,/material-location/ss-304l-sheets-chennai.html,https://rubinoxmetal.com/material-location/ss-304l-sheets-chennai.html,SS 304L Sheets Supplier in Chennai,SS 304L sheets supplier in Chennai,Stainless Steel India,created,D12B,"Generated from owner-approved D12B candidate CSV with final sitewide design shell, FAQ schema, RFQ checklist and safe role wording."
50,india_city,material-location,Stainless Steel,SS 316,plates,Chennai,Tamil Nadu,,/material-location/ss-316-plates-chennai.html,https://rubinoxmetal.com/material-location/ss-316-plates-chennai.html,SS 316 Plates Supplier in Chennai,SS 316 plates supplier in Chennai,Stainless Steel India,created,D12B,"Generated from owner-approved D12B candidate CSV with final sitewide design shell, FAQ schema, RFQ checklist and safe role wording."
51,india_city,material-location,Stainless Steel,SS 316L,tubes,Pune,Maharashtra,,/material-location/ss-316l-tubes-pune.html,https://rubinoxmetal.com/material-location/ss-316l-tubes-pune.html,SS 316L Tubes Supplier in Pune,SS 316L tubes supplier in Pune,Stainless Steel India,created,D12B,"Generated from owner-approved D12B candidate CSV with final sitewide design shell, FAQ schema, RFQ checklist and safe role wording."
52,india_city,material-location,Stainless Steel,SS 304,fasteners,Chennai,Tamil Nadu,,/material-location/ss-304-fasteners-chennai.html,https://rubinoxmetal.com/material-location/ss-304-fasteners-chennai.html,SS 304 Fasteners Supplier in Chennai,SS 304 fasteners supplier in Chennai,Stainless Steel India,created,D12B,"Generated from owner-approved D12B candidate CSV with final sitewide design shell, FAQ schema, RFQ checklist and safe role wording."
53,india_city,material-location,Stainless Steel,SS 316L,fittings,Hyderabad,Telangana,,/material-location/ss-316l-fittings-hyderabad.html,https://rubinoxmetal.com/material-location/ss-316l-fittings-hyderabad.html,SS 316L Fittings Supplier in Hyderabad,SS 316L fittings supplier in Hyderabad,Stainless Steel India,created,D12B,"Generated from owner-approved D12B candidate CSV with final sitewide design shell, FAQ schema, RFQ checklist and safe role wording."
54,india_city,material-location,Stainless Steel,SS 316,flanges,Ahmedabad,Gujarat,,/material-location/ss-316-flanges-ahmedabad.html,https://rubinoxmetal.com/material-location/ss-316-flanges-ahmedabad.html,SS 316 Flanges Supplier in Ahmedabad,SS 316 flanges supplier in Ahmedabad,Stainless Steel India,created,D12B,"Generated from owner-approved D12B candidate CSV with final sitewide design shell, FAQ schema, RFQ checklist and safe role wording."
55,india_city,material-location,Stainless Steel,SS 304,coils,Bengaluru,Karnataka,,/material-location/ss-304-coils-bengaluru.html,https://rubinoxmetal.com/material-location/ss-304-coils-bengaluru.html,SS 304 Coils Supplier in Bengaluru,SS 304 coils supplier in Bengaluru,Stainless Steel India,created,D12B,"Generated from owner-approved D12B candidate CSV with final sitewide design shell, FAQ schema, RFQ checklist and safe role wording."
56,india_city,material-location,Stainless Steel,SS 304,sheets,Hyderabad,Telangana,,/material-location/ss-304-sheets-hyderabad.html,https://rubinoxmetal.com/material-location/ss-304-sheets-hyderabad.html,SS 304 Sheets Supplier in Hyderabad,SS 304 sheets supplier in Hyderabad,Stainless Steel India,created,D12B,"Generated from owner-approved D12B candidate CSV with final sitewide design shell, FAQ schema, RFQ checklist and safe role wording."
57,india_city,material-location,Stainless Steel,SS 316,pipes,Vadodara,Gujarat,,/material-location/ss-316-pipes-vadodara.html,https://rubinoxmetal.com/material-location/ss-316-pipes-vadodara.html,SS 316 Pipes Supplier in Vadodara,SS 316 pipes supplier in Vadodara,Stainless Steel India,created,D12B,"Generated from owner-approved D12B candidate CSV with final sitewide design shell, FAQ schema, RFQ checklist and safe role wording."
58,india_city,material-location,Stainless Steel,SS 316L,pipes,Bengaluru,Karnataka,,/material-location/ss-316l-pipes-bengaluru.html,https://rubinoxmetal.com/material-location/ss-316l-pipes-bengaluru.html,SS 316L Pipes Supplier in Bengaluru,SS 316L pipes supplier in Bengaluru,Stainless Steel India,created,D12B,"Generated from owner-approved D12B candidate CSV with final sitewide design shell, FAQ schema, RFQ checklist and safe role wording."
59,india_city,material-location,Stainless Steel,SS 304,welded pipes,Hyderabad,Telangana,,/material-location/ss-304-welded-pipes-hyderabad.html,https://rubinoxmetal.com/material-location/ss-304-welded-pipes-hyderabad.html,SS 304 Welded Pipes Supplier in Hyderabad,SS 304 welded pipes supplier in Hyderabad,Stainless Steel India,created,D12B,"Generated from owner-approved D12B candidate CSV with final sitewide design shell, FAQ schema, RFQ checklist and safe role wording."
60,india_city,material-location,Stainless Steel,SS 304,seamless pipes,Ankleshwar,Gujarat,,/material-location/ss-304-seamless-pipes-ankleshwar.html,https://rubinoxmetal.com/material-location/ss-304-seamless-pipes-ankleshwar.html,SS 304 Seamless Pipes Supplier in Ankleshwar,SS 304 seamless pipes supplier in Ankleshwar,Stainless Steel India,created,D12B,"Generated from owner-approved D12B candidate CSV with final sitewide design shell, FAQ schema, RFQ checklist and safe role wording."
61,india_city,material-location,Stainless Steel,SS 310,plates,Vadodara,Gujarat,,/material-location/ss-310-plates-vadodara.html,https://rubinoxmetal.com/material-location/ss-310-plates-vadodara.html,SS 310 Plates Supplier in Vadodara,SS 310 plates supplier in Vadodara,Stainless Steel India,created,D12B,"Generated from owner-approved D12B candidate CSV with final sitewide design shell, FAQ schema, RFQ checklist and safe role wording."
62,india_city,material-location,Stainless Steel,SS 410,round bars,Faridabad,Haryana,,/material-location/ss-410-round-bars-faridabad.html,https://rubinoxmetal.com/material-location/ss-410-round-bars-faridabad.html,SS 410 Round Bars Supplier in Faridabad,SS 410 round bars supplier in Faridabad,Stainless Steel India,created,D12B,"Generated from owner-approved D12B candidate CSV with final sitewide design shell, FAQ schema, RFQ checklist and safe role wording."
63,india_city,material-location,Stainless Steel,SS 420,rods,Pune,Maharashtra,,/material-location/ss-420-rods-pune.html,https://rubinoxmetal.com/material-location/ss-420-rods-pune.html,SS 420 Rods Supplier in Pune,SS 420 rods supplier in Pune,Stainless Steel India,created,D12B,"Generated from owner-approved D12B candidate CSV with final sitewide design shell, FAQ schema, RFQ checklist and safe role wording."
64,india_city,material-location,Stainless Steel,SS 430,sheets,Mumbai,Maharashtra,,/material-location/ss-430-sheets-mumbai.html,https://rubinoxmetal.com/material-location/ss-430-sheets-mumbai.html,SS 430 Sheets Supplier in Mumbai,SS 430 sheets supplier in Mumbai,Stainless Steel India,created,D12B,"Generated from owner-approved D12B candidate CSV with final sitewide design shell, FAQ schema, RFQ checklist and safe role wording."
65,india_city,material-location,Stainless Steel,SS 304,perforated sheets,Chennai,Tamil Nadu,,/material-location/ss-304-perforated-sheets-chennai.html,https://rubinoxmetal.com/material-location/ss-304-perforated-sheets-chennai.html,SS 304 Perforated Sheets Supplier in Chennai,SS 304 perforated sheets supplier in Chennai,Stainless Steel India,created,D12B,"Generated from owner-approved D12B candidate CSV with final sitewide design shell, FAQ schema, RFQ checklist and safe role wording."
66,india_city,material-location,Stainless Steel,SS 316,wire mesh,Chennai,Tamil Nadu,,/material-location/ss-316-wire-mesh-chennai.html,https://rubinoxmetal.com/material-location/ss-316-wire-mesh-chennai.html,SS 316 Wire Mesh Supplier in Chennai,SS 316 wire mesh supplier in Chennai,Stainless Steel India,created,D12B,"Generated from owner-approved D12B candidate CSV with final sitewide design shell, FAQ schema, RFQ checklist and safe role wording."
67,india_city,material-location,Stainless Steel,SS 304L,sheets,Ahmedabad,Gujarat,,/material-location/ss-304l-sheets-ahmedabad.html,https://rubinoxmetal.com/material-location/ss-304l-sheets-ahmedabad.html,SS 304L Sheets Supplier in Ahmedabad,SS 304L sheets supplier in Ahmedabad,Stainless Steel India,created,D12B,"Generated from owner-approved D12B candidate CSV with final sitewide design shell, FAQ schema, RFQ checklist and safe role wording."
68,india_city,material-location,Stainless Steel,SS 316,plates,Hyderabad,Telangana,,/material-location/ss-316-plates-hyderabad.html,https://rubinoxmetal.com/material-location/ss-316-plates-hyderabad.html,SS 316 Plates Supplier in Hyderabad,SS 316 plates supplier in Hyderabad,Stainless Steel India,created,D12B,"Generated from owner-approved D12B candidate CSV with final sitewide design shell, FAQ schema, RFQ checklist and safe role wording."
69,india_city,material-location,Stainless Steel,SS 316L,tubes,Hyderabad,Telangana,,/material-location/ss-316l-tubes-hyderabad.html,https://rubinoxmetal.com/material-location/ss-316l-tubes-hyderabad.html,SS 316L Tubes Supplier in Hyderabad,SS 316L tubes supplier in Hyderabad,Stainless Steel India,created,D12B,"Generated from owner-approved D12B candidate CSV with final sitewide design shell, FAQ schema, RFQ checklist and safe role wording."
70,india_city,material-location,Stainless Steel,SS 304,fasteners,Bengaluru,Karnataka,,/material-location/ss-304-fasteners-bengaluru.html,https://rubinoxmetal.com/material-location/ss-304-fasteners-bengaluru.html,SS 304 Fasteners Supplier in Bengaluru,SS 304 fasteners supplier in Bengaluru,Stainless Steel India,created,D12B,"Generated from owner-approved D12B candidate CSV with final sitewide design shell, FAQ schema, RFQ checklist and safe role wording."
71,india_city,material-location,Stainless Steel,SS 316L,fittings,Vadodara,Gujarat,,/material-location/ss-316l-fittings-vadodara.html,https://rubinoxmetal.com/material-location/ss-316l-fittings-vadodara.html,SS 316L Fittings Supplier in Vadodara,SS 316L fittings supplier in Vadodara,Stainless Steel India,created,D12B,"Generated from owner-approved D12B candidate CSV with final sitewide design shell, FAQ schema, RFQ checklist and safe role wording."
72,india_city,material-location,Stainless Steel,SS 316,flanges,Bengaluru,Karnataka,,/material-location/ss-316-flanges-bengaluru.html,https://rubinoxmetal.com/material-location/ss-316-flanges-bengaluru.html,SS 316 Flanges Supplier in Bengaluru,SS 316 flanges supplier in Bengaluru,Stainless Steel India,created,D12B,"Generated from owner-approved D12B candidate CSV with final sitewide design shell, FAQ schema, RFQ checklist and safe role wording."
73,india_city,material-location,Nickel Alloys,Inconel 625,plates,Mumbai,Maharashtra,,/material-location/inconel-625-plates-mumbai.html,https://rubinoxmetal.com/material-location/inconel-625-plates-mumbai.html,Inconel 625 Plates Supplier in Mumbai,Inconel 625 plates supplier in Mumbai,Nickel + Duplex/Super Duplex,created,D12B,"Generated from owner-approved D12B candidate CSV with final sitewide design shell, FAQ schema, RFQ checklist and safe role wording."
74,india_city,material-location,Nickel Alloys,Inconel 718,round bars,Pune,Maharashtra,,/material-location/inconel-718-round-bars-pune.html,https://rubinoxmetal.com/material-location/inconel-718-round-bars-pune.html,Inconel 718 Round Bars Supplier in Pune,Inconel 718 round bars supplier in Pune,Nickel + Duplex/Super Duplex,created,D12B,"Generated from owner-approved D12B candidate CSV with final sitewide design shell, FAQ schema, RFQ checklist and safe role wording."
75,india_city,material-location,Nickel Alloys,Hastelloy C276,fittings,Chennai,Tamil Nadu,,/material-location/hastelloy-c276-fittings-chennai.html,https://rubinoxmetal.com/material-location/hastelloy-c276-fittings-chennai.html,Hastelloy C276 Fittings Supplier in Chennai,Hastelloy C276 fittings supplier in Chennai,Nickel + Duplex/Super Duplex,created,D12B,"Generated from owner-approved D12B candidate CSV with final sitewide design shell, FAQ schema, RFQ checklist and safe role wording."
76,india_city,material-location,Duplex & Super Duplex,Duplex 2205,plates,Ahmedabad,Gujarat,,/material-location/duplex-2205-plates-ahmedabad.html,https://rubinoxmetal.com/material-location/duplex-2205-plates-ahmedabad.html,Duplex 2205 Plates Supplier in Ahmedabad,Duplex 2205 plates supplier in Ahmedabad,Nickel + Duplex/Super Duplex,created,D12B,"Generated from owner-approved D12B candidate CSV with final sitewide design shell, FAQ schema, RFQ checklist and safe role wording."
77,india_city,material-location,Duplex & Super Duplex,Super Duplex 2507,pipes,Chennai,Tamil Nadu,,/material-location/super-duplex-2507-pipes-chennai.html,https://rubinoxmetal.com/material-location/super-duplex-2507-pipes-chennai.html,Super Duplex 2507 Pipes Supplier in Chennai,Super Duplex 2507 pipes supplier in Chennai,Nickel + Duplex/Super Duplex,created,D12B,"Generated from owner-approved D12B candidate CSV with final sitewide design shell, FAQ schema, RFQ checklist and safe role wording."
78,india_city,material-location,Duplex & Super Duplex,Super Duplex 2507,flanges,Mumbai,Maharashtra,,/material-location/super-duplex-2507-flanges-mumbai.html,https://rubinoxmetal.com/material-location/super-duplex-2507-flanges-mumbai.html,Super Duplex 2507 Flanges Supplier in Mumbai,Super Duplex 2507 flanges supplier in Mumbai,Nickel + Duplex/Super Duplex,created,D12B,"Generated from owner-approved D12B candidate CSV with final sitewide design shell, FAQ schema, RFQ checklist and safe role wording."
79,export_country,export-material,Duplex & Super Duplex,Duplex 2205,pipes,,,Saudi Arabia,/export-material/duplex-2205-pipes-saudi-arabia.html,https://rubinoxmetal.com/export-material/duplex-2205-pipes-saudi-arabia.html,Duplex 2205 Pipes Supplier for Saudi Arabia,Duplex 2205 pipes supplier for Saudi Arabia,Nickel + Duplex/Super Duplex,created,D12B,"Generated from owner-approved D12B candidate CSV with final sitewide design shell, FAQ schema, RFQ checklist and safe role wording."
80,export_country,export-material,Duplex & Super Duplex,Super Duplex 2507,flanges,,,Qatar,/export-material/super-duplex-2507-flanges-qatar.html,https://rubinoxmetal.com/export-material/super-duplex-2507-flanges-qatar.html,Super Duplex 2507 Flanges Supplier for Qatar,Super Duplex 2507 flanges supplier for Qatar,Nickel + Duplex/Super Duplex,created,D12B,"Generated from owner-approved D12B candidate CSV with final sitewide design shell, FAQ schema, RFQ checklist and safe role wording."
81,export_country,export-material,Nickel Alloys,Hastelloy C276,plates,,,Singapore,/export-material/hastelloy-c276-plates-singapore.html,https://rubinoxmetal.com/export-material/hastelloy-c276-plates-singapore.html,Hastelloy C276 Plates Supplier for Singapore,Hastelloy C276 plates supplier for Singapore,Nickel + Duplex/Super Duplex,created,D12B,"Generated from owner-approved D12B candidate CSV with final sitewide design shell, FAQ schema, RFQ checklist and safe role wording."
82,export_country,export-material,Nickel Alloys,Inconel 625,plates,,,Oman,/export-material/inconel-625-plates-oman.html,https://rubinoxmetal.com/export-material/inconel-625-plates-oman.html,Inconel 625 Plates Supplier for Oman,Inconel 625 plates supplier for Oman,Nickel + Duplex/Super Duplex,created,D12B,"Generated from owner-approved D12B candidate CSV with final sitewide design shell, FAQ schema, RFQ checklist and safe role wording."
83,india_city,material-location,Nickel Alloys,Inconel 625,plates,Pune,Maharashtra,,/material-location/inconel-625-plates-pune.html,https://rubinoxmetal.com/material-location/inconel-625-plates-pune.html,Inconel 625 Plates Supplier in Pune,Inconel 625 plates supplier in Pune,Nickel + Duplex/Super Duplex,created,D12B,"Generated from owner-approved D12B candidate CSV with final sitewide design shell, FAQ schema, RFQ checklist and safe role wording."
84,india_city,material-location,Nickel Alloys,Inconel 718,round bars,Bengaluru,Karnataka,,/material-location/inconel-718-round-bars-bengaluru.html,https://rubinoxmetal.com/material-location/inconel-718-round-bars-bengaluru.html,Inconel 718 Round Bars Supplier in Bengaluru,Inconel 718 round bars supplier in Bengaluru,Nickel + Duplex/Super Duplex,created,D12B,"Generated from owner-approved D12B candidate CSV with final sitewide design shell, FAQ schema, RFQ checklist and safe role wording."
85,india_city,material-location,Nickel Alloys,Hastelloy C276,fittings,Ankleshwar,Gujarat,,/material-location/hastelloy-c276-fittings-ankleshwar.html,https://rubinoxmetal.com/material-location/hastelloy-c276-fittings-ankleshwar.html,Hastelloy C276 Fittings Supplier in Ankleshwar,Hastelloy C276 fittings supplier in Ankleshwar,Nickel + Duplex/Super Duplex,created,D12B,"Generated from owner-approved D12B candidate CSV with final sitewide design shell, FAQ schema, RFQ checklist and safe role wording."
86,india_city,material-location,Duplex & Super Duplex,Duplex 2205,plates,Mumbai,Maharashtra,,/material-location/duplex-2205-plates-mumbai.html,https://rubinoxmetal.com/material-location/duplex-2205-plates-mumbai.html,Duplex 2205 Plates Supplier in Mumbai,Duplex 2205 plates supplier in Mumbai,Nickel + Duplex/Super Duplex,created,D12B,"Generated from owner-approved D12B candidate CSV with final sitewide design shell, FAQ schema, RFQ checklist and safe role wording."
87,india_city,material-location,Duplex & Super Duplex,Super Duplex 2507,pipes,Mumbai,Maharashtra,,/material-location/super-duplex-2507-pipes-mumbai.html,https://rubinoxmetal.com/material-location/super-duplex-2507-pipes-mumbai.html,Super Duplex 2507 Pipes Supplier in Mumbai,Super Duplex 2507 pipes supplier in Mumbai,Nickel + Duplex/Super Duplex,created,D12B,"Generated from owner-approved D12B candidate CSV with final sitewide design shell, FAQ schema, RFQ checklist and safe role wording."
88,india_city,material-location,Duplex & Super Duplex,Super Duplex 2507,flanges,Vadodara,Gujarat,,/material-location/super-duplex-2507-flanges-vadodara.html,https://rubinoxmetal.com/material-location/super-duplex-2507-flanges-vadodara.html,Super Duplex 2507 Flanges Supplier in Vadodara,Super Duplex 2507 flanges supplier in Vadodara,Nickel + Duplex/Super Duplex,created,D12B,"Generated from owner-approved D12B candidate CSV with final sitewide design shell, FAQ schema, RFQ checklist and safe role wording."
89,export_country,export-material,Duplex & Super Duplex,Duplex 2205,pipes,,,UAE,/export-material/duplex-2205-pipes-uae.html,https://rubinoxmetal.com/export-material/duplex-2205-pipes-uae.html,Duplex 2205 Pipes Supplier for UAE,Duplex 2205 pipes supplier for UAE,Nickel + Duplex/Super Duplex,created,D12B,"Generated from owner-approved D12B candidate CSV with final sitewide design shell, FAQ schema, RFQ checklist and safe role wording."
90,export_country,export-material,Duplex & Super Duplex,Super Duplex 2507,flanges,,,Saudi Arabia,/export-material/super-duplex-2507-flanges-saudi-arabia.html,https://rubinoxmetal.com/export-material/super-duplex-2507-flanges-saudi-arabia.html,Super Duplex 2507 Flanges Supplier for Saudi Arabia,Super Duplex 2507 flanges supplier for Saudi Arabia,Nickel + Duplex/Super Duplex,created,D12B,"Generated from owner-approved D12B candidate CSV with final sitewide design shell, FAQ schema, RFQ checklist and safe role wording."
91,export_country,export-material,Nickel Alloys,Hastelloy C276,plates,,,Germany,/export-material/hastelloy-c276-plates-germany.html,https://rubinoxmetal.com/export-material/hastelloy-c276-plates-germany.html,Hastelloy C276 Plates Supplier for Germany,Hastelloy C276 plates supplier for Germany,Nickel + Duplex/Super Duplex,created,D12B,"Generated from owner-approved D12B candidate CSV with final sitewide design shell, FAQ schema, RFQ checklist and safe role wording."
92,export_country,export-material,Nickel Alloys,Inconel 625,plates,,,Saudi Arabia,/export-material/inconel-625-plates-saudi-arabia.html,https://rubinoxmetal.com/export-material/inconel-625-plates-saudi-arabia.html,Inconel 625 Plates Supplier for Saudi Arabia,Inconel 625 plates supplier for Saudi Arabia,Nickel + Duplex/Super Duplex,created,D12B,"Generated from owner-approved D12B candidate CSV with final sitewide design shell, FAQ schema, RFQ checklist and safe role wording."
93,india_city,material-location,Nickel Alloys,Inconel 625,plates,Chennai,Tamil Nadu,,/material-location/inconel-625-plates-chennai.html,https://rubinoxmetal.com/material-location/inconel-625-plates-chennai.html,Inconel 625 Plates Supplier in Chennai,Inconel 625 plates supplier in Chennai,Nickel + Duplex/Super Duplex,created,D12B,"Generated from owner-approved D12B candidate CSV with final sitewide design shell, FAQ schema, RFQ checklist and safe role wording."
94,india_city,material-location,Nickel Alloys,Inconel 718,round bars,Chennai,Tamil Nadu,,/material-location/inconel-718-round-bars-chennai.html,https://rubinoxmetal.com/material-location/inconel-718-round-bars-chennai.html,Inconel 718 Round Bars Supplier in Chennai,Inconel 718 round bars supplier in Chennai,Nickel + Duplex/Super Duplex,created,D12B,"Generated from owner-approved D12B candidate CSV with final sitewide design shell, FAQ schema, RFQ checklist and safe role wording."
95,india_city,material-location,Nickel Alloys,Hastelloy C276,fittings,Vadodara,Gujarat,,/material-location/hastelloy-c276-fittings-vadodara.html,https://rubinoxmetal.com/material-location/hastelloy-c276-fittings-vadodara.html,Hastelloy C276 Fittings Supplier in Vadodara,Hastelloy C276 fittings supplier in Vadodara,Nickel + Duplex/Super Duplex,created,D12B,"Generated from owner-approved D12B candidate CSV with final sitewide design shell, FAQ schema, RFQ checklist and safe role wording."
96,india_city,material-location,Duplex & Super Duplex,Duplex 2205,plates,Bharuch,Gujarat,,/material-location/duplex-2205-plates-bharuch.html,https://rubinoxmetal.com/material-location/duplex-2205-plates-bharuch.html,Duplex 2205 Plates Supplier in Bharuch,Duplex 2205 plates supplier in Bharuch,Nickel + Duplex/Super Duplex,created,D12B,"Generated from owner-approved D12B candidate CSV with final sitewide design shell, FAQ schema, RFQ checklist and safe role wording."
97,india_city,material-location,Duplex & Super Duplex,Super Duplex 2507,pipes,Vadodara,Gujarat,,/material-location/super-duplex-2507-pipes-vadodara.html,https://rubinoxmetal.com/material-location/super-duplex-2507-pipes-vadodara.html,Super Duplex 2507 Pipes Supplier in Vadodara,Super Duplex 2507 pipes supplier in Vadodara,Nickel + Duplex/Super Duplex,created,D12B,"Generated from owner-approved D12B candidate CSV with final sitewide design shell, FAQ schema, RFQ checklist and safe role wording."
98,india_city,material-location,Duplex & Super Duplex,Super Duplex 2507,flanges,Chennai,Tamil Nadu,,/material-location/super-duplex-2507-flanges-chennai.html,https://rubinoxmetal.com/material-location/super-duplex-2507-flanges-chennai.html,Super Duplex 2507 Flanges Supplier in Chennai,Super Duplex 2507 flanges supplier in Chennai,Nickel + Duplex/Super Duplex,created,D12B,"Generated from owner-approved D12B candidate CSV with final sitewide design shell, FAQ schema, RFQ checklist and safe role wording."
99,export_country,export-material,Duplex & Super Duplex,Duplex 2205,pipes,,,Qatar,/export-material/duplex-2205-pipes-qatar.html,https://rubinoxmetal.com/export-material/duplex-2205-pipes-qatar.html,Duplex 2205 Pipes Supplier for Qatar,Duplex 2205 pipes supplier for Qatar,Nickel + Duplex/Super Duplex,created,D12B,"Generated from owner-approved D12B candidate CSV with final sitewide design shell, FAQ schema, RFQ checklist and safe role wording."
100,export_country,export-material,Duplex & Super Duplex,Super Duplex 2507,flanges,,,Oman,/export-material/super-duplex-2507-flanges-oman.html,https://rubinoxmetal.com/export-material/super-duplex-2507-flanges-oman.html,Super Duplex 2507 Flanges Supplier for Oman,Super Duplex 2507 flanges supplier for Oman,Nickel + Duplex/Super Duplex,created,D12B,"Generated from owner-approved D12B candidate CSV with final sitewide design shell, FAQ schema, RFQ checklist and safe role wording."
101,export_country,export-material,Nickel Alloys,Hastelloy C276,plates,,,UAE,/export-material/hastelloy-c276-plates-uae.html,https://rubinoxmetal.com/export-material/hastelloy-c276-plates-uae.html,Hastelloy C276 Plates Supplier for UAE,Hastelloy C276 plates supplier for UAE,Nickel + Duplex/Super Duplex,created,D12B,"Generated from owner-approved D12B candidate CSV with final sitewide design shell, FAQ schema, RFQ checklist and safe role wording."
102,export_country,export-material,Nickel Alloys,Inconel 625,plates,,,Qatar,/export-material/inconel-625-plates-qatar.html,https://rubinoxmetal.com/export-material/inconel-625-plates-qatar.html,Inconel 625 Plates Supplier for Qatar,Inconel 625 plates supplier for Qatar,Nickel + Duplex/Super Duplex,created,D12B,"Generated from owner-approved D12B candidate CSV with final sitewide design shell, FAQ schema, RFQ checklist and safe role wording."
103,india_city,material-location,Nickel Alloys,Inconel 625,plates,Hyderabad,Telangana,,/material-location/inconel-625-plates-hyderabad.html,https://rubinoxmetal.com/material-location/inconel-625-plates-hyderabad.html,Inconel 625 Plates Supplier in Hyderabad,Inconel 625 plates supplier in Hyderabad,Nickel + Duplex/Super Duplex,created,D12B,"Generated from owner-approved D12B candidate CSV with final sitewide design shell, FAQ schema, RFQ checklist and safe role wording."
104,india_city,material-location,Nickel Alloys,Inconel 718,round bars,Hyderabad,Telangana,,/material-location/inconel-718-round-bars-hyderabad.html,https://rubinoxmetal.com/material-location/inconel-718-round-bars-hyderabad.html,Inconel 718 Round Bars Supplier in Hyderabad,Inconel 718 round bars supplier in Hyderabad,Nickel + Duplex/Super Duplex,created,D12B,"Generated from owner-approved D12B candidate CSV with final sitewide design shell, FAQ schema, RFQ checklist and safe role wording."
105,india_city,material-location,Nickel Alloys,Hastelloy C276,fittings,Hyderabad,Telangana,,/material-location/hastelloy-c276-fittings-hyderabad.html,https://rubinoxmetal.com/material-location/hastelloy-c276-fittings-hyderabad.html,Hastelloy C276 Fittings Supplier in Hyderabad,Hastelloy C276 fittings supplier in Hyderabad,Nickel + Duplex/Super Duplex,created,D12B,"Generated from owner-approved D12B candidate CSV with final sitewide design shell, FAQ schema, RFQ checklist and safe role wording."
106,india_city,material-location,Duplex & Super Duplex,Duplex 2205,plates,Jamnagar,Gujarat,,/material-location/duplex-2205-plates-jamnagar.html,https://rubinoxmetal.com/material-location/duplex-2205-plates-jamnagar.html,Duplex 2205 Plates Supplier in Jamnagar,Duplex 2205 plates supplier in Jamnagar,Nickel + Duplex/Super Duplex,created,D12B,"Generated from owner-approved D12B candidate CSV with final sitewide design shell, FAQ schema, RFQ checklist and safe role wording."
107,india_city,material-location,Duplex & Super Duplex,Super Duplex 2507,pipes,Kakinada,Andhra Pradesh,,/material-location/super-duplex-2507-pipes-kakinada.html,https://rubinoxmetal.com/material-location/super-duplex-2507-pipes-kakinada.html,Super Duplex 2507 Pipes Supplier in Kakinada,Super Duplex 2507 pipes supplier in Kakinada,Nickel + Duplex/Super Duplex,created,D12B,"Generated from owner-approved D12B candidate CSV with final sitewide design shell, FAQ schema, RFQ checklist and safe role wording."
108,india_city,material-location,Duplex & Super Duplex,Super Duplex 2507,flanges,Bharuch,Gujarat,,/material-location/super-duplex-2507-flanges-bharuch.html,https://rubinoxmetal.com/material-location/super-duplex-2507-flanges-bharuch.html,Super Duplex 2507 Flanges Supplier in Bharuch,Super Duplex 2507 flanges supplier in Bharuch,Nickel + Duplex/Super Duplex,created,D12B,"Generated from owner-approved D12B candidate CSV with final sitewide design shell, FAQ schema, RFQ checklist and safe role wording."
109,india_city,material-location,High Speed Steel,HSS M35,round bars,Pune,Maharashtra,,/material-location/hss-m35-round-bars-pune.html,https://rubinoxmetal.com/material-location/hss-m35-round-bars-pune.html,HSS M35 Round Bars Supplier in Pune,HSS M35 round bars supplier in Pune,Rest,created,D12B,"Generated from owner-approved D12B candidate CSV with final sitewide design shell, FAQ schema, RFQ checklist and safe role wording."
110,india_city,material-location,High Speed Steel,HSS M42,tool steel bars,Chennai,Tamil Nadu,,/material-location/hss-m42-tool-steel-bars-chennai.html,https://rubinoxmetal.com/material-location/hss-m42-tool-steel-bars-chennai.html,HSS M42 Tool Steel Bars Supplier in Chennai,HSS M42 tool steel bars supplier in Chennai,Rest,created,D12B,"Generated from owner-approved D12B candidate CSV with final sitewide design shell, FAQ schema, RFQ checklist and safe role wording."
111,india_city,material-location,High Speed Steel,HSS M2,flats,Coimbatore,Tamil Nadu,,/material-location/hss-m2-flats-coimbatore.html,https://rubinoxmetal.com/material-location/hss-m2-flats-coimbatore.html,HSS M2 Flats Supplier in Coimbatore,HSS M2 flats supplier in Coimbatore,Rest,created,D12B,"Generated from owner-approved D12B candidate CSV with final sitewide design shell, FAQ schema, RFQ checklist and safe role wording."
112,india_city,material-location,Aluminium,Aluminium 6061,plates,Chennai,Tamil Nadu,,/material-location/aluminium-6061-plates-chennai.html,https://rubinoxmetal.com/material-location/aluminium-6061-plates-chennai.html,Aluminium 6061 Plates Supplier in Chennai,Aluminium 6061 plates supplier in Chennai,Rest,created,D12B,"Generated from owner-approved D12B candidate CSV with final sitewide design shell, FAQ schema, RFQ checklist and safe role wording."
113,india_city,material-location,High Speed Steel,HSS M35,round bars,Bengaluru,Karnataka,,/material-location/hss-m35-round-bars-bengaluru.html,https://rubinoxmetal.com/material-location/hss-m35-round-bars-bengaluru.html,HSS M35 Round Bars Supplier in Bengaluru,HSS M35 round bars supplier in Bengaluru,Rest,created,D12B,"Generated from owner-approved D12B candidate CSV with final sitewide design shell, FAQ schema, RFQ checklist and safe role wording."
114,india_city,material-location,High Speed Steel,HSS M42,tool steel bars,Pune,Maharashtra,,/material-location/hss-m42-tool-steel-bars-pune.html,https://rubinoxmetal.com/material-location/hss-m42-tool-steel-bars-pune.html,HSS M42 Tool Steel Bars Supplier in Pune,HSS M42 tool steel bars supplier in Pune,Rest,created,D12B,"Generated from owner-approved D12B candidate CSV with final sitewide design shell, FAQ schema, RFQ checklist and safe role wording."
115,india_city,material-location,Aluminium,Aluminium 6061,plates,Mumbai,Maharashtra,,/material-location/aluminium-6061-plates-mumbai.html,https://rubinoxmetal.com/material-location/aluminium-6061-plates-mumbai.html,Aluminium 6061 Plates Supplier in Mumbai,Aluminium 6061 plates supplier in Mumbai,Rest,created,D12B,"Generated from owner-approved D12B candidate CSV with final sitewide design shell, FAQ schema, RFQ checklist and safe role wording."
116,india_city,material-location,High Speed Steel,HSS M35,round bars,Chennai,Tamil Nadu,,/material-location/hss-m35-round-bars-chennai.html,https://rubinoxmetal.com/material-location/hss-m35-round-bars-chennai.html,HSS M35 Round Bars Supplier in Chennai,HSS M35 round bars supplier in Chennai,Rest,created,D12B,"Generated from owner-approved D12B candidate CSV with final sitewide design shell, FAQ schema, RFQ checklist and safe role wording."
117,india_city,material-location,High Speed Steel,HSS M42,tool steel bars,Faridabad,Haryana,,/material-location/hss-m42-tool-steel-bars-faridabad.html,https://rubinoxmetal.com/material-location/hss-m42-tool-steel-bars-faridabad.html,HSS M42 Tool Steel Bars Supplier in Faridabad,HSS M42 tool steel bars supplier in Faridabad,Rest,created,D12B,"Generated from owner-approved D12B candidate CSV with final sitewide design shell, FAQ schema, RFQ checklist and safe role wording."
118,india_city,material-location,High Speed Steel,HSS M2,flats,Pune,Maharashtra,,/material-location/hss-m2-flats-pune.html,https://rubinoxmetal.com/material-location/hss-m2-flats-pune.html,HSS M2 Flats Supplier in Pune,HSS M2 flats supplier in Pune,Rest,created,D12B,"Generated from owner-approved D12B candidate CSV with final sitewide design shell, FAQ schema, RFQ checklist and safe role wording."
119,india_city,material-location,Aluminium,Aluminium 6061,plates,Bengaluru,Karnataka,,/material-location/aluminium-6061-plates-bengaluru.html,https://rubinoxmetal.com/material-location/aluminium-6061-plates-bengaluru.html,Aluminium 6061 Plates Supplier in Bengaluru,Aluminium 6061 plates supplier in Bengaluru,Rest,created,D12B,"Generated from owner-approved D12B candidate CSV with final sitewide design shell, FAQ schema, RFQ checklist and safe role wording."
120,india_city,material-location,High Speed Steel,HSS M35,round bars,Coimbatore,Tamil Nadu,,/material-location/hss-m35-round-bars-coimbatore.html,https://rubinoxmetal.com/material-location/hss-m35-round-bars-coimbatore.html,HSS M35 Round Bars Supplier in Coimbatore,HSS M35 round bars supplier in Coimbatore,Rest,created,D12B,"Generated from owner-approved D12B candidate CSV with final sitewide design shell, FAQ schema, RFQ checklist and safe role wording."
