priority_rank,priority,page_type,material,grade,form,city,state,country,proposed_url,proposed_h1,target_keyword,intent,industry_basis,existing_overlap,risk_level,content_depth_score,internal_links_from,internal_links_to,notes
1,High,India grade-form-city page,Stainless Steel,SS 304,welded pipes,Chennai,Tamil Nadu,,/materials/ss-304-welded-pipes-chennai.html,SS 304 welded pipes Supplier in Chennai,SS 304 welded pipes supplier in Chennai,RFQ and comparison-led procurement page,"auto, marine and process-equipment RFQs",yes: /locations/chennai.html | material/grade overlap: index.html | form overlap: materials/stainless-steel-pipes-supplier-india.html,Low,5,locations/chennai.html where present; materials hub; product-forms.html; quotation.html,city page; material/grade page; relevant form page; quotation.html; contact.html,"Scores buyer/RFQ/gap/industry/strategy/depth/linking/dup/safety=5/5/5/5/5/5/4/4/5. Build as a strong RFQ-led page; no stock, price, delivery or false role claims."
2,High,India grade-form-city page,Stainless Steel,SS 316,sheets,Hyderabad,Telangana,,/materials/ss-316-sheets-hyderabad.html,SS 316 sheets Supplier in Hyderabad,SS 316 sheets supplier in Hyderabad,RFQ and comparison-led procurement page,"pharma, process and precision fabrication RFQs",yes: /locations/hyderabad.html | material/grade overlap: index.html | form overlap: materials/stainless-steel.html,Low,5,locations/hyderabad.html where present; materials hub; product-forms.html; quotation.html,city page; material/grade page; relevant form page; quotation.html; contact.html,"Scores buyer/RFQ/gap/industry/strategy/depth/linking/dup/safety=5/5/5/5/5/5/4/4/5. Build as a strong RFQ-led page; no stock, price, delivery or false role claims."
3,High,India grade-form-city page,Stainless Steel,SS 316L,pipes,Ahmedabad,Gujarat,,/materials/ss-316l-pipes-ahmedabad.html,SS 316L pipes Supplier in Ahmedabad,SS 316L pipes supplier in Ahmedabad,RFQ and comparison-led procurement page,"chemical, pharma and process buyer intent",yes: /locations/ahmedabad.html | material/grade overlap: index.html | form overlap: materials/stainless-steel.html,Low,5,locations/ahmedabad.html where present; materials hub; product-forms.html; quotation.html,city page; material/grade page; relevant form page; quotation.html; contact.html,"Scores buyer/RFQ/gap/industry/strategy/depth/linking/dup/safety=5/5/5/5/5/5/4/4/5. Build as a strong RFQ-led page; no stock, price, delivery or false role claims."
4,High,India grade-form-city page,Stainless Steel,SS 304,round bars,Pune,Maharashtra,,/materials/ss-304-round-bars-pune.html,SS 304 round bars Supplier in Pune,SS 304 round bars supplier in Pune,RFQ and comparison-led procurement page,"auto, engineering and machining RFQs",yes: /locations/pune.html | material/grade overlap: index.html | form overlap: materials/stainless-steel.html,Low,5,locations/pune.html where present; materials hub; product-forms.html; quotation.html,city page; material/grade page; relevant form page; quotation.html; contact.html,"Scores buyer/RFQ/gap/industry/strategy/depth/linking/dup/safety=5/5/5/5/5/5/4/4/5. Build as a strong RFQ-led page; no stock, price, delivery or false role claims."
5,High,India grade-form-city page,Stainless Steel,SS 316,fittings,Mumbai,Maharashtra,,/materials/ss-316-fittings-mumbai.html,SS 316 fittings Supplier in Mumbai,SS 316 fittings supplier in Mumbai,RFQ and comparison-led procurement page,"process, marine and project supply RFQs",yes: /locations/mumbai.html | material/grade overlap: index.html | form overlap: materials/stainless-steel.html,Low,5,locations/mumbai.html where present; materials hub; product-forms.html; quotation.html,city page; material/grade page; relevant form page; quotation.html; contact.html,"Scores buyer/RFQ/gap/industry/strategy/depth/linking/dup/safety=5/5/5/5/5/5/4/4/5. Build as a strong RFQ-led page; no stock, price, delivery or false role claims."
6,High,India grade-form-city page,Stainless Steel,SS 304,plates,Bengaluru,Karnataka,,/materials/ss-304-plates-bengaluru.html,SS 304 plates Supplier in Bengaluru,SS 304 plates supplier in Bengaluru,RFQ and comparison-led procurement page,"engineering, equipment and fabrication RFQs",yes: /locations/bengaluru.html | material/grade overlap: index.html | form overlap: materials/stainless-steel.html,Low,5,locations/bengaluru.html where present; materials hub; product-forms.html; quotation.html,city page; material/grade page; relevant form page; quotation.html; contact.html,"Scores buyer/RFQ/gap/industry/strategy/depth/linking/dup/safety=5/5/5/5/5/5/4/4/5. Build as a strong RFQ-led page; no stock, price, delivery or false role claims."
7,High,India material-form-city page,Stainless Steel,,coils,Surat,Gujarat,,/materials/stainless-steel-coils-surat.html,Stainless Steel coils Supplier in Surat,Stainless Steel coils supplier in Surat,RFQ and comparison-led procurement page,fabrication and process supply RFQs,yes: /locations/surat.html | material/grade overlap: index.html | form overlap: materials/stainless-steel.html,Low,5,locations/surat.html where present; materials hub; product-forms.html; quotation.html,city page; material/grade page; relevant form page; quotation.html; contact.html,"Scores buyer/RFQ/gap/industry/strategy/depth/linking/dup/safety=5/5/5/5/5/5/4/4/5. Build as a strong RFQ-led page; no stock, price, delivery or false role claims."
8,High,India material-form-city page,Stainless Steel,,flanges,Vadodara,Gujarat,,/materials/stainless-steel-flanges-vadodara.html,Stainless Steel flanges Supplier in Vadodara,Stainless Steel flanges supplier in Vadodara,RFQ and comparison-led procurement page,chemical and project piping RFQs,yes: /locations/vadodara.html | material/grade overlap: index.html | form overlap: materials/stainless-steel-supplier-mumbai.html,Low,5,locations/vadodara.html where present; materials hub; product-forms.html; quotation.html,city page; material/grade page; relevant form page; quotation.html; contact.html,"Scores buyer/RFQ/gap/industry/strategy/depth/linking/dup/safety=5/5/5/5/5/5/4/4/5. Build as a strong RFQ-led page; no stock, price, delivery or false role claims."
9,High,India grade-form-region page,Stainless Steel,SS 202,rods,Delhi NCR,Delhi NCR,,/materials/ss-202-rods-delhi-ncr.html,SS 202 rods Supplier in Delhi NCR,SS 202 rods supplier in Delhi NCR,RFQ and comparison-led procurement page,"trade, engineering and general procurement intent",partial: /locations/delhi.html | material/grade overlap: index.html | form overlap: materials/ss-202-supplier-india.html,Low,5,locations/delhi-ncr.html where present; materials hub; product-forms.html; quotation.html,city page; material/grade page; relevant form page; quotation.html; contact.html,"Scores buyer/RFQ/gap/industry/strategy/depth/linking/dup/safety=5/5/5/5/5/5/4/4/5. Build as a strong RFQ-led page; no stock, price, delivery or false role claims."
10,High,India material-form-city page,Stainless Steel,,perforated sheets,Chennai,Tamil Nadu,,/materials/stainless-steel-perforated-sheets-chennai.html,Stainless Steel perforated sheets Supplier in Chennai,Stainless Steel perforated sheets supplier in Chennai,RFQ and comparison-led procurement page,"industrial screening, ventilation and fabrication RFQs",yes: /locations/chennai.html | material/grade overlap: index.html | form overlap: materials/stainless-steel-perforated-sheets-supplier-india.html,Low,5,locations/chennai.html where present; materials hub; product-forms.html; quotation.html,city page; material/grade page; relevant form page; quotation.html; contact.html,"Scores buyer/RFQ/gap/industry/strategy/depth/linking/dup/safety=5/5/5/5/5/5/4/4/5. Build as a strong RFQ-led page; no stock, price, delivery or false role claims."
11,High,India grade-form-city page,Stainless Steel,SS 304,sheets,Coimbatore,Tamil Nadu,,/materials/ss-304-sheets-coimbatore.html,SS 304 sheets Supplier in Coimbatore,SS 304 sheets supplier in Coimbatore,RFQ and comparison-led procurement page,"machine-tool, pump and equipment buyer intent",yes: /locations/coimbatore.html | material/grade overlap: index.html | form overlap: materials/stainless-steel.html,Low,5,locations/coimbatore.html where present; materials hub; product-forms.html; quotation.html,city page; material/grade page; relevant form page; quotation.html; contact.html,"Scores buyer/RFQ/gap/industry/strategy/depth/linking/dup/safety=5/5/5/5/5/5/4/4/5. Build as a strong RFQ-led page; no stock, price, delivery or false role claims."
12,High,India grade-form-city page,Stainless Steel,SS 316L,welded pipes,Ankleshwar,Gujarat,,/materials/ss-316l-welded-pipes-ankleshwar.html,SS 316L welded pipes Supplier in Ankleshwar,SS 316L welded pipes supplier in Ankleshwar,RFQ and comparison-led procurement page,chemical and process piping RFQs,yes: /locations/ankleshwar.html | material/grade overlap: index.html | form overlap: materials/stainless-steel-pipes-supplier-india.html,Low,5,locations/ankleshwar.html where present; materials hub; product-forms.html; quotation.html,city page; material/grade page; relevant form page; quotation.html; contact.html,"Scores buyer/RFQ/gap/industry/strategy/depth/linking/dup/safety=5/5/5/5/5/5/4/4/5. Build as a strong RFQ-led page; no stock, price, delivery or false role claims."
13,High,India grade-form-city page,Duplex & Super Duplex,Duplex 2205,pipes,Mumbai,Maharashtra,,/materials/duplex-2205-pipes-mumbai.html,Duplex 2205 pipes Supplier in Mumbai,Duplex 2205 pipes supplier in Mumbai,RFQ and comparison-led procurement page,"marine, process and project piping RFQs",yes: /locations/mumbai.html | material/grade overlap: index.html | form overlap: materials/stainless-steel.html,Low,5,locations/mumbai.html where present; materials hub; product-forms.html; quotation.html,city page; material/grade page; relevant form page; quotation.html; contact.html,"Scores buyer/RFQ/gap/industry/strategy/depth/linking/dup/safety=5/5/5/5/5/5/4/4/5. Build as a strong RFQ-led page; no stock, price, delivery or false role claims."
14,High,India grade-form-city page,Duplex & Super Duplex,Super Duplex 2507,flanges,Vadodara,Gujarat,,/materials/super-duplex-2507-flanges-vadodara.html,Super Duplex 2507 flanges Supplier in Vadodara,Super Duplex 2507 flanges supplier in Vadodara,RFQ and comparison-led procurement page,"chemical, seawater and project piping enquiries",yes: /locations/vadodara.html | material/grade overlap: index.html | form overlap: materials/stainless-steel-supplier-mumbai.html,Low,5,locations/vadodara.html where present; materials hub; product-forms.html; quotation.html,city page; material/grade page; relevant form page; quotation.html; contact.html,"Scores buyer/RFQ/gap/industry/strategy/depth/linking/dup/safety=5/5/5/5/5/5/4/4/5. Build as a strong RFQ-led page; no stock, price, delivery or false role claims."
15,High,India grade-form-city page,Duplex & Super Duplex,Duplex 2205,plates,Chennai,Tamil Nadu,,/materials/duplex-2205-plates-chennai.html,Duplex 2205 plates Supplier in Chennai,Duplex 2205 plates supplier in Chennai,RFQ and comparison-led procurement page,marine and process plate RFQs,yes: /locations/chennai.html | material/grade overlap: index.html | form overlap: materials/stainless-steel.html,Low,5,locations/chennai.html where present; materials hub; product-forms.html; quotation.html,city page; material/grade page; relevant form page; quotation.html; contact.html,"Scores buyer/RFQ/gap/industry/strategy/depth/linking/dup/safety=5/5/5/5/5/5/4/4/5. Build as a strong RFQ-led page; no stock, price, delivery or false role claims."
16,High,India grade-form-city page,Nickel Alloys,Inconel 625,round bars,Hyderabad,Telangana,,/materials/inconel-625-round-bars-hyderabad.html,Inconel 625 round bars Supplier in Hyderabad,Inconel 625 round bars supplier in Hyderabad,RFQ and comparison-led procurement page,corrosion and heat-service bar enquiries,yes: /locations/hyderabad.html | material/grade overlap: index.html | form overlap: materials/stainless-steel.html,Low,5,locations/hyderabad.html where present; materials hub; product-forms.html; quotation.html,city page; material/grade page; relevant form page; quotation.html; contact.html,"Scores buyer/RFQ/gap/industry/strategy/depth/linking/dup/safety=5/5/5/5/5/5/4/4/5. Build as a strong RFQ-led page; no stock, price, delivery or false role claims."
17,High,India grade-form-city page,Nickel Alloys,Hastelloy C276,plates,Ahmedabad,Gujarat,,/materials/hastelloy-c276-plates-ahmedabad.html,Hastelloy C276 plates Supplier in Ahmedabad,Hastelloy C276 plates supplier in Ahmedabad,RFQ and comparison-led procurement page,chemical and corrosion-service RFQs,yes: /locations/ahmedabad.html | material/grade overlap: index.html | form overlap: materials/stainless-steel.html,Low,5,locations/ahmedabad.html where present; materials hub; product-forms.html; quotation.html,city page; material/grade page; relevant form page; quotation.html; contact.html,"Scores buyer/RFQ/gap/industry/strategy/depth/linking/dup/safety=5/5/5/5/5/5/4/4/5. Build as a strong RFQ-led page; no stock, price, delivery or false role claims."
18,High,India grade-form-city page,Nickel Alloys,Inconel 718,bars,Bengaluru,Karnataka,,/materials/inconel-718-bars-bengaluru.html,Inconel 718 bars Supplier in Bengaluru,Inconel 718 bars supplier in Bengaluru,RFQ and comparison-led procurement page,aerospace and precision engineering enquiries,yes: /locations/bengaluru.html | material/grade overlap: index.html | form overlap: materials/stainless-steel.html,Low,5,locations/bengaluru.html where present; materials hub; product-forms.html; quotation.html,city page; material/grade page; relevant form page; quotation.html; contact.html,"Scores buyer/RFQ/gap/industry/strategy/depth/linking/dup/safety=5/5/5/5/5/5/4/4/5. Build as a strong RFQ-led page; no stock, price, delivery or false role claims."
19,High,India grade-form-city page,High Speed Steel,HSS M2,round bars,Bengaluru,Karnataka,,/materials/hss-m2-round-bars-bengaluru.html,HSS M2 round bars Supplier in Bengaluru,HSS M2 round bars supplier in Bengaluru,RFQ and comparison-led procurement page,machine-tool and cutting-tool buyer intent,yes: /locations/bengaluru.html | material/grade overlap: materials/mild-steel-a500-supplier-india.html | form overlap: materials/stainless-steel.html,Low,5,locations/bengaluru.html where present; materials hub; product-forms.html; quotation.html,city page; material/grade page; relevant form page; quotation.html; contact.html,"Scores buyer/RFQ/gap/industry/strategy/depth/linking/dup/safety=5/5/5/5/5/5/4/4/5. Build as a strong RFQ-led page; no stock, price, delivery or false role claims."
20,High,India grade-form-city page,Aluminium,Aluminium 6061,plates,Chennai,Tamil Nadu,,/materials/aluminium-6061-plates-chennai.html,Aluminium 6061 plates Supplier in Chennai,Aluminium 6061 plates supplier in Chennai,RFQ and comparison-led procurement page,"auto, marine and engineering RFQs",yes: /locations/chennai.html | material/grade overlap: locations.html | form overlap: materials/stainless-steel.html,Low,5,locations/chennai.html where present; materials hub; product-forms.html; quotation.html,city page; material/grade page; relevant form page; quotation.html; contact.html,"Scores buyer/RFQ/gap/industry/strategy/depth/linking/dup/safety=5/5/5/5/5/5/4/4/5. Build as a strong RFQ-led page; no stock, price, delivery or false role claims."
21,High,India grade-form-city page,Stainless Steel,SS 304,tubes,Hosur,Tamil Nadu,,/materials/ss-304-tubes-hosur.html,SS 304 tubes Supplier in Hosur,SS 304 tubes supplier in Hosur,RFQ and comparison-led procurement page,auto and engineering RFQs,yes: /locations/hosur.html | material/grade overlap: index.html | form overlap: materials/ss-201-supplier-india.html,Low,5,locations/hosur.html where present; materials hub; product-forms.html; quotation.html,city page; material/grade page; relevant form page; quotation.html; contact.html,"Scores buyer/RFQ/gap/industry/strategy/depth/linking/dup/safety=5/5/5/5/5/5/4/4/5. Build as a strong RFQ-led page; no stock, price, delivery or false role claims."
22,High,India grade-form-city page,Stainless Steel,SS 316,plates,Navi Mumbai,Maharashtra,,/materials/ss-316-plates-navi-mumbai.html,SS 316 plates Supplier in Navi Mumbai,SS 316 plates supplier in Navi Mumbai,RFQ and comparison-led procurement page,port-adjacent project RFQs,yes: /locations/navi-mumbai.html | material/grade overlap: index.html | form overlap: materials/stainless-steel.html,Low,5,locations/navi-mumbai.html where present; materials hub; product-forms.html; quotation.html,city page; material/grade page; relevant form page; quotation.html; contact.html,"Scores buyer/RFQ/gap/industry/strategy/depth/linking/dup/safety=5/5/5/5/5/5/4/4/5. Build as a strong RFQ-led page; no stock, price, delivery or false role claims."
23,High,India grade-form-city page,Stainless Steel,SS 304,fasteners,Faridabad,Haryana,,/materials/ss-304-fasteners-faridabad.html,SS 304 fasteners Supplier in Faridabad,SS 304 fasteners supplier in Faridabad,RFQ and comparison-led procurement page,engineering and assembly RFQs,yes: /locations/faridabad.html | material/grade overlap: index.html | form overlap: materials/ss-202-supplier-india.html,Low,5,locations/faridabad.html where present; materials hub; product-forms.html; quotation.html,city page; material/grade page; relevant form page; quotation.html; contact.html,"Scores buyer/RFQ/gap/industry/strategy/depth/linking/dup/safety=5/5/5/5/5/5/4/4/5. Build as a strong RFQ-led page; no stock, price, delivery or false role claims."
24,High,India grade-form-city page,Stainless Steel,SS 430,sheets,Rajkot,Gujarat,,/materials/ss-430-sheets-rajkot.html,SS 430 sheets Supplier in Rajkot,SS 430 sheets supplier in Rajkot,RFQ and comparison-led procurement page,engineering and sheet-metal RFQs,yes: /locations/rajkot.html | material/grade overlap: index.html | form overlap: materials/stainless-steel.html,Low,5,locations/rajkot.html where present; materials hub; product-forms.html; quotation.html,city page; material/grade page; relevant form page; quotation.html; contact.html,"Scores buyer/RFQ/gap/industry/strategy/depth/linking/dup/safety=5/5/5/5/5/5/4/4/5. Build as a strong RFQ-led page; no stock, price, delivery or false role claims."
25,High,India grade-form-city page,Stainless Steel,SS 410,round bars,Ludhiana,Punjab,,/materials/ss-410-round-bars-ludhiana.html,SS 410 round bars Supplier in Ludhiana,SS 410 round bars supplier in Ludhiana,RFQ and comparison-led procurement page,machine-tool and engineering RFQs,yes: /locations/ludhiana.html | material/grade overlap: index.html | form overlap: materials/stainless-steel.html,Low,5,locations/ludhiana.html where present; materials hub; product-forms.html; quotation.html,city page; material/grade page; relevant form page; quotation.html; contact.html,"Scores buyer/RFQ/gap/industry/strategy/depth/linking/dup/safety=5/5/5/5/5/5/4/4/5. Build as a strong RFQ-led page; no stock, price, delivery or false role claims."
26,High,India grade-form-city page,Stainless Steel,SS 304,flanges,Hyderabad,Telangana,,/materials/ss-304-flanges-hyderabad.html,SS 304 flanges Supplier in Hyderabad,SS 304 flanges supplier in Hyderabad,RFQ and comparison-led procurement page,process and project piping RFQs,yes: /locations/hyderabad.html | material/grade overlap: index.html | form overlap: materials/stainless-steel-supplier-mumbai.html,Low,5,locations/hyderabad.html where present; materials hub; product-forms.html; quotation.html,city page; material/grade page; relevant form page; quotation.html; contact.html,"Scores buyer/RFQ/gap/industry/strategy/depth/linking/dup/safety=5/5/5/5/5/5/4/4/5. Build as a strong RFQ-led page; no stock, price, delivery or false role claims."
27,Medium,India grade-form-city page,Stainless Steel,SS 316L,tubes,Chennai,Tamil Nadu,,/materials/ss-316l-tubes-chennai.html,SS 316L tubes Supplier in Chennai,SS 316L tubes supplier in Chennai,RFQ and comparison-led procurement page,"process, pharma and marine procurement",yes: /locations/chennai.html | material/grade overlap: index.html | form overlap: materials/ss-201-supplier-india.html,Low,4,locations/chennai.html where present; materials hub; product-forms.html; quotation.html,city page; material/grade page; relevant form page; quotation.html; contact.html,"Scores buyer/RFQ/gap/industry/strategy/depth/linking/dup/safety=4/4/4/4/4/4/4/4/5. Build as a strong RFQ-led page; no stock, price, delivery or false role claims."
28,Medium,India grade-form-city page,Stainless Steel,SS 304,coils,Ahmedabad,Gujarat,,/materials/ss-304-coils-ahmedabad.html,SS 304 coils Supplier in Ahmedabad,SS 304 coils supplier in Ahmedabad,RFQ and comparison-led procurement page,fabrication and appliance-related RFQs,yes: /locations/ahmedabad.html | material/grade overlap: index.html | form overlap: materials/stainless-steel.html,Low,4,locations/ahmedabad.html where present; materials hub; product-forms.html; quotation.html,city page; material/grade page; relevant form page; quotation.html; contact.html,"Scores buyer/RFQ/gap/industry/strategy/depth/linking/dup/safety=4/4/4/4/4/4/4/4/5. Build as a strong RFQ-led page; no stock, price, delivery or false role claims."
29,Medium,India grade-form-city page,Stainless Steel,SS 316,seamless pipes,Mumbai,Maharashtra,,/materials/ss-316-seamless-pipes-mumbai.html,SS 316 seamless pipes Supplier in Mumbai,SS 316 seamless pipes supplier in Mumbai,RFQ and comparison-led procurement page,project and process piping enquiries,yes: /locations/mumbai.html | material/grade overlap: index.html | form overlap: materials/astm-a335-p11-pipe-supplier-india.html,Low,4,locations/mumbai.html where present; materials hub; product-forms.html; quotation.html,city page; material/grade page; relevant form page; quotation.html; contact.html,"Scores buyer/RFQ/gap/industry/strategy/depth/linking/dup/safety=4/4/4/4/4/4/4/4/5. Build as a strong RFQ-led page; no stock, price, delivery or false role claims."
30,Medium,India grade-form-city page,Stainless Steel,SS 304,fittings,Pune,Maharashtra,,/materials/ss-304-fittings-pune.html,SS 304 fittings Supplier in Pune,SS 304 fittings supplier in Pune,RFQ and comparison-led procurement page,engineering and project RFQs,yes: /locations/pune.html | material/grade overlap: index.html | form overlap: materials/stainless-steel.html,Low,4,locations/pune.html where present; materials hub; product-forms.html; quotation.html,city page; material/grade page; relevant form page; quotation.html; contact.html,"Scores buyer/RFQ/gap/industry/strategy/depth/linking/dup/safety=4/4/4/4/4/4/4/4/5. Build as a strong RFQ-led page; no stock, price, delivery or false role claims."
31,Medium,India grade-form-city page,Stainless Steel,SS 304,channels,Bengaluru,Karnataka,,/materials/ss-304-channels-bengaluru.html,SS 304 channels Supplier in Bengaluru,SS 304 channels supplier in Bengaluru,RFQ and comparison-led procurement page,fabrication and equipment support,yes: /locations/bengaluru.html | material/grade overlap: index.html | form overlap: materials/aluminium-6063-supplier-india.html,Low,4,locations/bengaluru.html where present; materials hub; product-forms.html; quotation.html,city page; material/grade page; relevant form page; quotation.html; contact.html,"Scores buyer/RFQ/gap/industry/strategy/depth/linking/dup/safety=4/4/4/4/4/4/4/4/5. Build as a strong RFQ-led page; no stock, price, delivery or false role claims."
32,Medium,India grade-form-city page,Stainless Steel,SS 316,wire mesh,Mumbai,Maharashtra,,/materials/ss-316-wire-mesh-mumbai.html,SS 316 wire mesh Supplier in Mumbai,SS 316 wire mesh supplier in Mumbai,RFQ and comparison-led procurement page,"filter, screen and process equipment RFQs",yes: /locations/mumbai.html | material/grade overlap: index.html | form overlap: materials/stainless-steel-wire-mesh-supplier-india.html,Low,4,locations/mumbai.html where present; materials hub; product-forms.html; quotation.html,city page; material/grade page; relevant form page; quotation.html; contact.html,"Scores buyer/RFQ/gap/industry/strategy/depth/linking/dup/safety=4/4/4/4/4/4/4/4/5. Build as a strong RFQ-led page; no stock, price, delivery or false role claims."
33,Medium,India grade-form-city page,Stainless Steel,SS 202,round bars,Noida,Uttar Pradesh,,/materials/ss-202-round-bars-noida.html,SS 202 round bars Supplier in Noida,SS 202 round bars supplier in Noida,RFQ and comparison-led procurement page,NCR bar and rod enquiries,yes: /locations/noida.html | material/grade overlap: index.html | form overlap: materials/stainless-steel.html,Low,4,locations/noida.html where present; materials hub; product-forms.html; quotation.html,city page; material/grade page; relevant form page; quotation.html; contact.html,"Scores buyer/RFQ/gap/industry/strategy/depth/linking/dup/safety=4/4/4/4/4/4/4/4/5. Build as a strong RFQ-led page; no stock, price, delivery or false role claims."
34,Medium,India grade-form-city page,Stainless Steel,SS 304,plates,Indore / Pithampur,Madhya Pradesh,,/materials/ss-304-plates-indore-pithampur.html,SS 304 plates Supplier in Indore / Pithampur,SS 304 plates supplier in Indore / Pithampur,RFQ and comparison-led procurement page,auto and engineering procurement,yes: /locations/indore-pithampur.html | material/grade overlap: index.html | form overlap: materials/stainless-steel.html,Low,4,locations/indore-pithampur.html where present; materials hub; product-forms.html; quotation.html,city page; material/grade page; relevant form page; quotation.html; contact.html,"Scores buyer/RFQ/gap/industry/strategy/depth/linking/dup/safety=4/4/4/4/4/4/4/4/5. Build as a strong RFQ-led page; no stock, price, delivery or false role claims."
35,Medium,India grade-form-city page,Stainless Steel,SS 316,sheets,Visakhapatnam,Andhra Pradesh,,/materials/ss-316-sheets-visakhapatnam.html,SS 316 sheets Supplier in Visakhapatnam,SS 316 sheets supplier in Visakhapatnam,RFQ and comparison-led procurement page,marine and process supply RFQs,yes: /locations/visakhapatnam.html | material/grade overlap: index.html | form overlap: materials/stainless-steel.html,Low,4,locations/visakhapatnam.html where present; materials hub; product-forms.html; quotation.html,city page; material/grade page; relevant form page; quotation.html; contact.html,"Scores buyer/RFQ/gap/industry/strategy/depth/linking/dup/safety=4/4/4/4/4/4/4/4/5. Build as a strong RFQ-led page; no stock, price, delivery or false role claims."
36,Medium,India grade-form-city page,Stainless Steel,SS 304,pipes,Coimbatore,Tamil Nadu,,/materials/ss-304-pipes-coimbatore.html,SS 304 pipes Supplier in Coimbatore,SS 304 pipes supplier in Coimbatore,RFQ and comparison-led procurement page,pump and equipment buyer intent,yes: /locations/coimbatore.html | material/grade overlap: index.html | form overlap: materials/stainless-steel.html,Low,4,locations/coimbatore.html where present; materials hub; product-forms.html; quotation.html,city page; material/grade page; relevant form page; quotation.html; contact.html,"Scores buyer/RFQ/gap/industry/strategy/depth/linking/dup/safety=4/4/4/4/4/4/4/4/5. Build as a strong RFQ-led page; no stock, price, delivery or false role claims."
37,Medium,India grade-form-city page,Stainless Steel,SS 316L,fittings,Vadodara,Gujarat,,/materials/ss-316l-fittings-vadodara.html,SS 316L fittings Supplier in Vadodara,SS 316L fittings supplier in Vadodara,RFQ and comparison-led procurement page,chemical and process piping RFQs,yes: /locations/vadodara.html | material/grade overlap: index.html | form overlap: materials/stainless-steel.html,Low,4,locations/vadodara.html where present; materials hub; product-forms.html; quotation.html,city page; material/grade page; relevant form page; quotation.html; contact.html,"Scores buyer/RFQ/gap/industry/strategy/depth/linking/dup/safety=4/4/4/4/4/4/4/4/5. Build as a strong RFQ-led page; no stock, price, delivery or false role claims."
38,Medium,India material-form-city page,Stainless Steel,,angles,Ghaziabad,Uttar Pradesh,,/materials/stainless-steel-angles-ghaziabad.html,Stainless Steel angles Supplier in Ghaziabad,Stainless Steel angles supplier in Ghaziabad,RFQ and comparison-led procurement page,NCR fabrication enquiries,yes: /locations/ghaziabad.html | material/grade overlap: index.html | form overlap: materials/ss-202-supplier-india.html,Low,4,locations/ghaziabad.html where present; materials hub; product-forms.html; quotation.html,city page; material/grade page; relevant form page; quotation.html; contact.html,"Scores buyer/RFQ/gap/industry/strategy/depth/linking/dup/safety=4/4/4/4/4/4/4/4/5. Build as a strong RFQ-led page; no stock, price, delivery or false role claims."
39,Medium,India grade-form-city page,Stainless Steel,SS 304,flats,Jaipur,Rajasthan,,/materials/ss-304-flats-jaipur.html,SS 304 flats Supplier in Jaipur,SS 304 flats supplier in Jaipur,RFQ and comparison-led procurement page,regional fabrication and engineering RFQs,yes: /locations/jaipur.html | material/grade overlap: index.html | form overlap: materials/ss-202-supplier-india.html,Low,4,locations/jaipur.html where present; materials hub; product-forms.html; quotation.html,city page; material/grade page; relevant form page; quotation.html; contact.html,"Scores buyer/RFQ/gap/industry/strategy/depth/linking/dup/safety=4/4/4/4/4/4/4/4/5. Build as a strong RFQ-led page; no stock, price, delivery or false role claims."
40,Medium,India grade-form-city page,Stainless Steel,SS 316,plates,Surat,Gujarat,,/materials/ss-316-plates-surat.html,SS 316 plates Supplier in Surat,SS 316 plates supplier in Surat,RFQ and comparison-led procurement page,process and fabrication RFQs,yes: /locations/surat.html | material/grade overlap: index.html | form overlap: materials/stainless-steel.html,Low,4,locations/surat.html where present; materials hub; product-forms.html; quotation.html,city page; material/grade page; relevant form page; quotation.html; contact.html,"Scores buyer/RFQ/gap/industry/strategy/depth/linking/dup/safety=4/4/4/4/4/4/4/4/5. Build as a strong RFQ-led page; no stock, price, delivery or false role claims."
41,Medium,India grade-form-city page,Stainless Steel,SS 304,rods,Jamshedpur,Jharkhand,,/materials/ss-304-rods-jamshedpur.html,SS 304 rods Supplier in Jamshedpur,SS 304 rods supplier in Jamshedpur,RFQ and comparison-led procurement page,engineering and bar procurement,yes: /locations/jamshedpur.html | material/grade overlap: index.html | form overlap: materials/ss-202-supplier-india.html,Low,4,locations/jamshedpur.html where present; materials hub; product-forms.html; quotation.html,city page; material/grade page; relevant form page; quotation.html; contact.html,"Scores buyer/RFQ/gap/industry/strategy/depth/linking/dup/safety=4/4/4/4/4/4/4/4/5. Build as a strong RFQ-led page; no stock, price, delivery or false role claims."
42,Medium,India grade-form-city page,Stainless Steel,SS 420,round bars,Chennai,Tamil Nadu,,/materials/ss-420-round-bars-chennai.html,SS 420 round bars Supplier in Chennai,SS 420 round bars supplier in Chennai,RFQ and comparison-led procurement page,bar and machining enquiries,yes: /locations/chennai.html | material/grade overlap: index.html | form overlap: materials/stainless-steel.html,Low,4,locations/chennai.html where present; materials hub; product-forms.html; quotation.html,city page; material/grade page; relevant form page; quotation.html; contact.html,"Scores buyer/RFQ/gap/industry/strategy/depth/linking/dup/safety=4/4/4/4/4/4/4/4/5. Build as a strong RFQ-led page; no stock, price, delivery or false role claims."
43,Medium,India grade-form-city page,Stainless Steel,SS 310,sheets,Hyderabad,Telangana,,/materials/ss-310-sheets-hyderabad.html,SS 310 sheets Supplier in Hyderabad,SS 310 sheets supplier in Hyderabad,RFQ and comparison-led procurement page,high-temperature service RFQs,yes: /locations/hyderabad.html | material/grade overlap: index.html | form overlap: materials/stainless-steel.html,Low,4,locations/hyderabad.html where present; materials hub; product-forms.html; quotation.html,city page; material/grade page; relevant form page; quotation.html; contact.html,"Scores buyer/RFQ/gap/industry/strategy/depth/linking/dup/safety=4/4/4/4/4/4/4/4/5. Build as a strong RFQ-led page; no stock, price, delivery or false role claims."
44,Medium,India grade-form-region page,Stainless Steel,SS 304,seamless pipes,Delhi NCR,Delhi NCR,,/materials/ss-304-seamless-pipes-delhi-ncr.html,SS 304 seamless pipes Supplier in Delhi NCR,SS 304 seamless pipes supplier in Delhi NCR,RFQ and comparison-led procurement page,NCR project piping enquiries,partial: /locations/delhi.html | material/grade overlap: index.html | form overlap: materials/astm-a335-p11-pipe-supplier-india.html,Low,4,locations/delhi-ncr.html where present; materials hub; product-forms.html; quotation.html,city page; material/grade page; relevant form page; quotation.html; contact.html,"Scores buyer/RFQ/gap/industry/strategy/depth/linking/dup/safety=4/4/4/4/4/4/4/4/5. Build as a strong RFQ-led page; no stock, price, delivery or false role claims."
45,Medium,India grade-form-city page,Stainless Steel,SS 316,tubes,Bengaluru,Karnataka,,/materials/ss-316-tubes-bengaluru.html,SS 316 tubes Supplier in Bengaluru,SS 316 tubes supplier in Bengaluru,RFQ and comparison-led procurement page,precision and process equipment RFQs,yes: /locations/bengaluru.html | material/grade overlap: index.html | form overlap: materials/ss-201-supplier-india.html,Low,4,locations/bengaluru.html where present; materials hub; product-forms.html; quotation.html,city page; material/grade page; relevant form page; quotation.html; contact.html,"Scores buyer/RFQ/gap/industry/strategy/depth/linking/dup/safety=4/4/4/4/4/4/4/4/5. Build as a strong RFQ-led page; no stock, price, delivery or false role claims."
46,Medium,India grade-form-city page,Stainless Steel,SS 304,wire mesh,Mumbai,Maharashtra,,/materials/ss-304-wire-mesh-mumbai.html,SS 304 wire mesh Supplier in Mumbai,SS 304 wire mesh supplier in Mumbai,RFQ and comparison-led procurement page,filter and screen applications,yes: /locations/mumbai.html | material/grade overlap: index.html | form overlap: materials/stainless-steel-wire-mesh-supplier-india.html,Low,4,locations/mumbai.html where present; materials hub; product-forms.html; quotation.html,city page; material/grade page; relevant form page; quotation.html; contact.html,"Scores buyer/RFQ/gap/industry/strategy/depth/linking/dup/safety=4/4/4/4/4/4/4/4/5. Build as a strong RFQ-led page; no stock, price, delivery or false role claims."
47,Medium,India grade-form-city page,Stainless Steel,SS 316L,sheets,Pune,Maharashtra,,/materials/ss-316l-sheets-pune.html,SS 316L sheets Supplier in Pune,SS 316L sheets supplier in Pune,RFQ and comparison-led procurement page,pharma and food-equipment procurement,yes: /locations/pune.html | material/grade overlap: index.html | form overlap: materials/stainless-steel.html,Low,4,locations/pune.html where present; materials hub; product-forms.html; quotation.html,city page; material/grade page; relevant form page; quotation.html; contact.html,"Scores buyer/RFQ/gap/industry/strategy/depth/linking/dup/safety=4/4/4/4/4/4/4/4/5. Build as a strong RFQ-led page; no stock, price, delivery or false role claims."
48,Low,India material-form-city page,Stainless Steel,,fasteners,Chennai,Tamil Nadu,,/materials/stainless-steel-fasteners-chennai.html,Stainless Steel fasteners Supplier in Chennai,Stainless Steel fasteners supplier in Chennai,RFQ and comparison-led procurement page,assembly and maintenance RFQs,yes: /locations/chennai.html | material/grade overlap: index.html | form overlap: materials/ss-202-supplier-india.html,Medium,3,locations/chennai.html where present; materials hub; product-forms.html; quotation.html,city page; material/grade page; relevant form page; quotation.html; contact.html,"Scores buyer/RFQ/gap/industry/strategy/depth/linking/dup/safety=3/3/3/3/3/3/4/4/5. Build as a strong RFQ-led page; no stock, price, delivery or false role claims."
49,Low,India grade-form-city page,Stainless Steel,SS 304,flanges,Kochi,Kerala,,/materials/ss-304-flanges-kochi.html,SS 304 flanges Supplier in Kochi,SS 304 flanges supplier in Kochi,RFQ and comparison-led procurement page,marine and process RFQs; no current city page,no existing city page | material/grade overlap: index.html | form overlap: materials/stainless-steel-supplier-mumbai.html,Medium,3,locations/kochi.html where present; materials hub; product-forms.html; quotation.html,city page; material/grade page; relevant form page; quotation.html; contact.html,"Scores buyer/RFQ/gap/industry/strategy/depth/linking/dup/safety=3/3/3/3/3/3/4/4/5. Build as a strong RFQ-led page; no stock, price, delivery or false role claims."
50,Low,India grade-form-city page,Stainless Steel,SS 316,sheets,Rourkela,Odisha,,/materials/ss-316-sheets-rourkela.html,SS 316 sheets Supplier in Rourkela,SS 316 sheets supplier in Rourkela,RFQ and comparison-led procurement page,form-specific steel-belt opportunity,no existing city page | material/grade overlap: index.html | form overlap: materials/stainless-steel.html,Medium,3,locations/rourkela.html where present; materials hub; product-forms.html; quotation.html,city page; material/grade page; relevant form page; quotation.html; contact.html,"Scores buyer/RFQ/gap/industry/strategy/depth/linking/dup/safety=3/3/3/3/3/3/4/4/5. Build as a strong RFQ-led page; no stock, price, delivery or false role claims."
51,Low,India grade-form-city page,Stainless Steel,SS 304,welded pipes,Bhiwadi,Rajasthan,,/materials/ss-304-welded-pipes-bhiwadi.html,SS 304 welded pipes Supplier in Bhiwadi,SS 304 welded pipes supplier in Bhiwadi,RFQ and comparison-led procurement page,NCR-adjacent industrial enquiries,no existing city page | material/grade overlap: index.html | form overlap: materials/stainless-steel-pipes-supplier-india.html,Medium,3,locations/bhiwadi.html where present; materials hub; product-forms.html; quotation.html,city page; material/grade page; relevant form page; quotation.html; contact.html,"Scores buyer/RFQ/gap/industry/strategy/depth/linking/dup/safety=3/3/3/3/3/3/4/4/5. Build as a strong RFQ-led page; no stock, price, delivery or false role claims."
52,Low,India grade-form-city page,Stainless Steel,SS 316L,pipes,Kakinada,Andhra Pradesh,,/materials/ss-316l-pipes-kakinada.html,SS 316L pipes Supplier in Kakinada,SS 316L pipes supplier in Kakinada,RFQ and comparison-led procurement page,marine and process piping enquiries,yes: /locations/kakinada.html | material/grade overlap: index.html | form overlap: materials/stainless-steel.html,Medium,3,locations/kakinada.html where present; materials hub; product-forms.html; quotation.html,city page; material/grade page; relevant form page; quotation.html; contact.html,"Scores buyer/RFQ/gap/industry/strategy/depth/linking/dup/safety=3/3/3/3/3/3/4/4/5. Build as a strong RFQ-led page; no stock, price, delivery or false role claims."
53,Low,India grade-form-city page,Stainless Steel,SS 304,plates,Mangaluru,Karnataka,,/materials/ss-304-plates-mangaluru.html,SS 304 plates Supplier in Mangaluru,SS 304 plates supplier in Mangaluru,RFQ and comparison-led procurement page,marine and engineering RFQs,yes: /locations/mangaluru.html | material/grade overlap: index.html | form overlap: materials/stainless-steel.html,Medium,3,locations/mangaluru.html where present; materials hub; product-forms.html; quotation.html,city page; material/grade page; relevant form page; quotation.html; contact.html,"Scores buyer/RFQ/gap/industry/strategy/depth/linking/dup/safety=3/3/3/3/3/3/4/4/5. Build as a strong RFQ-led page; no stock, price, delivery or false role claims."
54,Low,India grade-form-city page,Stainless Steel,SS 430,coils,Surat,Gujarat,,/materials/ss-430-coils-surat.html,SS 430 coils Supplier in Surat,SS 430 coils supplier in Surat,RFQ and comparison-led procurement page,coil and sheet procurement,yes: /locations/surat.html | material/grade overlap: index.html | form overlap: materials/stainless-steel.html,Medium,3,locations/surat.html where present; materials hub; product-forms.html; quotation.html,city page; material/grade page; relevant form page; quotation.html; contact.html,"Scores buyer/RFQ/gap/industry/strategy/depth/linking/dup/safety=3/3/3/3/3/3/4/4/5. Build as a strong RFQ-led page; no stock, price, delivery or false role claims."
55,Low,India material-form-city page,Stainless Steel,,fittings,Secunderabad,Telangana,,/materials/stainless-steel-fittings-secunderabad.html,Stainless Steel fittings Supplier in Secunderabad,Stainless Steel fittings supplier in Secunderabad,RFQ and comparison-led procurement page,Hyderabad-adjacent demand; avoid overlap,no existing city page | material/grade overlap: index.html | form overlap: materials/stainless-steel.html,Medium,3,locations/secunderabad.html where present; materials hub; product-forms.html; quotation.html,city page; material/grade page; relevant form page; quotation.html; contact.html,"Scores buyer/RFQ/gap/industry/strategy/depth/linking/dup/safety=3/3/3/3/3/3/4/4/5. Build as a strong RFQ-led page; no stock, price, delivery or false role claims."
56,Low,India grade-form-cluster page,Stainless Steel,SS 304,rods,Peenya / Bengaluru,Karnataka,,/materials/ss-304-rods-peenya-bengaluru.html,SS 304 rods Supplier in Peenya / Bengaluru,SS 304 rods supplier in Peenya / Bengaluru,RFQ and comparison-led procurement page,machine-tool and precision cluster RFQs,partial: /locations/bengaluru.html | material/grade overlap: index.html | form overlap: materials/ss-202-supplier-india.html,Medium,3,locations/peenya-bengaluru.html where present; materials hub; product-forms.html; quotation.html,city page; material/grade page; relevant form page; quotation.html; contact.html,"Scores buyer/RFQ/gap/industry/strategy/depth/linking/dup/safety=3/3/3/3/3/3/4/4/5. Build as a strong RFQ-led page; no stock, price, delivery or false role claims."
57,High,Export material-form-country page,Nickel Alloys,Nickel Alloy,pipes,,,UAE,/export/nickel-alloy-pipes-uae.html,Nickel Alloy pipes Supplier for UAE,Nickel Alloy pipes supplier for UAE,RFQ and comparison-led procurement page,"oil and gas, marine and process export enquiries",yes: /export/uae.html | material/grade overlap: index.html | form overlap: materials/stainless-steel.html,Low,5,export/uae.html; materials hub; quotation.html,material/grade page; export country page; quotation.html; contact.html,"Scores buyer/RFQ/gap/industry/strategy/depth/linking/dup/safety=5/5/5/5/5/5/4/4/4. Build as a strong RFQ-led page; no stock, price, delivery or false role claims."
58,High,Export grade-form-country page,Duplex & Super Duplex,Super Duplex 2507,pipes,,,UAE,/export/super-duplex-2507-pipes-uae.html,Super Duplex 2507 pipes Supplier for UAE,Super Duplex 2507 pipes supplier for UAE,RFQ and comparison-led procurement page,seawater and marine export enquiries,yes: /export/uae.html | material/grade overlap: index.html | form overlap: materials/stainless-steel.html,Low,5,export/uae.html; materials hub; quotation.html,material/grade page; export country page; quotation.html; contact.html,"Scores buyer/RFQ/gap/industry/strategy/depth/linking/dup/safety=5/5/5/5/5/5/4/4/4. Build as a strong RFQ-led page; no stock, price, delivery or false role claims."
59,High,Export grade-form-country page,Nickel Alloys,Inconel 625,flanges,,,Saudi Arabia,/export/inconel-625-flanges-saudi-arabia.html,Inconel 625 flanges Supplier for Saudi Arabia,Inconel 625 flanges supplier for Saudi Arabia,RFQ and comparison-led procurement page,oil and gas and process project enquiries,yes: /export/saudi-arabia.html | material/grade overlap: index.html | form overlap: materials/stainless-steel-supplier-mumbai.html,Low,5,export/saudi-arabia.html; materials hub; quotation.html,material/grade page; export country page; quotation.html; contact.html,"Scores buyer/RFQ/gap/industry/strategy/depth/linking/dup/safety=5/5/5/5/5/5/4/4/4. Build as a strong RFQ-led page; no stock, price, delivery or false role claims."
60,Medium,Export material-form-country page,Duplex & Super Duplex,Duplex Steel,fittings,,,Qatar,/export/duplex-steel-fittings-qatar.html,Duplex Steel fittings Supplier for Qatar,Duplex Steel fittings supplier for Qatar,RFQ and comparison-led procurement page,"seawater, marine and infrastructure RFQs",yes: /export/qatar.html | material/grade overlap: index.html | form overlap: materials/stainless-steel.html,Low,4,export/qatar.html; materials hub; quotation.html,material/grade page; export country page; quotation.html; contact.html,"Scores buyer/RFQ/gap/industry/strategy/depth/linking/dup/safety=4/4/4/4/4/4/4/4/4. Build as a strong RFQ-led page; no stock, price, delivery or false role claims."
61,Medium,Export grade-form-country page,Nickel Alloys,Hastelloy C276,sheets,,,Singapore,/export/hastelloy-c276-sheets-singapore.html,Hastelloy C276 sheets Supplier for Singapore,Hastelloy C276 sheets supplier for Singapore,RFQ and comparison-led procurement page,"marine, process and regional trade enquiries",yes: /export/singapore.html | material/grade overlap: index.html | form overlap: materials/stainless-steel.html,Low,4,export/singapore.html; materials hub; quotation.html,material/grade page; export country page; quotation.html; contact.html,"Scores buyer/RFQ/gap/industry/strategy/depth/linking/dup/safety=4/4/4/4/4/4/4/4/4. Build as a strong RFQ-led page; no stock, price, delivery or false role claims."
62,Medium,India grade-form-city page,Nickel Alloys,Monel 400,sheets,Mumbai,Maharashtra,,/materials/monel-400-sheets-mumbai.html,Monel 400 sheets Supplier in Mumbai,Monel 400 sheets supplier in Mumbai,RFQ and comparison-led procurement page,marine and corrosion-service RFQs,yes: /locations/mumbai.html | material/grade overlap: index.html | form overlap: materials/stainless-steel.html,Low,4,locations/mumbai.html where present; materials hub; product-forms.html; quotation.html,city page; material/grade page; relevant form page; quotation.html; contact.html,"Scores buyer/RFQ/gap/industry/strategy/depth/linking/dup/safety=4/4/4/4/4/4/4/4/5. Build as a strong RFQ-led page; no stock, price, delivery or false role claims."
63,Medium,India material-form-city page,Nickel Alloys,Nickel Alloy,rods,Indore / Pithampur,Madhya Pradesh,,/materials/nickel-alloy-rods-indore-pithampur.html,Nickel Alloy rods Supplier in Indore / Pithampur,Nickel Alloy rods supplier in Indore / Pithampur,RFQ and comparison-led procurement page,engineering and project RFQs,yes: /locations/indore-pithampur.html | material/grade overlap: index.html | form overlap: materials/ss-202-supplier-india.html,Low,4,locations/indore-pithampur.html where present; materials hub; product-forms.html; quotation.html,city page; material/grade page; relevant form page; quotation.html; contact.html,"Scores buyer/RFQ/gap/industry/strategy/depth/linking/dup/safety=4/4/4/4/4/4/4/4/5. Build as a strong RFQ-led page; no stock, price, delivery or false role claims."
64,Medium,Export grade-form-country page,Duplex & Super Duplex,Super Duplex 2507,plates,,,Saudi Arabia,/export/super-duplex-2507-plates-saudi-arabia.html,Super Duplex 2507 plates Supplier for Saudi Arabia,Super Duplex 2507 plates supplier for Saudi Arabia,RFQ and comparison-led procurement page,desalination and process project enquiries,yes: /export/saudi-arabia.html | material/grade overlap: index.html | form overlap: materials/stainless-steel.html,Low,4,export/saudi-arabia.html; materials hub; quotation.html,material/grade page; export country page; quotation.html; contact.html,"Scores buyer/RFQ/gap/industry/strategy/depth/linking/dup/safety=4/4/4/4/4/4/4/4/4. Build as a strong RFQ-led page; no stock, price, delivery or false role claims."
65,Medium,India grade-form-city page,Duplex & Super Duplex,Duplex 2205,round bars,Pune,Maharashtra,,/materials/duplex-2205-round-bars-pune.html,Duplex 2205 round bars Supplier in Pune,Duplex 2205 round bars supplier in Pune,RFQ and comparison-led procurement page,engineering and machining RFQs,yes: /locations/pune.html | material/grade overlap: index.html | form overlap: materials/stainless-steel.html,Low,4,locations/pune.html where present; materials hub; product-forms.html; quotation.html,city page; material/grade page; relevant form page; quotation.html; contact.html,"Scores buyer/RFQ/gap/industry/strategy/depth/linking/dup/safety=4/4/4/4/4/4/4/4/5. Build as a strong RFQ-led page; no stock, price, delivery or false role claims."
66,Medium,India grade-form-city page,Nickel Alloys,Inconel 600,tubes,Chennai,Tamil Nadu,,/materials/inconel-600-tubes-chennai.html,Inconel 600 tubes Supplier in Chennai,Inconel 600 tubes supplier in Chennai,RFQ and comparison-led procurement page,heat-service and process equipment RFQs,yes: /locations/chennai.html | material/grade overlap: index.html | form overlap: materials/ss-201-supplier-india.html,Low,4,locations/chennai.html where present; materials hub; product-forms.html; quotation.html,city page; material/grade page; relevant form page; quotation.html; contact.html,"Scores buyer/RFQ/gap/industry/strategy/depth/linking/dup/safety=4/4/4/4/4/4/4/4/5. Build as a strong RFQ-led page; no stock, price, delivery or false role claims."
67,Medium,India grade-form-city page,Nickel Alloys,Monel K500,round bars,Bengaluru,Karnataka,,/materials/monel-k500-round-bars-bengaluru.html,Monel K500 round bars Supplier in Bengaluru,Monel K500 round bars supplier in Bengaluru,RFQ and comparison-led procurement page,marine and precision engineering enquiries,yes: /locations/bengaluru.html | material/grade overlap: index.html | form overlap: materials/stainless-steel.html,Low,4,locations/bengaluru.html where present; materials hub; product-forms.html; quotation.html,city page; material/grade page; relevant form page; quotation.html; contact.html,"Scores buyer/RFQ/gap/industry/strategy/depth/linking/dup/safety=4/4/4/4/4/4/4/4/5. Build as a strong RFQ-led page; no stock, price, delivery or false role claims."
68,Medium,India grade-form-city page,Nickel Alloys,Hastelloy C22,plates,Mumbai,Maharashtra,,/materials/hastelloy-c22-plates-mumbai.html,Hastelloy C22 plates Supplier in Mumbai,Hastelloy C22 plates supplier in Mumbai,RFQ and comparison-led procurement page,corrosion-service procurement,yes: /locations/mumbai.html | material/grade overlap: index.html | form overlap: materials/stainless-steel.html,Low,4,locations/mumbai.html where present; materials hub; product-forms.html; quotation.html,city page; material/grade page; relevant form page; quotation.html; contact.html,"Scores buyer/RFQ/gap/industry/strategy/depth/linking/dup/safety=4/4/4/4/4/4/4/4/5. Build as a strong RFQ-led page; no stock, price, delivery or false role claims."
69,Medium,India grade-form-city page,Nickel Alloys,Nickel 200,sheets,Ahmedabad,Gujarat,,/materials/nickel-200-sheets-ahmedabad.html,Nickel 200 sheets Supplier in Ahmedabad,Nickel 200 sheets supplier in Ahmedabad,RFQ and comparison-led procurement page,chemical and electrical use-case RFQs,yes: /locations/ahmedabad.html | material/grade overlap: index.html | form overlap: materials/stainless-steel.html,Low,4,locations/ahmedabad.html where present; materials hub; product-forms.html; quotation.html,city page; material/grade page; relevant form page; quotation.html; contact.html,"Scores buyer/RFQ/gap/industry/strategy/depth/linking/dup/safety=4/4/4/4/4/4/4/4/5. Build as a strong RFQ-led page; no stock, price, delivery or false role claims."
70,Low,Export grade-form-country page,Duplex & Super Duplex,Duplex 2205,fittings,,,Oman,/export/duplex-2205-fittings-oman.html,Duplex 2205 fittings Supplier for Oman,Duplex 2205 fittings supplier for Oman,RFQ and comparison-led procurement page,marine and process export enquiries,yes: /export/oman.html | material/grade overlap: index.html | form overlap: materials/stainless-steel.html,Medium,3,export/oman.html; materials hub; quotation.html,material/grade page; export country page; quotation.html; contact.html,"Scores buyer/RFQ/gap/industry/strategy/depth/linking/dup/safety=3/3/3/3/3/3/4/4/4. Build as a strong RFQ-led page; no stock, price, delivery or false role claims."
71,Low,Export grade-form-country page,Duplex & Super Duplex,Super Duplex,fasteners,,,Kuwait,/export/super-duplex-fasteners-kuwait.html,Super Duplex fasteners Supplier for Kuwait,Super Duplex fasteners supplier for Kuwait,RFQ and comparison-led procurement page,project and corrosion-service RFQs,yes: /export/kuwait.html | material/grade overlap: index.html | form overlap: materials/ss-202-supplier-india.html,Medium,3,export/kuwait.html; materials hub; quotation.html,material/grade page; export country page; quotation.html; contact.html,"Scores buyer/RFQ/gap/industry/strategy/depth/linking/dup/safety=3/3/3/3/3/3/4/4/4. Build as a strong RFQ-led page; no stock, price, delivery or false role claims."
72,Low,Export grade-form-country page,Nickel Alloys,Inconel 718,rods,,,Germany,/export/inconel-718-rods-germany.html,Inconel 718 rods Supplier for Germany,Inconel 718 rods supplier for Germany,RFQ and comparison-led procurement page,precision engineering export enquiries,yes: /export/germany.html | material/grade overlap: index.html | form overlap: materials/ss-202-supplier-india.html,Medium,3,export/germany.html; materials hub; quotation.html,material/grade page; export country page; quotation.html; contact.html,"Scores buyer/RFQ/gap/industry/strategy/depth/linking/dup/safety=3/3/3/3/3/3/4/4/4. Build as a strong RFQ-led page; no stock, price, delivery or false role claims."
73,Low,Export material-form-country page,Nickel Alloys,Nickel Alloy,flanges,,,Netherlands,/export/nickel-alloy-flanges-netherlands.html,Nickel Alloy flanges Supplier for Netherlands,Nickel Alloy flanges supplier for Netherlands,RFQ and comparison-led procurement page,port-linked trade and process RFQs,yes: /export/netherlands.html | material/grade overlap: index.html | form overlap: materials/stainless-steel-supplier-mumbai.html,Medium,3,export/netherlands.html; materials hub; quotation.html,material/grade page; export country page; quotation.html; contact.html,"Scores buyer/RFQ/gap/industry/strategy/depth/linking/dup/safety=3/3/3/3/3/3/4/4/4. Build as a strong RFQ-led page; no stock, price, delivery or false role claims."
74,Low,Export grade-form-country page,Nickel Alloys,Hastelloy C276,pipes,,,United States,/export/hastelloy-c276-pipes-united-states.html,Hastelloy C276 pipes Supplier for United States,Hastelloy C276 pipes supplier for United States,RFQ and comparison-led procurement page,process and corrosion-service enquiries,yes: /export/usa.html | material/grade overlap: index.html | form overlap: materials/stainless-steel.html,Medium,3,export/usa.html; materials hub; quotation.html,material/grade page; export country page; quotation.html; contact.html,"Scores buyer/RFQ/gap/industry/strategy/depth/linking/dup/safety=3/3/3/3/3/3/4/4/4. Build as a strong RFQ-led page; no stock, price, delivery or false role claims."
75,High,India material-form-city page,Carbon Steel,,plates,Ahmedabad,Gujarat,,/materials/carbon-steel-plates-ahmedabad.html,Carbon Steel plates Supplier in Ahmedabad,Carbon Steel plates supplier in Ahmedabad,RFQ and comparison-led procurement page,engineering and process support RFQs,yes: /locations/ahmedabad.html | material/grade overlap: locations.html | form overlap: materials/stainless-steel.html,Low,5,locations/ahmedabad.html where present; materials hub; product-forms.html; quotation.html,city page; material/grade page; relevant form page; quotation.html; contact.html,"Scores buyer/RFQ/gap/industry/strategy/depth/linking/dup/safety=5/5/5/5/5/5/4/4/5. Build as a strong RFQ-led page; no stock, price, delivery or false role claims."
76,Medium,India material-form-city page,Brass,,rods,Chennai,Tamil Nadu,,/materials/brass-rods-chennai.html,Brass rods Supplier in Chennai,Brass rods supplier in Chennai,RFQ and comparison-led procurement page,commercial fabrication and engineering RFQs,yes: /locations/chennai.html | material/grade overlap: locations.html | form overlap: materials/ss-202-supplier-india.html,Low,4,locations/chennai.html where present; materials hub; product-forms.html; quotation.html,city page; material/grade page; relevant form page; quotation.html; contact.html,"Scores buyer/RFQ/gap/industry/strategy/depth/linking/dup/safety=4/4/4/4/4/4/4/4/5. Build as a strong RFQ-led page; no stock, price, delivery or false role claims."
77,Medium,India grade-form-city page,High Speed Steel,HSS M35,rods,Pune,Maharashtra,,/materials/hss-m35-rods-pune.html,HSS M35 rods Supplier in Pune,HSS M35 rods supplier in Pune,RFQ and comparison-led procurement page,machine-tool and cutting-tool buyer intent,yes: /locations/pune.html | material/grade overlap: materials/mild-steel-a500-supplier-india.html | form overlap: materials/ss-202-supplier-india.html,Low,4,locations/pune.html where present; materials hub; product-forms.html; quotation.html,city page; material/grade page; relevant form page; quotation.html; contact.html,"Scores buyer/RFQ/gap/industry/strategy/depth/linking/dup/safety=4/4/4/4/4/4/4/4/5. Build as a strong RFQ-led page; no stock, price, delivery or false role claims."
78,Medium,India grade-form-city page,Copper,Copper C110,sheets,Mumbai,Maharashtra,,/materials/copper-c110-sheets-mumbai.html,Copper C110 sheets Supplier in Mumbai,Copper C110 sheets supplier in Mumbai,RFQ and comparison-led procurement page,electrical and heat-transfer procurement,yes: /locations/mumbai.html | material/grade overlap: locations.html | form overlap: materials/stainless-steel.html,Low,4,locations/mumbai.html where present; materials hub; product-forms.html; quotation.html,city page; material/grade page; relevant form page; quotation.html; contact.html,"Scores buyer/RFQ/gap/industry/strategy/depth/linking/dup/safety=4/4/4/4/4/4/4/4/5. Build as a strong RFQ-led page; no stock, price, delivery or false role claims."
79,Medium,Export material-form-country page,Aluminium,,sheets,,,UAE,/export/aluminium-sheets-uae.html,Aluminium sheets Supplier for UAE,Aluminium sheets supplier for UAE,RFQ and comparison-led procurement page,commercial fabrication and interiors RFQs,yes: /export/uae.html | material/grade overlap: locations.html | form overlap: materials/stainless-steel.html,Low,4,export/uae.html; materials hub; quotation.html,material/grade page; export country page; quotation.html; contact.html,"Scores buyer/RFQ/gap/industry/strategy/depth/linking/dup/safety=4/4/4/4/4/4/4/4/4. Build as a strong RFQ-led page; no stock, price, delivery or false role claims."
80,Low,India material-form-city page,Carbon Steel,,pipes,Mumbai,Maharashtra,,/materials/carbon-steel-pipes-mumbai.html,Carbon Steel pipes Supplier in Mumbai,Carbon Steel pipes supplier in Mumbai,RFQ and comparison-led procurement page,project and fabrication RFQs,yes: /locations/mumbai.html | material/grade overlap: locations.html | form overlap: materials/stainless-steel.html,Medium,3,locations/mumbai.html where present; materials hub; product-forms.html; quotation.html,city page; material/grade page; relevant form page; quotation.html; contact.html,"Scores buyer/RFQ/gap/industry/strategy/depth/linking/dup/safety=3/3/3/3/3/3/4/4/5. Build as a strong RFQ-led page; no stock, price, delivery or false role claims."
